structure_id,replicate,type,label_id,split,mean,std,max,total_contact,median,p95
CHIN_d2deb5271c6a5cdd,rep1,CHIN,0,train,76.763916015625,197.1618524740345,991.0,314425.0,6.0,663.0
CHIN_e75b43fe8984729d,rep1,CHIN,0,test,69.255615234375,179.9784935684819,986.0,283671.0,5.0,604.0
CHIN_ec0a221413a0122f,rep1,CHIN,0,train,73.670654296875,182.71068392856014,1019.0,301755.0,9.0,644.0
CHIN_813ba6e5d823057e,rep1,CHIN,0,train,71.988037109375,178.14850476349042,922.0,294863.0,9.0,607.0
CHIN_72b6b435a0910cba,rep1,CHIN,0,train,70.6181640625,174.75844713732175,968.0,289252.0,9.0,590.0
CHIN_8bc99ad127e36986,rep1,CHIN,0,train,65.156494140625,169.62398003048042,958.0,266881.0,6.0,560.0
CHIN_7f578107de94ae33,rep1,CHIN,0,train,65.921630859375,176.6932700488149,999.0,270015.0,4.0,575.0
CHIN_ebff8dd814b0e30d,rep1,CHIN,0,train,81.537109375,208.3727096404284,1100.0,333976.0,6.0,694.0
CHIN_5e96eb45b53473d8,rep1,CHIN,0,train,64.80810546875,171.18228529138938,959.0,265454.0,5.0,554.0
CHIN_6f0fc226dcac97e0,rep1,CHIN,0,test,69.165283203125,181.7370766119207,958.0,283301.0,5.0,610.0
CHIN_95865e7aff35770d,rep1,CHIN,0,test,65.61328125,182.9883698900415,1017.0,268752.0,5.0,622.0
CHIN_347c5b87a6218f43,rep1,CHIN,0,test,60.609619140625,171.91368370144437,1058.0,248257.0,4.0,560.0
CHIN_5a72ba4e9470db3b,rep1,CHIN,0,test,69.693359375,185.54852095281467,986.0,285464.0,4.0,619.0
CHIN_4c5f156d9cc89829,rep1,CHIN,0,train,59.79833984375,165.03687548751455,935.0,244934.0,5.0,533.0
CHIN_845f263abdb730a3,rep1,CHIN,0,train,68.552490234375,177.76725500442015,929.0,280791.0,5.0,600.0
CHIN_041bcc227cd53ba1,rep1,CHIN,0,train,70.3154296875,187.42749279359603,958.0,288012.0,4.0,630.0
CHIN_532567826674af80,rep1,CHIN,0,train,59.8291015625,163.5789185396427,955.0,245060.0,2.0,552.0
CHIN_7398738e11297691,rep1,CHIN,0,train,47.457275390625,142.04856237584826,856.0,194385.0,4.0,442.0
CHIN_b10a121ad52a995a,rep1,CHIN,0,train,66.86572265625,176.98798025060546,1153.0,273882.0,8.0,572.0
CHIN_312a74a025dbb29e,rep1,CHIN,0,train,60.46142578125,165.99198427653337,1032.0,247650.0,3.0,530.0
CHIN_28ce20abf9be7e23,rep1,CHIN,0,train,64.609619140625,168.878520779047,899.0,264641.0,4.0,561.0
CHIN_0dd4c64ce8f39b0c,rep1,CHIN,0,train,94.015380859375,210.33024049376147,1083.0,385087.0,17.0,723.0
CHIN_fba1a86abad8c7a7,rep1,CHIN,0,test,72.54931640625,183.57829724734844,1031.0,297162.0,8.0,618.0
CHIN_71efee1581148a83,rep1,CHIN,0,train,71.58349609375,187.43870055541447,1061.0,293206.0,5.0,603.0
CHIN_80c12c16922655e6,rep1,CHIN,0,train,48.81201171875,146.08476179655466,982.0,199934.0,2.0,454.0
CHIN_8eb17f66486b0cb3,rep1,CHIN,0,train,59.513916015625,161.6383444489217,934.0,243769.0,3.0,540.0
CHIN_756380c51ed71de1,rep1,CHIN,0,train,57.4443359375,156.56482136237022,925.0,235292.0,3.0,504.0
CHIN_765ae5aaa92eba4c,rep1,CHIN,0,val,55.13134765625,152.9873116092253,860.0,225818.0,2.0,498.0
CHIN_0665f54cdc25bc86,rep1,CHIN,0,train,59.538818359375,158.1762082255221,885.0,243871.0,5.0,522.0
CHIN_24c69819d9eb0ea3,rep1,CHIN,0,train,58.27783203125,155.38720837994487,878.0,238706.0,5.0,502.0
CHIN_7f52b12dfe4fe133,rep1,CHIN,0,train,56.16357421875,151.93561065939647,848.0,230046.0,4.0,507.0
CHIN_7a803da6ac58d221,rep1,CHIN,0,train,44.812255859375,141.59699550803782,879.0,183551.0,2.0,449.0
CHIN_a63720d7766d7461,rep1,CHIN,0,train,42.45947265625,129.26725328402748,856.0,173914.0,3.0,371.0
CHIN_8df27ebe669975c4,rep1,CHIN,0,train,53.568115234375,144.5415106120119,933.0,219415.0,6.0,475.0
CHIN_33fec0705cfb277a,rep1,CHIN,0,train,54.194580078125,144.90992952762957,885.0,221981.0,5.0,467.0
CHIN_a1e86caa5ea8ad7a,rep1,CHIN,0,test,50.258056640625,139.379290007311,794.0,205857.0,3.0,458.0
CHIN_037eac2ae9ec84b3,rep1,CHIN,0,train,59.540771484375,162.89739958271605,854.0,243879.0,2.0,532.0
CHIN_79b92fd133c7aa25,rep1,CHIN,0,train,62.484375,169.17313342332352,1009.0,255936.0,4.0,540.0
CHIN_03da8349566fc478,rep1,CHIN,0,train,66.83837890625,173.84193625387707,1282.0,273770.0,6.0,535.5
CHIN_f93cc107dd51e45a,rep1,CHIN,0,train,66.1689453125,174.04027509722823,956.0,271028.0,5.0,581.0
CHIN_5112515e92b132f5,rep1,CHIN,0,train,57.3349609375,151.46765591852142,920.0,234844.0,5.0,487.0
CHIN_12300449726e7c4d,rep1,CHIN,0,train,54.8408203125,147.75853783003822,878.0,224628.0,5.0,482.0
CHIN_f6dd7eecdc24d3c3,rep1,CHIN,0,train,68.110107421875,178.9175292170146,1010.0,278979.0,5.0,583.0
CHIN_71544cab6749d657,rep1,CHIN,0,train,61.60107421875,168.13562942356552,866.0,252318.0,2.5,548.0
CHIN_101609e6a031b5b2,rep1,CHIN,0,test,23.705078125,94.91208377276124,792.0,97096.0,0.0,135.25
CHIN_31f753a6c5032426,rep1,CHIN,0,test,33.3544921875,115.89793091326739,824.0,136620.0,1.0,229.0
CHIN_d09cbcfd88a8bdfb,rep1,CHIN,0,test,58.27978515625,157.9961812902375,933.0,238714.0,3.0,516.0
CHIN_d42479337ed2ab90,rep1,CHIN,0,test,60.50732421875,162.95215173464132,968.0,247838.0,4.0,525.0
CHIN_0f74c85e412d80b9,rep1,CHIN,0,val,53.595703125,144.54848417887982,784.0,219528.0,4.0,468.0
CHIN_ca0f2dc213c43b19,rep1,CHIN,0,train,60.25732421875,162.11669394643306,882.0,246814.0,3.0,538.0
CHIN_8110991a73e48713,rep1,CHIN,0,train,64.776611328125,165.47295394164314,873.0,265325.0,6.0,571.0
CHIN_be03a3bd16796038,rep1,CHIN,0,train,52.842529296875,147.3634807767838,836.0,216443.0,2.0,492.0
CHIN_3b157ef6413ebd3b,rep1,CHIN,0,train,49.381591796875,137.57033230700554,759.0,202267.0,2.0,451.0
CHIN_a61eedfc4b0326fc,rep1,CHIN,0,val,51.05908203125,146.30303333834567,851.0,209138.0,3.0,489.0
CHIN_04e54383f38f765c,rep1,CHIN,0,val,50.64794921875,145.1211915604848,937.0,207454.0,4.0,481.0
CHIN_bc4243d412e56afc,rep1,CHIN,0,train,64.29638671875,167.45260828694322,981.0,263358.0,6.0,542.0
CHIN_73e1a314282c7e31,rep1,CHIN,0,train,56.959228515625,150.98716201566754,858.0,233305.0,4.0,512.0
CHIN_a305212f1c632ac0,rep1,CHIN,0,train,58.560546875,151.14817642439382,799.0,239864.0,5.0,526.0
CHIN_f8eacba8473838ef,rep1,CHIN,0,train,57.346435546875,150.4360421745608,799.0,234891.0,5.0,518.0
CHIN_f03aad61ac30b982,rep1,CHIN,0,train,44.489013671875,133.79850491826542,784.0,182227.0,3.0,396.0
CHIN_f2eb436a00c8388f,rep1,CHIN,0,train,38.5341796875,125.85835487525337,806.0,157836.0,1.0,324.0
CHIN_ed327955a26354f8,rep1,CHIN,0,test,60.771728515625,158.8896881473159,876.0,248921.0,5.0,531.0
CHIN_5d2c28e9756edcc4,rep1,CHIN,0,test,57.85009765625,152.13380081231074,836.0,236954.0,5.0,519.0
CHIN_81761ead4e5babcc,rep1,CHIN,0,train,60.501708984375,159.4603264144545,953.0,247815.0,5.0,520.0
CHIN_eece7eddb47ce44c,rep1,CHIN,0,train,59.187255859375,156.12363747806978,878.0,242431.0,4.0,522.0
CHIN_c7e63e408c4c9165,rep1,CHIN,0,test,68.0068359375,173.2122480179338,926.0,278556.0,6.0,579.0
CHIN_30fa1007486e99c0,rep1,CHIN,0,train,67.4755859375,168.7027549305021,945.0,276380.0,7.0,548.0
CHIN_0b96404ea31c5cc5,rep1,CHIN,0,train,66.4208984375,165.84941339248178,939.0,272060.0,7.0,538.0
CHIN_887aeb65ed02a486,rep1,CHIN,0,train,65.533935546875,174.3857770547921,912.0,268427.0,4.0,578.0
CHIN_a67bc4a756886582,rep1,CHIN,0,train,59.677001953125,154.65495844074508,969.0,244437.0,6.0,492.0
CHIN_66b05ab570831b8a,rep1,CHIN,0,train,64.836181640625,164.5835380158379,939.0,265569.0,7.0,547.0
CHIN_3ae2b7f708e898a3,rep1,CHIN,0,train,63.87841796875,157.792162560331,845.0,261646.0,10.0,531.0
CHIN_48fed281505db35a,rep1,CHIN,0,train,62.70068359375,157.0630666135866,874.0,256822.0,9.0,523.0
CHIN_1da809bfbf2865bd,rep1,CHIN,0,train,62.349609375,156.20248133633686,846.0,255384.0,9.0,523.0
CHIN_39d26f4e365a3b6a,rep1,CHIN,0,train,60.36083984375,155.26202075065206,868.0,247238.0,6.0,505.0
CHIN_f6588d529a4d5c83,rep1,CHIN,0,train,63.01513671875,164.13465902824194,873.0,258110.0,6.0,537.0
CHIN_6de429ae4e16dc37,rep1,CHIN,0,val,60.67431640625,158.15039749261385,834.0,248522.0,5.0,532.0
CHIN_8d5285e73ae7443e,rep1,CHIN,0,train,63.356689453125,166.54182994744414,913.0,259509.0,4.0,552.0
CHIN_a4b9b499b72e0971,rep1,CHIN,0,train,59.34765625,156.2290415142959,885.0,243088.0,3.0,527.0
CHIN_ca43f16bb916c0f9,rep1,CHIN,0,test,55.58203125,156.97568236164884,934.0,227664.0,6.0,509.0
CHIN_fc815dfb8c7f111c,rep1,CHIN,0,train,57.923828125,156.0792099665518,916.0,237256.0,3.0,517.0
CHIN_ca2ad0322ec77659,rep1,CHIN,0,train,60.325439453125,163.0861747297743,910.0,247093.0,3.0,536.0
CHIN_c194cc436f91eadf,rep1,CHIN,0,train,67.37548828125,176.10242082899342,950.0,275970.0,4.0,590.0
CHIN_080a3fd4b9cab15f,rep1,CHIN,0,train,68.5234375,179.16928381612624,929.0,280672.0,4.0,611.0
CHIN_b62b5345635fb8d8,rep1,CHIN,0,test,63.145751953125,161.16815842334145,851.0,258645.0,6.0,536.0
CHIN_20739850c2069452,rep1,CHIN,0,test,61.09521484375,156.17590810998115,850.0,250246.0,6.0,524.0
CHIN_9c9130eaf8d782b3,rep1,CHIN,0,train,59.798095703125,160.94429295823687,957.0,244933.0,3.0,516.0
CHIN_db627b41dbbead17,rep1,CHIN,0,train,46.005615234375,135.29871724591854,817.0,188439.0,3.0,415.0
CHIN_a8c0513faced91e6,rep1,CHIN,0,train,36.786865234375,122.83241025526837,813.0,150679.0,1.0,323.0
CHIN_bdc62f0b6d196924,rep1,CHIN,0,val,50.1796875,139.01418907141672,739.0,205536.0,2.0,469.0
CHIN_d45c7c6f4a11fa68,rep1,CHIN,0,train,45.58154296875,127.65669633934405,774.0,186702.0,2.0,405.0
CHIN_a836f1c637e50e10,rep1,CHIN,0,train,56.298828125,146.1601137992654,840.0,230600.0,5.0,467.0
CHIN_76e05e2f594dedf6,rep1,CHIN,0,train,59.4072265625,152.57146022477644,874.0,243332.0,5.0,506.0
CHIN_65f6e92014e70d27,rep1,CHIN,0,train,56.704833984375,147.96156442449876,817.0,232263.0,4.0,478.0
CHIN_bc406ed7cc5a05e9,rep1,CHIN,0,test,49.773193359375,135.8852614216803,843.0,203871.0,3.0,455.0
CHIN_43f7d66b2dcd0645,rep1,CHIN,0,train,50.2509765625,138.04988412475697,747.0,205828.0,3.0,458.0
CHIN_db385658b1636eac,rep1,CHIN,0,train,37.380615234375,130.46835855185438,882.0,153111.0,0.0,346.0
CHIN_a11de8d01a5ecd10,rep1,CHIN,0,train,45.18994140625,132.89900328672877,781.0,185098.0,3.0,414.0
CHIN_437d690d7167424d,rep1,CHIN,0,val,59.771728515625,162.54056402226584,1034.0,244825.0,4.0,517.0
CHIN_ea1e5b49df376026,rep1,CHIN,0,val,65.782470703125,172.8602550295921,979.0,269445.0,5.0,550.0
CHIN_c6c62ce7bb03095b,rep1,CHIN,0,test,58.848388671875,149.70839400216778,796.0,241043.0,6.0,514.0
CHIN_4fb329424e3dad09,rep1,CHIN,0,test,57.148681640625,152.82515001711636,787.0,234081.0,4.0,505.0
CHIN_0aff14c0f8d8b7e0,rep1,CHIN,0,train,82.904541015625,196.10169410921512,1202.0,339577.0,12.0,639.0
CHIN_1181d296a9d4466d,rep1,CHIN,0,train,74.770751953125,190.95997702710477,1035.0,306261.0,6.5,608.0
CHIN_2f14634f1542e0cf,rep1,CHIN,0,train,59.546875,156.6973385485635,884.0,243904.0,5.0,526.0
CHIN_2a056e8d00f0d57e,rep1,CHIN,0,train,58.531005859375,153.5195555017314,884.0,239743.0,5.0,531.0
CHIN_1b43b15c8ca43bcc,rep1,CHIN,0,test,66.067626953125,167.83890785824465,936.0,270613.0,7.0,558.0
CHIN_413c7aed4a1f2e45,rep1,CHIN,0,test,64.599853515625,163.64872759939325,901.0,264601.0,7.0,564.0
CHIN_e79e0f2a30775d13,rep1,CHIN,0,train,62.880859375,167.6218538949135,1000.0,257560.0,4.0,550.0
CHIN_75bef55d7e6d8415,rep1,CHIN,0,train,64.92724609375,172.52921536971027,897.0,265942.0,4.0,572.0
CHIN_3316498dc3a118cd,rep1,CHIN,0,val,55.09912109375,145.3061841342791,823.0,225686.0,6.0,474.0
CHIN_ac3eded02b4ccf68,rep1,CHIN,0,train,58.447265625,155.4384664360529,860.0,239400.0,4.0,519.0
CHIN_ae3487f724c72e24,rep1,CHIN,0,train,66.365234375,170.98133979173377,938.0,271832.0,7.0,576.0
CHIN_9336b6dd24567a55,rep1,CHIN,0,train,67.314208984375,175.5015668145295,1022.0,275719.0,11.0,526.0
CHIN_4c5b118b76314438,rep1,CHIN,0,train,67.4677734375,171.33589581819587,990.0,276348.0,16.0,564.0
CHIN_27fcb8c59cdd19ed,rep1,CHIN,0,train,68.634033203125,173.49432516144572,1034.0,281125.0,17.0,522.0
CHIN_cb62ec523cd9aabf,rep1,CHIN,0,train,81.076904296875,182.7937028097549,1034.0,332091.0,22.0,618.0
CHIN_4bd6df699a4a442d,rep1,CHIN,0,train,89.019287109375,188.083739425317,1036.0,364623.0,25.0,643.0
CHIN_6a1a24c637d17f3b,rep1,CHIN,0,train,89.734375,190.85878018736622,990.0,367552.0,25.0,663.0
CHIN_aafbbc0179d18cd3,rep1,CHIN,0,train,89.660400390625,192.62682296102597,969.0,367249.0,23.0,672.0
CHIN_ca9b1395fa31ca60,rep1,CHIN,0,train,81.423095703125,184.6743093422624,1006.0,333509.0,17.0,636.0
CHIN_838823b66ebc9485,rep1,CHIN,0,train,65.21435546875,171.29779342478923,961.0,267118.0,4.0,560.0
CHIN_efd3b9f350308704,rep1,CHIN,0,val,63.74755859375,169.5154319921719,913.0,261110.0,3.0,567.0
CHIN_7342c9e2862bcb5d,rep1,CHIN,0,val,47.816650390625,145.33322878399184,909.0,195857.0,3.0,430.0
CHIN_ce6a7185cf5fa235,rep1,CHIN,0,val,46.651123046875,140.80364907030003,808.0,191083.0,3.0,438.0
CHIN_1c70d1a650016e04,rep1,CHIN,0,val,87.755859375,247.1904254031297,1904.0,359448.0,8.0,612.5
CHIN_2d7af64b36b410f4,rep1,CHIN,0,val,99.35791015625,247.04109884290014,1826.0,406970.0,12.0,640.0
CHIN_a291d6c5e031b26b,rep1,CHIN,0,train,61.15283203125,157.4695440598998,927.0,250482.0,6.0,539.0
CHIN_adea01451cb1d0a7,rep1,CHIN,0,train,65.469970703125,157.87757345425547,928.0,268165.0,11.0,542.0
CHIN_c6b545edf6771073,rep1,CHIN,0,train,64.90087890625,159.6528030407195,895.0,265834.0,9.0,531.0
CHIN_21ff4711ee55e68c,rep1,CHIN,0,train,66.234130859375,164.84742181078406,971.0,271295.0,9.0,571.0
CHIN_170b0a1b9643a8db,rep1,CHIN,0,test,76.76123046875,185.6435968189913,1021.0,314414.0,11.0,603.0
CHIN_a50686a688e4cb02,rep1,CHIN,0,test,67.597412109375,172.0308264729746,950.0,276879.0,6.0,582.0
CHIN_57f596abaeaccae4,rep1,CHIN,0,train,58.9365234375,158.43646102353938,851.0,241404.0,4.0,521.0
CHIN_072974e2927b123b,rep1,CHIN,0,train,85.53369140625,202.58561278016302,1193.0,350346.0,10.0,634.0
CHIN_13ce252fbae0cbfe,rep1,CHIN,0,train,58.38525390625,159.3623555564181,927.0,239146.0,3.0,531.0
CHIN_dd92f5d829bb4be0,rep1,CHIN,0,train,60.234619140625,158.34809756573324,910.0,246721.0,6.0,519.0
CHIN_91904b7e5910e56c,rep1,CHIN,0,train,62.58203125,158.62142495409557,915.0,256336.0,8.0,529.0
CHIN_0d7c2ca69d1c63c8,rep1,CHIN,0,train,68.02587890625,178.2457398197106,1220.0,278634.0,7.0,584.0
CHIN_8996a4742f03d7bd,rep1,CHIN,0,train,62.2919921875,167.14190877888745,901.0,255148.0,4.0,566.0
CHIN_ec6956bb3f5f4be0,rep1,CHIN,0,train,59.78271484375,160.86349983799812,895.0,244870.0,4.0,542.0
CHIN_d39507f936616600,rep1,CHIN,0,val,65.61376953125,163.9459399807792,869.0,268754.0,8.0,558.0
CHIN_22e07f81f47f41b7,rep1,CHIN,0,val,70.157958984375,165.01937090405062,894.0,287367.0,13.0,559.0
CHIN_a5786a3ebf4f757f,rep1,CHIN,0,val,71.67138671875,167.60321249167671,920.0,293566.0,14.0,595.0
CHIN_7166ae9780b2f33d,rep1,CHIN,0,val,69.529541015625,167.91938695114138,869.0,284793.0,10.0,563.0
CHIN_dc7847370035ae4b,rep1,CHIN,0,val,61.96826171875,161.63468216028545,939.0,253822.0,6.0,533.0
CHIN_327765acd5ab2895,rep1,CHIN,0,val,61.05712890625,160.70148701145962,887.0,250090.0,6.0,525.0
CHIN_bfb5f6f7a0a0aa2e,rep1,CHIN,0,train,66.37353515625,179.6412036087129,1095.0,271866.0,4.0,560.0
CHIN_7c7199f99f57f610,rep1,CHIN,0,test,76.689453125,191.09444180704125,989.0,314120.0,8.0,641.0
CHIN_d1bcd25223375bb6,rep1,CHIN,0,val,71.936767578125,188.2745036542925,1037.0,294653.0,5.0,636.0
CHIN_31f41fb4b7695a7a,rep1,CHIN,0,test,73.863525390625,188.49058818324423,1283.0,302545.0,9.0,613.0
CHIN_63b64d89cb555a98,rep1,CHIN,0,test,66.92041015625,175.0127883536851,939.0,274106.0,6.0,592.0
CHIN_f37a01bb149bdd2c,rep1,CHIN,0,train,58.716064453125,161.1523965621194,924.0,240501.0,3.0,544.0
CHIN_78a1a7d17ac8e4e2,rep1,CHIN,0,test,59.28759765625,155.21190090363356,889.0,242842.0,6.0,519.0
CHIN_776dbab456673217,rep1,CHIN,0,test,62.213623046875,156.16789567828744,953.0,254827.0,7.0,498.0
CHIN_fa05997ad11be666,rep1,CHIN,0,test,59.169189453125,153.4053028780323,832.0,242357.0,6.0,491.0
CHIN_58d99e489f853d61,rep1,CHIN,0,test,61.207275390625,159.88476305400187,852.0,250705.0,4.0,509.0
CHIN_c51ed1b8c285d019,rep1,CHIN,0,val,64.918701171875,166.09911057281033,948.0,265907.0,6.0,536.0
CHIN_0f07f9fdd2a69572,rep1,CHIN,0,train,71.4208984375,183.3778240685888,899.0,292540.0,5.0,621.0
CHIN_1f7c5c2fafc1afc3,rep1,CHIN,0,train,55.08056640625,149.88903725597459,789.0,225610.0,4.0,520.0
CHIN_f18d969785c78f39,rep1,CHIN,0,train,61.871826171875,166.05411958761113,993.0,253427.0,3.0,542.0
CHIN_c2a33174c23c2960,rep1,CHIN,0,train,72.610107421875,191.84315845676684,1025.0,297411.0,5.0,610.0
CHIN_f5a8f41398ecafac,rep1,CHIN,0,train,71.459716796875,185.64996896019076,973.0,292699.0,5.0,629.0
CHIN_4f3e820755d8686d,rep1,CHIN,0,train,65.366455078125,169.19668236110257,873.0,267741.0,6.0,579.0
CHIN_7547f8c089f6bd2d,rep1,CHIN,0,train,64.86474609375,165.78926484906478,900.0,265686.0,8.0,573.0
CHIN_093ecf60a3c47f13,rep1,CHIN,0,train,72.817138671875,169.89032396510711,863.0,298259.0,11.0,604.0
CHIN_6c72f6379b7c7f83,rep1,CHIN,0,train,49.029296875,149.41626692358705,876.0,200824.0,4.0,403.0
CHIN_bedc2ff69136d27c,rep1,CHIN,0,train,48.5009765625,148.41714004785237,882.0,198660.0,3.0,440.0
CHIN_faf91596d8b88128,rep1,CHIN,0,test,121.35107421875,257.53326409997345,1599.0,497054.0,24.0,852.0
CHIN_bae49c2f837ce4c1,rep1,CHIN,0,val,73.68701171875,190.2317169661734,1051.0,301822.0,6.0,625.0
CHIN_d0ab3e0d05bbc705,rep1,CHIN,0,train,57.35107421875,169.7111222876772,1095.0,234910.0,5.0,493.0
CHIN_1886affd5bea50b1,rep1,CHIN,0,train,52.168212890625,152.08409370456548,912.0,213681.0,6.0,466.0
CHIN_409ced35971a8cee,rep1,CHIN,0,train,58.03857421875,158.31123536407136,999.0,237726.0,9.0,502.0
CHIN_57ae8a9564d86914,rep1,CHIN,0,train,68.116455078125,170.23310179862318,970.0,279005.0,10.0,593.0
CHIN_d00f6b0d05aa0dba,rep1,CHIN,0,train,72.98388671875,182.0598065962451,1029.0,298942.0,10.0,627.0
CHIN_5fda4207a4e790f9,rep1,CHIN,0,train,75.745849609375,190.86432366016132,1029.0,310255.0,9.0,642.0
CHIN_6575437f6319ebfd,rep1,CHIN,0,train,77.66845703125,203.44192809399843,1032.0,318130.0,4.0,681.0
CHIN_0a55e534fdc7545d,rep1,CHIN,0,val,69.2724609375,186.56390279884675,1021.0,283740.0,3.0,613.0
CHIN_ee3355b18d634b8e,rep1,CHIN,0,train,112.3701171875,238.65994236861894,1202.0,460268.0,21.0,794.0
CHIN_9549903c064709e2,rep1,CHIN,0,train,120.93994140625,235.56865997185207,1255.0,495370.0,34.0,801.0
CHIN_f1c1419569298f23,rep1,CHIN,0,train,108.509521484375,234.08702184456976,1457.0,444455.0,21.0,731.0
CHIN_e60512525b58312d,rep1,CHIN,0,test,63.923828125,168.81212270469265,884.0,261832.0,4.0,576.0
CHIN_9461e74755c3f236,rep1,CHIN,0,train,95.390625,220.92449406998338,1226.0,390720.0,14.0,733.0
CHIN_23a574b35aa4cad2,rep1,CHIN,0,val,89.494873046875,212.70642770677347,1076.0,366571.0,12.0,723.0
CHIN_890c4e23088449cc,rep1,CHIN,0,val,71.698974609375,188.26425872222754,1059.0,293679.0,5.0,624.0
CHIN_0134e150bffadd1b,rep1,CHIN,0,val,71.095703125,188.96413665686504,999.0,291208.0,4.0,618.0
CHIN_5b1d05bc659d52ce,rep1,CHIN,0,test,58.866455078125,166.0711693485679,998.0,241117.0,5.0,536.0
CHIN_db88dbeee4f734c5,rep1,CHIN,0,test,58.175537109375,164.3687385844176,965.0,238287.0,5.0,540.0
CHIN_5d54f5e6e2eeaaf5,rep1,CHIN,0,train,83.199462890625,198.06302389708785,1051.0,340785.0,14.0,676.0
CHIN_276dc2f80d3fd17b,rep1,CHIN,0,train,81.742431640625,192.9677955855578,1032.0,334817.0,14.0,661.0
CHIN_597d783bf467e297,rep1,CHIN,0,train,81.164794921875,192.04782765318018,1051.0,332451.0,14.0,666.0
CHIN_c4faaae576113acc,rep1,CHIN,0,train,78.3486328125,191.8442171410818,1050.0,320916.0,9.0,657.0
CHIN_07ca371a77ef3fd4,rep1,CHIN,0,val,54.24658203125,159.8016248806293,929.0,222194.0,4.0,507.0
CHIN_f9636cb1066c7698,rep1,CHIN,0,val,58.60107421875,166.89499540439658,1070.0,240030.0,6.0,505.0
CHIN_5fb265845cdfb063,rep1,CHIN,0,val,75.7958984375,188.27449246891408,1083.0,310460.0,9.0,640.0
CHIN_8f4f3c87efab8e46,rep1,CHIN,0,val,76.111083984375,191.97417686807916,1070.0,311751.0,7.0,649.0
CHIN_a0a5873995d492e4,rep1,CHIN,0,train,58.00341796875,172.98914877467385,1034.0,237582.0,3.0,569.0
CHIN_27ec42e89ade22e5,rep1,CHIN,0,val,80.118408203125,205.69705446560374,1014.0,328165.0,5.0,688.0
CHIN_9d5f1985493ba5cc,rep1,CHIN,0,train,91.743896484375,225.31254028010437,1243.0,375783.0,9.0,759.0
CHIN_17d8930e9adab5f0,rep1,CHIN,0,train,76.441650390625,197.5837194334767,984.0,313105.0,5.0,676.0
CHIN_71cfdc3af27cb741,rep1,CHIN,0,test,78.51953125,205.45686659878947,1017.0,321616.0,4.0,685.0
CHIN_cfc9f22558808905,rep1,CHIN,0,train,45.49169921875,138.05665528258962,873.0,186334.0,4.0,327.75
CHIN_f860adadaee690b7,rep1,CHIN,0,train,65.1748046875,168.8727395353228,957.0,266956.0,8.0,530.0
CHIN_9f11e380cfc90784,rep1,CHIN,0,train,92.502685546875,227.25907463621027,1092.0,378891.0,8.0,762.0
CHIN_9d23c5f02dd7374e,rep1,CHIN,0,train,82.591552734375,198.94109184466348,1015.0,338295.0,13.0,679.0
CHIN_98acb48ba1e7481b,rep1,CHIN,0,train,83.45703125,199.64220830595988,1019.0,341840.0,14.0,678.0
CHIN_20cbe6301103e773,rep1,CHIN,0,train,84.876708984375,199.58321241096053,1149.0,347655.0,17.0,685.0
CHIN_4be9a90f7551ea66,rep1,CHIN,0,train,86.818359375,195.59244366386474,1097.0,355608.0,20.0,666.0
CHIN_b70b5bec64024ebb,rep1,CHIN,0,train,91.66650390625,201.8412222880412,1093.0,375466.0,22.0,693.0
CHIN_8cf1c5b9776a09cc,rep1,CHIN,0,train,95.9560546875,208.13683811692133,1106.0,393036.0,23.0,719.0
CHIN_de804d8b4eb4fa33,rep1,CHIN,0,train,95.950927734375,208.26839393021717,1116.0,393015.0,23.0,714.0
CHIN_7480d77a14ad4716,rep1,CHIN,0,train,97.9287109375,211.18159787526662,1153.0,401116.0,24.0,730.0
CHIN_3ed028798e697d9f,rep1,CHIN,0,train,98.795654296875,215.2796895144616,1106.0,404667.0,23.0,744.0
CHIN_2162125d7d40a72a,rep1,CHIN,0,train,92.8994140625,214.87394024164303,1177.0,380516.0,17.0,710.0
CHIN_4290884d21f50f71,rep1,CHIN,0,train,90.435302734375,213.28982746901883,1093.0,370423.0,15.0,705.0
CHIN_b60bcb6a563a796c,rep1,CHIN,0,train,73.536865234375,187.5700731256475,971.0,301207.0,7.0,632.0
CHIN_4c746ab4abe6056d,rep1,CHIN,0,train,76.3505859375,199.46716531479353,1003.0,312732.0,4.0,678.0
CHIN_12faf31bfcc0dac1,rep1,CHIN,0,val,89.4716796875,223.38698987370526,1049.0,366476.0,7.0,762.0
CHIN_ffb342e7762c971b,rep1,CHIN,0,train,77.164306640625,198.92432804091854,983.0,316065.0,5.0,671.0
CHIN_1eda231c69a32156,rep1,CHIN,0,train,83.77685546875,215.05242595619137,1080.0,343150.0,5.0,726.0
CHIN_7993abe94866773d,rep1,CHIN,0,train,77.642333984375,189.81781910049472,931.0,318023.0,10.0,652.0
CHIN_74d847ba17a94412,rep1,CHIN,0,train,77.111083984375,189.4826558535973,913.0,315847.0,9.0,649.0
CHIN_a93b99b46d39efb8,rep1,CHIN,0,train,77.866943359375,193.97376473961242,956.0,318943.0,7.0,659.0
CHIN_e5de6e56d385e2ef,rep1,CHIN,0,train,75.65185546875,209.8365351199991,1060.0,309870.0,5.0,721.0
CHIN_7be712b5421ea380,rep1,CHIN,0,train,84.11572265625,206.54434675069922,1054.0,344538.0,7.0,690.0
CHIN_992805e6506de16e,rep1,CHIN,0,val,151.8037109375,321.05632772485023,1838.0,621788.0,25.0,898.75
CHIN_c1610920a984ce60,rep1,CHIN,0,val,83.3408203125,204.35694935030858,1061.0,341364.0,10.0,689.0
CHIN_40431770bb3161b3,rep1,CHIN,0,train,101.675537109375,233.62259530765797,1231.0,416463.0,14.0,762.0
CHIN_155c0872526c85bb,rep1,CHIN,0,train,79.026123046875,205.60950276709804,1090.0,323691.0,5.0,669.0
CHIN_08c97d9eff842e36,rep1,CHIN,0,train,72.05908203125,187.94030963546933,993.0,295154.0,4.0,640.0
CHIN_d2f86a32da053e28,rep1,CHIN,0,train,69.72119140625,182.59200885953854,929.0,285578.0,5.0,612.0
CHIN_016dd7404328fa8e,rep1,CHIN,0,train,83.1982421875,204.859668185941,1028.0,340780.0,9.0,709.0
CHIN_278875092b882687,rep1,CHIN,0,train,85.7919921875,215.60442880662538,1112.0,351404.0,8.0,727.0
CHIN_e1d457f01594d475,rep1,CHIN,0,train,80.166015625,208.11333905335636,1117.0,328360.0,5.0,699.0
CHIN_05391e6f08c9897f,rep1,CHIN,0,val,79.8994140625,201.64766645407883,1048.0,327268.0,7.0,678.0
CHIN_c36249e67a41eb04,rep1,CHIN,0,train,71.068603515625,183.22179190774708,1059.0,291097.0,6.0,628.0
CHIN_58e00648c4307690,rep1,CHIN,0,train,83.140380859375,212.45031834270677,1086.0,340543.0,7.0,703.0
CHIN_42b69aefb1e2f90e,rep1,CHIN,0,val,56.81298828125,169.17863873421135,1100.0,232706.0,4.0,536.0
CHIN_2cf23c80facc9bd4,rep1,CHIN,0,train,80.986083984375,201.8591314189276,1089.0,331719.0,8.0,687.0
CHIN_e2127c2e68c0c686,rep1,CHIN,0,train,77.543212890625,197.2873783496643,1078.0,317617.0,8.0,685.0
CHIN_2f0656ffb562f4fc,rep1,CHIN,0,train,75.677490234375,198.68119446080686,1031.0,309975.0,4.0,662.0
CHIN_4b3800cf2fefec7c,rep1,CHIN,0,train,70.084716796875,174.4341056885413,1039.0,287067.0,10.0,575.0
CHIN_487a371c98e2d168,rep1,CHIN,0,train,68.613037109375,172.42749952865887,978.0,281039.0,9.0,586.0
CHIN_4cef58bf54385ad0,rep1,CHIN,0,train,65.658203125,169.8484916860354,1039.0,268936.0,8.0,560.0
CHIN_4512d3902e0a850f,rep1,CHIN,0,train,62.0869140625,165.95570099288392,965.0,254308.0,4.0,562.0
CHIN_34efc001937deb79,rep1,CHIN,0,train,77.686767578125,204.39751830432166,1050.0,318205.0,4.0,677.0
CHIN_aa90853f07faf5ba,rep1,CHIN,0,val,69.05859375,176.38849136801687,974.0,282864.0,7.0,596.0
CHIN_6230ca4ce9b8e644,rep1,CHIN,0,train,76.381103515625,197.73888594803438,1081.0,312857.0,5.0,653.0
CHIN_67d1ad42ef37c115,rep1,CHIN,0,train,67.47900390625,178.19255037285592,963.0,276394.0,4.0,600.0
CHIN_623e8fe7b2afd1a8,rep1,CHIN,0,test,79.997802734375,209.5740535722848,1060.0,327671.0,4.0,701.0
OPCID_a48ec8c6b5e6e38b,rep1,OPCID,1,train,90.3271484375,212.7706718375734,1090.0,369980.0,13.0,720.0
OPCID_eaf35ae5cddf4c0d,rep1,OPCID,1,test,107.598876953125,228.21998983109344,1141.0,440725.0,24.0,786.0
OPCID_a3c7ad9c66cf12f1,rep1,OPCID,1,test,131.34033203125,259.9413656358675,1290.0,537970.0,30.0,889.0
OPCID_07d051796dc7059b,rep1,OPCID,1,train,152.1640625,279.59512430068384,1280.0,623264.0,43.0,962.0
OPCID_ef9d936de4b62940,rep1,OPCID,1,train,85.18896484375,208.48659100341519,1033.0,348934.0,8.0,690.0
OPCID_1612f8f2ea7e9f06,rep1,OPCID,1,val,90.931640625,215.67244318380327,1146.0,372456.0,12.0,723.0
OPCID_4c1cd6d81f6b0f95,rep1,OPCID,1,val,94.0625,212.21152409101455,1114.0,385280.0,17.0,737.0
OPCID_d003e176e8d23c63,rep1,OPCID,1,val,105.658935546875,230.4554151507498,1204.0,432779.0,21.0,800.0
OPCID_36e0565260f2141f,rep1,OPCID,1,train,63.972900390625,167.31840960678997,947.0,262033.0,5.0,550.0
OPCID_392028707b8a2532,rep1,OPCID,1,train,120.40185546875,233.5911279879487,1316.0,493166.0,22.0,743.0
OPCID_4421803242064dec,rep1,OPCID,1,train,91.041748046875,210.89901145451395,1095.0,372907.0,14.0,720.0
OPCID_10f9269e6bda4947,rep1,OPCID,1,train,83.462158203125,203.8840266472699,1077.0,341861.0,7.0,658.0
OPCID_9dc38e719d08f155,rep1,OPCID,1,test,91.65869140625,212.31666542831744,1082.0,375434.0,15.0,711.0
OPCID_69a72fb00fdc2938,rep1,OPCID,1,train,88.555419921875,219.5058456273312,1041.0,362723.0,8.0,734.0
OPCID_17d26e5c8bdd11fa,rep1,OPCID,1,train,165.631591796875,293.5718164172721,1634.0,678427.0,41.5,837.0
OPCID_b1757a56703936d1,rep1,OPCID,1,train,96.510986328125,213.83231208542966,1104.0,395309.0,20.0,727.0
OPCID_a6f2fecc54bc432d,rep1,OPCID,1,test,104.780029296875,230.18175393656128,1243.0,429179.0,19.0,746.0
OPCID_9ac65fd4bf038173,rep1,OPCID,1,test,75.99658203125,193.66911867249252,1137.0,311282.0,7.0,601.0
OPCID_430b7c0bb5fc530a,rep1,OPCID,1,test,106.223876953125,233.55558201181037,1183.0,435093.0,21.0,792.0
OPCID_0f71385a399dc767,rep1,OPCID,1,train,75.065673828125,187.6757388231299,953.0,307469.0,8.0,619.0
OPCID_304b6ccbb191eb65,rep1,OPCID,1,train,68.2490234375,169.17591649434792,992.0,279548.0,8.0,541.0
OPCID_7a866c11603150e7,rep1,OPCID,1,train,71.612060546875,179.98946540638866,958.0,293323.0,8.0,606.0
OPCID_3045d21bebe98beb,rep1,OPCID,1,test,152.411865234375,255.70185761188623,1350.0,624279.0,69.0,886.0
OPCID_414cf80847bd9929,rep1,OPCID,1,train,86.238037109375,201.34987750758364,1049.0,353231.0,12.0,663.0
OPCID_129f719ef537ae3f,rep1,OPCID,1,val,65.815185546875,170.13028174738923,911.0,269579.0,6.0,548.0
OPCID_fa9e2c77b6424ea9,rep1,OPCID,1,train,73.359375,184.4637981346628,1070.0,300480.0,7.0,589.0
OPCID_1734fe040179910f,rep1,OPCID,1,train,71.089599609375,179.63270096258398,907.0,291183.0,7.0,599.0
OPCID_029d6f79d3b495d7,rep1,OPCID,1,train,76.38623046875,190.39444240081895,944.0,312878.0,8.0,641.0
OPCID_33579465745b0522,rep1,OPCID,1,train,83.11669921875,194.17757144527812,1040.0,340446.0,13.0,642.0
OPCID_ae970230ebbec9d2,rep1,OPCID,1,train,114.020751953125,233.6693237051899,1269.0,467029.0,22.0,770.0
OPCID_9d9e69ad0ce51f11,rep1,OPCID,1,train,79.7822265625,194.4839800412843,1097.0,326788.0,9.0,627.0
OPCID_8d5d9994a513fc11,rep1,OPCID,1,train,71.15380859375,179.48886650259186,970.0,291446.0,6.0,600.0
OPCID_c4aea9eca44028ce,rep1,OPCID,1,train,102.072265625,226.14811166687187,1249.0,418088.0,17.0,744.0
OPCID_3a4aa0d0d21262a8,rep1,OPCID,1,train,126.87353515625,256.2152598836929,1233.0,519674.0,34.5,884.0
OPCID_33b4f3a14ebbc59e,rep1,OPCID,1,train,162.49853515625,276.59977414388464,1277.0,665594.0,58.0,967.0
OPCID_6abc058ae2242c3c,rep1,OPCID,1,train,92.211669921875,222.12941041481832,1342.0,377699.0,10.0,692.0
OPCID_c0709bc7c08ec44f,rep1,OPCID,1,val,114.304443359375,236.5777753485105,1394.0,468191.0,27.0,767.0
OPCID_c8522caa8fd83322,rep1,OPCID,1,val,124.666259765625,245.34407976325377,1330.0,510633.0,31.0,812.0
OPCID_630c92ecf870fece,rep1,OPCID,1,train,83.101806640625,207.20595844590486,1243.0,340385.0,7.0,671.0
OPCID_adee45e8dfb40894,rep1,OPCID,1,train,95.9677734375,226.84629087579307,1666.0,393084.0,10.0,697.0
OPCID_079060fd1545272e,rep1,OPCID,1,test,100.53173828125,227.13710103053728,1119.0,411778.0,17.0,766.0
OPCID_3808275a8edee593,rep1,OPCID,1,test,85.404052734375,204.63015077603353,1027.0,349815.0,11.0,693.0
OPCID_e946d7d808213e3f,rep1,OPCID,1,train,77.26708984375,197.93112421381994,1033.0,316486.0,7.0,664.0
OPCID_ee3461cf21068a4c,rep1,OPCID,1,train,75.75244140625,196.06979994154545,1007.0,310282.0,5.0,649.0
OPCID_210f8ff672fa4c9a,rep1,OPCID,1,train,78.72216796875,193.3730909448104,1041.0,322446.0,8.0,642.0
OPCID_e04790b97d37c16e,rep1,OPCID,1,train,84.47607421875,204.04882088009475,1082.0,346014.0,11.0,662.0
OPCID_149d0308ae463e46,rep1,OPCID,1,train,112.670166015625,230.94664192107422,1089.0,461497.0,26.0,802.0
OPCID_8429a777f942f05d,rep1,OPCID,1,train,78.0458984375,198.04923591485638,1378.0,319676.0,7.0,659.25
OPCID_bb60f5d218faa929,rep1,OPCID,1,train,89.781982421875,213.4817122893844,1060.0,367747.0,12.0,719.0
OPCID_dee7d45a8897305b,rep1,OPCID,1,val,84.98681640625,202.7567788006861,1121.0,348106.0,11.0,687.0
OPCID_ad7cb00f8c882c61,rep1,OPCID,1,train,102.6943359375,225.87934682787434,1151.0,420636.0,17.5,756.0
OPCID_b7f0a78b5bc75834,rep1,OPCID,1,test,129.280517578125,253.912656979406,1178.0,529533.0,34.0,869.0
OPCID_725a69a69963ad59,rep1,OPCID,1,train,196.273193359375,306.1812659221928,1664.0,803935.0,76.0,1087.0
OPCID_3b8eefccce2e36fc,rep1,OPCID,1,train,82.40283203125,204.68686028475204,1068.0,337522.0,9.0,690.0
OPCID_5c038f6d802a0373,rep1,OPCID,1,train,192.567626953125,305.8525000294283,1556.0,788757.0,65.0,1048.0
OPCID_3ca243441c0a5a91,rep1,OPCID,1,train,164.134521484375,288.4079340881347,1762.0,672295.0,53.0,994.0
OPCID_6e5625e30f0c3e40,rep1,OPCID,1,train,208.135986328125,331.031900213394,1829.0,852525.0,64.0,1041.0
OPCID_f124da0b3913d5c3,rep1,OPCID,1,train,127.13134765625,256.0177078488287,1382.0,520730.0,26.0,845.0
OPCID_a2fcb5ddde5dbcf6,rep1,OPCID,1,train,115.397216796875,240.86707117948254,1272.0,472667.0,24.0,805.0
OPCID_7a387ab67a4e089c,rep1,OPCID,1,train,114.675048828125,244.90873743173756,1186.0,469709.0,22.0,821.0
OPCID_22365f72e65106b5,rep1,OPCID,1,val,142.121826171875,282.1719880014328,1264.0,582131.0,31.0,960.0
OPCID_092946eccc52a81c,rep1,OPCID,1,train,104.78369140625,242.47908875618484,1215.0,429194.0,15.0,819.0
OPCID_f235f321095064d1,rep1,OPCID,1,train,120.92236328125,258.33938835959304,1349.0,495298.0,24.0,869.0
OPCID_52757c7e517094bd,rep1,OPCID,1,train,96.43017578125,226.2467465830663,1182.0,394978.0,13.0,780.0
OPCID_4a51b9db831f2860,rep1,OPCID,1,val,103.976806640625,232.13912307087523,1172.0,425889.0,18.0,783.0
OPCID_b9f55508e75e487b,rep1,OPCID,1,train,93.66162109375,221.10777948356613,1106.0,383638.0,13.0,760.0
OPCID_1d111d2805e7745b,rep1,OPCID,1,train,97.856689453125,235.41716052967078,1093.0,400821.0,10.0,797.0
OPCID_54d272e23bb92a3b,rep1,OPCID,1,val,89.115966796875,215.33192147291504,1035.0,365019.0,10.0,721.0
CHID_10c0edbfd02353c9,rep1,CHID,2,train,69.438720703125,171.89301796103885,908.0,284421.0,9.0,574.0
CHID_d5d6186c6918f2bb,rep1,CHID,2,train,48.5625,145.93227205571682,835.0,198912.0,4.0,450.0
CHID_21f48d066f082128,rep1,CHID,2,train,45.05029296875,140.5856261194527,893.0,184526.0,2.0,434.0
CHID_85b41ba2b9c36824,rep1,CHID,2,test,44.85498046875,133.44349724739982,833.0,183726.0,3.0,402.0
CHID_c16193a866007239,rep1,CHID,2,train,64.800048828125,165.7916755970071,890.0,265421.0,5.0,564.0
CHID_ddb48e888603fa31,rep1,CHID,2,train,38.27001953125,127.4033309222241,814.0,156754.0,1.0,319.0
CHID_9ee02f36e2c46f9c,rep1,CHID,2,train,58.520751953125,154.4179819307816,927.0,239701.0,6.0,500.0
CHID_98a77fbf535246a2,rep1,CHID,2,val,53.047119140625,142.63919660016217,858.0,217281.0,3.0,467.0
CHID_5977802645c5a666,rep1,CHID,2,train,56.537841796875,147.4278625030464,834.0,231579.0,4.0,486.0
CHID_2ca33fd28f8ff17d,rep1,CHID,2,test,58.801025390625,152.9551759456278,783.0,240849.0,5.0,521.0
CHID_e99742d9fb1834b2,rep1,CHID,2,train,87.642333984375,186.67969846547828,990.0,358983.0,24.0,644.0
CHID_3dbc3a51ad1f4a2e,rep1,CHID,2,train,65.052734375,156.79332925221004,908.0,266456.0,11.0,547.0
CHID_22cd1a298e3f8de6,rep1,CHID,2,train,62.44873046875,156.37194868734903,860.0,255790.0,9.0,518.0
CHID_a3539b4c5da95bec,rep1,CHID,2,val,70.337646484375,169.07581107697212,889.0,288103.0,11.0,571.0
CHID_242423613227795b,rep1,CHID,2,test,67.2939453125,175.88225298894076,915.0,275636.0,7.0,593.0
CHID_bb5176753cf7c269,rep1,CHID,2,test,62.323974609375,157.5485641627665,946.0,255279.0,7.0,538.0
CHID_f834d1ac36e1b8fa,rep1,CHID,2,train,70.5380859375,166.58388117531095,876.0,288924.0,11.0,584.0
CHID_0fd794b4635bec68,rep1,CHID,2,train,52.168212890625,152.08409370456548,912.0,213681.0,6.0,466.0
CHID_73f567423cf41748,rep1,CHID,2,train,80.958984375,191.2989234231985,1016.0,331608.0,14.0,668.0
CHID_f06b787cca3dcb95,rep1,CHID,2,val,60.272705078125,168.756807146,1065.0,246877.0,6.0,526.0
CHID_829be93d3f3a9719,rep1,CHID,2,train,52.591796875,151.0094884329168,975.0,215416.0,6.0,407.0
CHID_2dad41c5a944685a,rep1,CHID,2,train,98.124267578125,211.97630307048098,1153.0,401917.0,24.0,730.0
CHID_719d61be1e7fecf1,rep1,CHID,2,train,77.619140625,189.73200791893015,973.0,317928.0,9.0,654.0
CHID_0def30026dacfa28,rep1,CHID,2,train,64.22900390625,180.57444361292428,1110.0,263082.0,5.0,607.0
CHID_52339c707e099308,rep1,CHID,2,train,68.818359375,173.09925128591934,1006.0,281880.0,9.0,558.0
CHID_299eef69ee510b9f,rep1,CHID,2,val,70.723388671875,180.26727498226774,951.0,289683.0,7.0,607.0
CHIN_d2deb5271c6a5cdd,rep2,CHIN,0,train,74.04931640625,191.90497147209234,1003.0,303306.0,6.0,637.0
CHIN_e75b43fe8984729d,rep2,CHIN,0,test,65.98095703125,173.48596487456584,1019.0,270258.0,5.0,594.0
CHIN_ec0a221413a0122f,rep2,CHIN,0,train,69.770751953125,174.59180192336817,999.0,285781.0,8.0,603.0
CHIN_813ba6e5d823057e,rep2,CHIN,0,train,67.59765625,168.74832821618364,874.0,276880.0,8.0,574.0
CHIN_72b6b435a0910cba,rep2,CHIN,0,train,66.103515625,164.88570120024548,978.0,270760.0,9.0,554.0
CHIN_8bc99ad127e36986,rep2,CHIN,0,train,60.813232421875,160.47156013453719,915.0,249091.0,6.0,517.0
CHIN_7f578107de94ae33,rep2,CHIN,0,train,62.645751953125,170.54814760324842,1001.0,256597.0,4.0,537.0
CHIN_ebff8dd814b0e30d,rep2,CHIN,0,train,83.15771484375,211.13926930819102,1111.0,340614.0,7.0,698.0
CHIN_5e96eb45b53473d8,rep2,CHIN,0,train,61.28076171875,164.4806331833281,929.0,251006.0,5.0,528.0
CHIN_6f0fc226dcac97e0,rep2,CHIN,0,test,67.32080078125,177.5911589666241,958.0,275746.0,5.0,577.0
CHIN_95865e7aff35770d,rep2,CHIN,0,test,63.914306640625,178.11666847403356,1025.0,261793.0,5.0,572.0
CHIN_347c5b87a6218f43,rep2,CHIN,0,test,59.31640625,168.8298060258021,1083.0,242960.0,4.0,544.0
CHIN_5a72ba4e9470db3b,rep2,CHIN,0,test,67.268310546875,179.97903396688616,1026.0,275531.0,4.0,615.0
CHIN_4c5f156d9cc89829,rep2,CHIN,0,train,56.516845703125,158.36742998572902,890.0,231493.0,4.0,504.0
CHIN_845f263abdb730a3,rep2,CHIN,0,train,65.102783203125,172.23298211716747,936.0,266661.0,5.0,561.0
CHIN_041bcc227cd53ba1,rep2,CHIN,0,train,67.88134765625,183.88824541152044,974.0,278042.0,3.0,603.0
CHIN_532567826674af80,rep2,CHIN,0,train,56.392578125,156.00461883309583,904.0,230984.0,3.0,527.0
CHIN_7398738e11297691,rep2,CHIN,0,train,44.37890625,134.9288512758343,843.0,181776.0,4.0,398.0
CHIN_b10a121ad52a995a,rep2,CHIN,0,train,63.28271484375,169.7676265530096,1149.0,259206.0,8.0,544.0
CHIN_312a74a025dbb29e,rep2,CHIN,0,train,58.361572265625,162.38502356074852,969.0,239049.0,3.0,504.0
CHIN_28ce20abf9be7e23,rep2,CHIN,0,train,61.52783203125,162.8726067875881,907.0,252018.0,4.0,541.0
CHIN_0dd4c64ce8f39b0c,rep2,CHIN,0,train,94.099365234375,208.65362352226734,1106.0,385431.0,19.0,710.0
CHIN_fba1a86abad8c7a7,rep2,CHIN,0,test,70.398681640625,179.75567181871148,1039.0,288353.0,8.0,596.0
CHIN_71efee1581148a83,rep2,CHIN,0,train,69.4111328125,182.97364535799065,1045.0,284308.0,6.0,590.0
CHIN_80c12c16922655e6,rep2,CHIN,0,train,46.543212890625,141.19684456069152,960.0,190641.0,2.0,432.0
CHIN_8eb17f66486b0cb3,rep2,CHIN,0,train,57.727783203125,157.9832534438971,973.0,236453.0,3.0,519.0
CHIN_756380c51ed71de1,rep2,CHIN,0,train,56.066162109375,153.8602636485365,973.0,229647.0,3.0,507.0
CHIN_765ae5aaa92eba4c,rep2,CHIN,0,val,53.669677734375,150.1917817562689,863.0,219831.0,2.0,468.0
CHIN_0665f54cdc25bc86,rep2,CHIN,0,train,57.25244140625,153.3600308630158,861.0,234506.0,5.0,502.0
CHIN_24c69819d9eb0ea3,rep2,CHIN,0,train,55.962646484375,150.44196224825538,972.0,229223.0,5.0,500.0
CHIN_7f52b12dfe4fe133,rep2,CHIN,0,train,53.83056640625,146.91170453362815,864.0,220490.0,4.0,496.0
CHIN_7a803da6ac58d221,rep2,CHIN,0,train,42.620361328125,135.83101132712918,850.0,174573.0,2.0,404.0
CHIN_a63720d7766d7461,rep2,CHIN,0,train,39.672119140625,123.04035266047448,865.0,162497.0,3.0,344.0
CHIN_8df27ebe669975c4,rep2,CHIN,0,train,50.554931640625,138.74307383506522,970.0,207073.0,5.0,438.0
CHIN_33fec0705cfb277a,rep2,CHIN,0,train,51.158203125,139.02045316266413,942.0,209544.0,5.0,441.0
CHIN_a1e86caa5ea8ad7a,rep2,CHIN,0,test,47.45361328125,133.26841342284027,752.0,194370.0,3.0,421.0
CHIN_037eac2ae9ec84b3,rep2,CHIN,0,train,58.352783203125,160.39968939640974,884.0,239013.0,2.0,537.0
CHIN_79b92fd133c7aa25,rep2,CHIN,0,train,59.65283203125,163.5904312037618,1032.0,244338.0,4.0,506.0
CHIN_03da8349566fc478,rep2,CHIN,0,train,64.12109375,168.33270303337514,1313.0,262640.0,6.0,493.75
CHIN_f93cc107dd51e45a,rep2,CHIN,0,train,63.058837890625,167.29285729688448,973.0,258289.0,5.0,530.0
CHIN_5112515e92b132f5,rep2,CHIN,0,train,55.6416015625,148.15479153130687,939.0,227908.0,6.0,468.0
CHIN_12300449726e7c4d,rep2,CHIN,0,train,52.7490234375,143.3972097520427,895.0,216060.0,5.0,457.0
CHIN_f6dd7eecdc24d3c3,rep2,CHIN,0,train,66.013427734375,174.3593016717536,1056.0,270391.0,5.0,563.0
CHIN_71544cab6749d657,rep2,CHIN,0,train,59.817138671875,164.11326598267522,848.0,245011.0,3.0,554.0
CHIN_101609e6a031b5b2,rep2,CHIN,0,test,22.456787109375,91.57224824296433,824.0,91983.0,0.0,127.0
CHIN_31f753a6c5032426,rep2,CHIN,0,test,31.67578125,111.35023512624883,819.0,129744.0,1.0,213.0
CHIN_d09cbcfd88a8bdfb,rep2,CHIN,0,test,56.63671875,153.98653318304622,968.0,231984.0,4.0,498.0
CHIN_d42479337ed2ab90,rep2,CHIN,0,test,58.515625,158.22173347350034,969.0,239680.0,4.0,518.0
CHIN_0f74c85e412d80b9,rep2,CHIN,0,val,51.199951171875,139.69758880652518,779.0,209715.0,4.0,458.0
CHIN_ca0f2dc213c43b19,rep2,CHIN,0,train,57.453369140625,156.79824682813089,885.0,235329.0,3.0,508.0
CHIN_8110991a73e48713,rep2,CHIN,0,train,62.031494140625,159.15367976741766,843.0,254081.0,6.0,548.0
CHIN_be03a3bd16796038,rep2,CHIN,0,train,49.654541015625,139.71093918240882,816.0,203385.0,3.0,453.0
CHIN_3b157ef6413ebd3b,rep2,CHIN,0,train,46.20751953125,129.73778167610968,733.0,189266.0,3.0,415.0
CHIN_a61eedfc4b0326fc,rep2,CHIN,0,val,47.746337890625,138.4715528845858,816.0,195569.0,3.0,436.0
CHIN_04e54383f38f765c,rep2,CHIN,0,val,47.53466796875,137.98312768122935,869.0,194702.0,4.0,451.0
CHIN_bc4243d412e56afc,rep2,CHIN,0,train,61.844970703125,162.90204662924046,971.0,253317.0,6.0,515.0
CHIN_73e1a314282c7e31,rep2,CHIN,0,train,53.921630859375,144.06003746836654,865.0,220863.0,4.0,494.0
CHIN_a305212f1c632ac0,rep2,CHIN,0,train,54.913818359375,142.56167163445159,742.0,224927.0,5.0,507.0
CHIN_f8eacba8473838ef,rep2,CHIN,0,train,54.233642578125,143.1357830647793,779.0,222141.0,5.0,499.0
CHIN_f03aad61ac30b982,rep2,CHIN,0,train,41.259033203125,125.32576512334886,765.0,168997.0,3.0,358.0
CHIN_f2eb436a00c8388f,rep2,CHIN,0,train,35.609130859375,117.49517237683335,769.0,145855.0,1.0,282.25
CHIN_ed327955a26354f8,rep2,CHIN,0,test,57.5439453125,151.38586202533332,888.0,235700.0,5.0,510.0
CHIN_5d2c28e9756edcc4,rep2,CHIN,0,test,54.35302734375,143.32401345424313,828.0,222630.0,5.0,492.0
CHIN_81761ead4e5babcc,rep2,CHIN,0,train,58.140625,154.71069980698047,1014.0,238144.0,5.0,515.0
CHIN_eece7eddb47ce44c,rep2,CHIN,0,train,56.347900390625,149.7701276073481,854.0,230801.0,5.0,497.0
CHIN_c7e63e408c4c9165,rep2,CHIN,0,test,66.21826171875,168.75038981004127,945.0,271230.0,7.0,558.0
CHIN_30fa1007486e99c0,rep2,CHIN,0,train,62.306884765625,158.56956038264013,931.0,255209.0,7.0,505.0
CHIN_0b96404ea31c5cc5,rep2,CHIN,0,train,61.505126953125,156.06136730254337,895.0,251925.0,7.0,508.0
CHIN_887aeb65ed02a486,rep2,CHIN,0,train,62.27392578125,167.64251797158698,895.0,255074.0,4.0,563.0
CHIN_a67bc4a756886582,rep2,CHIN,0,train,55.513916015625,146.6031686702474,902.0,227385.0,6.0,456.0
CHIN_66b05ab570831b8a,rep2,CHIN,0,train,60.71044921875,155.90072101401208,867.0,248670.0,7.0,507.0
CHIN_3ae2b7f708e898a3,rep2,CHIN,0,train,59.60693359375,148.42316802775107,819.0,244150.0,9.0,493.0
CHIN_48fed281505db35a,rep2,CHIN,0,train,58.357666015625,147.4002120570876,838.0,239033.0,9.0,480.0
CHIN_1da809bfbf2865bd,rep2,CHIN,0,train,57.87548828125,146.274676152609,835.0,237058.0,8.0,484.0
CHIN_39d26f4e365a3b6a,rep2,CHIN,0,train,56.538818359375,146.59283886737944,858.0,231583.0,6.0,469.0
CHIN_f6588d529a4d5c83,rep2,CHIN,0,train,59.55126953125,155.71086144336613,850.0,243922.0,6.0,522.0
CHIN_6de429ae4e16dc37,rep2,CHIN,0,val,58.034912109375,151.97491891233318,821.0,237711.0,5.0,511.0
CHIN_8d5285e73ae7443e,rep2,CHIN,0,train,60.743408203125,160.80454711711482,928.0,248805.0,4.0,529.0
CHIN_a4b9b499b72e0971,rep2,CHIN,0,train,56.760986328125,150.68788965693804,870.0,232493.0,3.0,511.0
CHIN_ca43f16bb916c0f9,rep2,CHIN,0,test,52.797119140625,150.70917837603247,894.0,216257.0,6.0,465.0
CHIN_fc815dfb8c7f111c,rep2,CHIN,0,train,54.994140625,149.11167285391417,869.0,225256.0,3.0,499.0
CHIN_ca2ad0322ec77659,rep2,CHIN,0,train,57.024169921875,155.67647759241117,946.0,233571.0,3.0,518.0
CHIN_c194cc436f91eadf,rep2,CHIN,0,train,63.8994140625,168.94412485752628,963.0,261732.0,4.0,571.0
CHIN_080a3fd4b9cab15f,rep2,CHIN,0,train,65.4609375,172.50870799323752,931.0,268128.0,5.0,589.0
CHIN_b62b5345635fb8d8,rep2,CHIN,0,test,60.676513671875,155.184671664073,863.0,248531.0,6.0,529.0
CHIN_20739850c2069452,rep2,CHIN,0,test,58.58447265625,150.52385800667645,876.0,239962.0,6.0,512.0
CHIN_9c9130eaf8d782b3,rep2,CHIN,0,train,57.5107421875,156.04607280457398,974.0,235564.0,4.0,517.0
CHIN_db627b41dbbead17,rep2,CHIN,0,train,42.894775390625,127.62054240519905,799.0,175697.0,3.0,383.0
CHIN_a8c0513faced91e6,rep2,CHIN,0,train,34.885986328125,117.29302098746967,776.0,142893.0,1.0,282.0
CHIN_bdc62f0b6d196924,rep2,CHIN,0,val,47.367431640625,132.6717931259508,753.0,194017.0,2.0,445.0
CHIN_d45c7c6f4a11fa68,rep2,CHIN,0,train,42.4453125,120.33038802694374,735.0,173856.0,2.0,381.0
CHIN_a836f1c637e50e10,rep2,CHIN,0,train,52.99365234375,137.87089876160329,795.0,217062.0,5.0,434.0
CHIN_76e05e2f594dedf6,rep2,CHIN,0,train,56.231689453125,144.7169677797206,805.0,230325.0,6.0,479.0
CHIN_65f6e92014e70d27,rep2,CHIN,0,train,53.1015625,138.8629992336056,748.0,217504.0,4.0,441.0
CHIN_bc406ed7cc5a05e9,rep2,CHIN,0,test,46.5361328125,128.71381152172873,851.0,190612.0,3.0,438.0
CHIN_43f7d66b2dcd0645,rep2,CHIN,0,train,47.89404296875,132.9651549295953,753.0,196174.0,3.0,440.0
CHIN_db385658b1636eac,rep2,CHIN,0,train,35.708740234375,125.44146800904616,847.0,146263.0,0.0,294.0
CHIN_a11de8d01a5ecd10,rep2,CHIN,0,train,42.435546875,126.33061413786814,777.0,173816.0,2.0,382.0
CHIN_437d690d7167424d,rep2,CHIN,0,val,57.222900390625,156.14914205163836,978.0,234385.0,5.0,493.0
CHIN_ea1e5b49df376026,rep2,CHIN,0,val,62.09716796875,164.5388615042191,987.0,254350.0,5.0,525.5
CHIN_c6c62ce7bb03095b,rep2,CHIN,0,test,55.642333984375,142.68924609785557,824.0,227911.0,6.0,487.0
CHIN_4fb329424e3dad09,rep2,CHIN,0,test,53.94677734375,145.2830887553206,764.0,220966.0,4.0,482.0
CHIN_0aff14c0f8d8b7e0,rep2,CHIN,0,train,79.51708984375,190.55856475757915,1177.0,325702.0,11.0,614.0
CHIN_1181d296a9d4466d,rep2,CHIN,0,train,73.6474609375,189.45991478399702,1114.0,301660.0,7.0,598.0
CHIN_2f14634f1542e0cf,rep2,CHIN,0,train,55.438232421875,147.60051723714435,844.0,227075.0,5.0,502.0
CHIN_2a056e8d00f0d57e,rep2,CHIN,0,train,54.913818359375,145.18416760754835,795.0,224927.0,5.0,505.0
CHIN_1b43b15c8ca43bcc,rep2,CHIN,0,test,62.479248046875,160.32156425100052,924.0,255915.0,7.0,537.0
CHIN_413c7aed4a1f2e45,rep2,CHIN,0,test,60.636962890625,155.2517165733735,917.0,248369.0,7.0,534.0
CHIN_e79e0f2a30775d13,rep2,CHIN,0,train,60.361328125,162.1030828857014,1045.0,247240.0,4.0,532.0
CHIN_75bef55d7e6d8415,rep2,CHIN,0,train,62.877685546875,167.99024551444253,947.0,257547.0,4.0,535.0
CHIN_3316498dc3a118cd,rep2,CHIN,0,val,51.617919921875,137.69542313353512,791.0,211427.0,6.0,436.0
CHIN_ac3eded02b4ccf68,rep2,CHIN,0,train,54.98046875,147.2589881109733,819.0,225200.0,4.0,481.0
CHIN_ae3487f724c72e24,rep2,CHIN,0,train,62.785888671875,163.253451001077,875.0,257171.0,7.0,532.0
CHIN_9336b6dd24567a55,rep2,CHIN,0,train,61.296142578125,161.59255325159725,1011.0,251069.0,10.0,460.0
CHIN_4c5b118b76314438,rep2,CHIN,0,train,60.68896484375,156.9394272435637,929.0,248582.0,13.0,484.0
CHIN_27fcb8c59cdd19ed,rep2,CHIN,0,train,61.78076171875,158.67015795170744,950.0,253054.0,14.0,452.0
CHIN_cb62ec523cd9aabf,rep2,CHIN,0,train,73.116943359375,167.9832849700494,950.0,299487.0,19.0,545.0
CHIN_4bd6df699a4a442d,rep2,CHIN,0,train,80.085693359375,172.86152455164807,934.0,328031.0,22.0,577.0
CHIN_6a1a24c637d17f3b,rep2,CHIN,0,train,81.446044921875,176.5259724908761,937.0,333603.0,22.0,594.0
CHIN_aafbbc0179d18cd3,rep2,CHIN,0,train,82.206787109375,179.3399749745076,970.0,336719.0,21.0,603.0
CHIN_ca9b1395fa31ca60,rep2,CHIN,0,train,76.295166015625,174.99574223635085,962.0,312505.0,16.0,594.0
CHIN_838823b66ebc9485,rep2,CHIN,0,train,62.498291015625,165.72498602556323,881.0,255993.0,4.0,546.0
CHIN_efd3b9f350308704,rep2,CHIN,0,val,60.97900390625,163.6278111884416,892.0,249770.0,3.0,537.0
CHIN_7342c9e2862bcb5d,rep2,CHIN,0,val,45.37060546875,139.29083029938755,851.0,185838.0,3.0,390.0
CHIN_ce6a7185cf5fa235,rep2,CHIN,0,val,44.712646484375,135.38870615427615,767.0,183143.0,3.0,388.0
CHIN_1c70d1a650016e04,rep2,CHIN,0,val,86.6640625,249.19576880229096,2034.0,354976.0,8.0,612.0
CHIN_2d7af64b36b410f4,rep2,CHIN,0,val,99.6376953125,251.2515082451639,1933.0,408116.0,13.0,646.0
CHIN_a291d6c5e031b26b,rep2,CHIN,0,train,57.528076171875,149.48298493790963,891.0,235635.0,6.0,509.0
CHIN_adea01451cb1d0a7,rep2,CHIN,0,train,61.3603515625,149.28541877903768,891.0,251332.0,11.0,516.0
CHIN_c6b545edf6771073,rep2,CHIN,0,train,60.917724609375,150.94116137607054,863.0,249519.0,9.0,508.0
CHIN_21ff4711ee55e68c,rep2,CHIN,0,train,62.744140625,157.66067252482537,896.0,257000.0,9.0,535.0
CHIN_170b0a1b9643a8db,rep2,CHIN,0,test,73.5537109375,179.6001215425645,1028.0,301276.0,10.0,574.0
CHIN_a50686a688e4cb02,rep2,CHIN,0,test,63.758544921875,164.5638783833982,901.0,261155.0,6.0,550.0
CHIN_57f596abaeaccae4,rep2,CHIN,0,train,56.8212890625,153.8155357529379,900.0,232740.0,4.0,502.0
CHIN_072974e2927b123b,rep2,CHIN,0,train,89.0888671875,209.42620738795858,1277.0,364908.0,12.0,634.0
CHIN_13ce252fbae0cbfe,rep2,CHIN,0,train,55.2734375,152.3721157486331,863.0,226400.0,3.5,503.0
CHIN_dd92f5d829bb4be0,rep2,CHIN,0,train,56.91357421875,150.91666960079937,868.0,233118.0,6.0,482.0
CHIN_91904b7e5910e56c,rep2,CHIN,0,train,58.836669921875,150.5155039416246,875.0,240995.0,8.0,489.0
CHIN_0d7c2ca69d1c63c8,rep2,CHIN,0,train,64.13525390625,170.48407145667113,1243.0,262698.0,7.0,520.0
CHIN_8996a4742f03d7bd,rep2,CHIN,0,train,59.997802734375,162.2491099415114,921.0,245751.0,4.0,537.0
CHIN_ec6956bb3f5f4be0,rep2,CHIN,0,train,56.67333984375,153.66067251420358,882.0,232134.0,4.0,517.0
CHIN_d39507f936616600,rep2,CHIN,0,val,61.454833984375,154.47177322006044,838.0,251719.0,8.0,531.0
CHIN_22e07f81f47f41b7,rep2,CHIN,0,val,65.89501953125,155.49355868202767,868.0,269906.0,13.0,521.0
CHIN_a5786a3ebf4f757f,rep2,CHIN,0,val,67.145751953125,157.80930843468576,861.0,275029.0,14.0,544.0
CHIN_7166ae9780b2f33d,rep2,CHIN,0,val,65.674072265625,159.19156101151793,824.0,269001.0,11.0,538.0
CHIN_dc7847370035ae4b,rep2,CHIN,0,val,58.675048828125,153.7836841356887,819.0,240333.0,6.0,517.0
CHIN_327765acd5ab2895,rep2,CHIN,0,val,57.9580078125,154.03334756615996,871.0,237396.0,6.0,510.0
CHIN_bfb5f6f7a0a0aa2e,rep2,CHIN,0,train,64.312255859375,175.22915216299674,1074.0,263423.0,4.0,552.0
CHIN_7c7199f99f57f610,rep2,CHIN,0,test,75.012451171875,186.71724918656136,1012.0,307251.0,9.0,629.0
CHIN_d1bcd25223375bb6,rep2,CHIN,0,val,70.394775390625,185.2312945548594,988.0,288337.0,6.0,611.0
CHIN_31f41fb4b7695a7a,rep2,CHIN,0,test,71.141845703125,184.29918236397816,1384.0,291397.0,9.0,571.25
CHIN_63b64d89cb555a98,rep2,CHIN,0,test,63.28076171875,167.57298806522275,902.0,259198.0,6.0,553.0
CHIN_f37a01bb149bdd2c,rep2,CHIN,0,train,55.780029296875,155.1275329089114,927.0,228475.0,3.0,510.0
CHIN_78a1a7d17ac8e4e2,rep2,CHIN,0,test,54.964599609375,145.4004353109344,915.0,225135.0,5.0,472.0
CHIN_776dbab456673217,rep2,CHIN,0,test,57.257568359375,146.50651188180893,973.0,234527.0,6.0,462.0
CHIN_fa05997ad11be666,rep2,CHIN,0,test,55.060791015625,145.94029529496143,838.0,225529.0,5.0,461.0
CHIN_58d99e489f853d61,rep2,CHIN,0,test,58.021240234375,154.8859200524472,917.0,237655.0,4.0,488.0
CHIN_c51ed1b8c285d019,rep2,CHIN,0,val,61.55810546875,159.91612804990388,937.0,252142.0,6.0,510.0
CHIN_0f07f9fdd2a69572,rep2,CHIN,0,train,68.86328125,177.6980309252248,939.0,282064.0,5.0,607.0
CHIN_1f7c5c2fafc1afc3,rep2,CHIN,0,train,52.4560546875,143.18122368140055,720.0,214860.0,4.0,506.0
CHIN_f18d969785c78f39,rep2,CHIN,0,train,59.3818359375,160.341891500839,1013.0,243228.0,4.0,523.0
CHIN_c2a33174c23c2960,rep2,CHIN,0,train,70.916015625,188.54572912177633,1065.0,290472.0,6.0,584.0
CHIN_f5a8f41398ecafac,rep2,CHIN,0,train,70.031982421875,182.4630412667085,993.0,286851.0,6.0,608.0
CHIN_4f3e820755d8686d,rep2,CHIN,0,train,61.572265625,161.55156107897702,832.0,252200.0,5.0,544.0
CHIN_7547f8c089f6bd2d,rep2,CHIN,0,train,59.71875,155.60459831131277,825.0,244608.0,7.0,525.0
CHIN_093ecf60a3c47f13,rep2,CHIN,0,train,64.947265625,155.43238001828382,792.0,266024.0,9.0,539.0
CHIN_6c72f6379b7c7f83,rep2,CHIN,0,train,44.550048828125,137.40540579609598,815.0,182477.0,4.0,353.0
CHIN_bedc2ff69136d27c,rep2,CHIN,0,train,45.23681640625,140.20621521593552,798.0,185290.0,2.0,382.0
CHIN_faf91596d8b88128,rep2,CHIN,0,test,125.7451171875,260.58939350520035,1770.0,515052.0,28.0,877.0
CHIN_bae49c2f837ce4c1,rep2,CHIN,0,val,72.088134765625,188.12185887077945,1080.0,295273.0,6.0,595.0
CHIN_d0ab3e0d05bbc705,rep2,CHIN,0,train,54.345947265625,163.15665012095747,1148.0,222601.0,4.0,461.0
CHIN_1886affd5bea50b1,rep2,CHIN,0,train,48.760498046875,143.8422157076073,840.0,199723.0,5.0,426.0
CHIN_409ced35971a8cee,rep2,CHIN,0,train,54.24560546875,149.8557908034545,993.0,222190.0,8.0,451.0
CHIN_57ae8a9564d86914,rep2,CHIN,0,train,63.79931640625,162.067523240705,986.0,261322.0,10.0,534.0
CHIN_d00f6b0d05aa0dba,rep2,CHIN,0,train,68.680908203125,174.03416927979845,996.0,281317.0,9.0,585.0
CHIN_5fda4207a4e790f9,rep2,CHIN,0,train,71.641357421875,183.93718022215975,1065.0,293443.0,8.0,591.0
CHIN_6575437f6319ebfd,rep2,CHIN,0,train,75.559814453125,199.16435859543543,1013.0,309493.0,4.0,668.0
CHIN_0a55e534fdc7545d,rep2,CHIN,0,val,67.16845703125,181.9022865086428,1011.0,275122.0,3.0,593.0
CHIN_ee3355b18d634b8e,rep2,CHIN,0,train,123.4033203125,249.29921884418184,1331.0,505460.0,28.0,821.0
CHIN_9549903c064709e2,rep2,CHIN,0,train,135.274658203125,248.7324673908813,1455.0,554085.0,44.5,824.0
CHIN_f1c1419569298f23,rep2,CHIN,0,train,117.020751953125,249.87367571915877,1680.0,479317.0,24.0,721.0
CHIN_e60512525b58312d,rep2,CHIN,0,test,61.4775390625,163.3978396053442,906.0,251812.0,5.0,554.0
CHIN_9461e74755c3f236,rep2,CHIN,0,train,92.47607421875,215.26652474003185,1207.0,378782.0,15.0,691.0
CHIN_23a574b35aa4cad2,rep2,CHIN,0,val,87.53759765625,208.15081848230562,1052.0,358554.0,12.0,699.0
CHIN_890c4e23088449cc,rep2,CHIN,0,val,68.273193359375,181.01686197828786,1035.0,279647.0,5.0,597.0
CHIN_0134e150bffadd1b,rep2,CHIN,0,val,67.55908203125,181.0237985733881,977.0,276722.0,4.0,600.0
CHIN_5b1d05bc659d52ce,rep2,CHIN,0,test,55.447998046875,158.35579510290071,960.0,227115.0,5.0,475.0
CHIN_db88dbeee4f734c5,rep2,CHIN,0,test,55.0859375,157.92175808686432,939.0,225632.0,5.0,486.0
CHIN_5d54f5e6e2eeaaf5,rep2,CHIN,0,train,76.56494140625,187.13520158761887,1114.0,313610.0,12.0,616.0
CHIN_276dc2f80d3fd17b,rep2,CHIN,0,train,74.92041015625,181.56584418560604,1079.0,306874.0,12.0,603.0
CHIN_597d783bf467e297,rep2,CHIN,0,train,74.659423828125,180.76957874506436,1093.0,305805.0,12.0,609.0
CHIN_c4faaae576113acc,rep2,CHIN,0,train,72.636474609375,182.193562098098,1078.0,297519.0,9.0,599.0
CHIN_07ca371a77ef3fd4,rep2,CHIN,0,val,50.389404296875,150.80979320197247,894.0,206395.0,4.0,445.0
CHIN_f9636cb1066c7698,rep2,CHIN,0,val,54.572021484375,157.93265750025637,1033.0,223527.0,6.0,460.0
CHIN_5fb265845cdfb063,rep2,CHIN,0,val,70.824951171875,178.5520904290388,1087.0,290099.0,8.0,585.0
CHIN_8f4f3c87efab8e46,rep2,CHIN,0,val,71.27001953125,182.5705633051136,1035.0,291922.0,6.0,606.0
CHIN_a0a5873995d492e4,rep2,CHIN,0,train,55.07568359375,165.89185057862213,982.0,225590.0,3.0,505.0
CHIN_27ec42e89ade22e5,rep2,CHIN,0,val,77.8779296875,201.0794969725781,1058.0,318988.0,6.0,677.0
CHIN_9d5f1985493ba5cc,rep2,CHIN,0,train,89.295654296875,220.4146975745858,1244.0,365755.0,9.0,723.5
CHIN_17d8930e9adab5f0,rep2,CHIN,0,train,73.043212890625,190.20771653002924,963.0,299185.0,6.0,655.0
CHIN_71cfdc3af27cb741,rep2,CHIN,0,test,75.81201171875,201.11399910739334,1057.0,310526.0,4.0,691.0
CHIN_cfc9f22558808905,rep2,CHIN,0,train,41.966796875,129.86876402818632,856.0,171896.0,3.0,294.0
CHIN_f860adadaee690b7,rep2,CHIN,0,train,60.74267578125,160.34805951584337,901.0,248802.0,7.0,495.0
CHIN_9f11e380cfc90784,rep2,CHIN,0,train,91.48876953125,225.3059852361929,1121.0,374738.0,9.0,759.0
CHIN_9d23c5f02dd7374e,rep2,CHIN,0,train,75.996826171875,188.0414181532853,1019.0,311283.0,10.5,614.0
CHIN_98acb48ba1e7481b,rep2,CHIN,0,train,76.268798828125,188.12813474112366,1108.0,312397.0,12.0,614.0
CHIN_20cbe6301103e773,rep2,CHIN,0,train,76.6865234375,186.87810243563789,1120.0,314108.0,14.0,614.0
CHIN_4be9a90f7551ea66,rep2,CHIN,0,train,77.6201171875,180.86336787057314,1143.0,317932.0,17.0,588.0
CHIN_b70b5bec64024ebb,rep2,CHIN,0,train,82.0478515625,186.69668320251893,1098.0,336068.0,19.0,608.0
CHIN_8cf1c5b9776a09cc,rep2,CHIN,0,train,86.159912109375,193.50515922040464,1156.0,352911.0,20.0,656.0
CHIN_de804d8b4eb4fa33,rep2,CHIN,0,train,86.543701171875,193.74197449198076,1131.0,354483.0,21.0,640.0
CHIN_7480d77a14ad4716,rep2,CHIN,0,train,88.633544921875,197.10744273659503,1152.0,363043.0,21.0,656.0
CHIN_3ed028798e697d9f,rep2,CHIN,0,train,90.536865234375,202.170092247959,1156.0,370839.0,21.0,676.0
CHIN_2162125d7d40a72a,rep2,CHIN,0,train,86.901611328125,204.52548534977217,1065.0,355949.0,15.0,654.0
CHIN_4290884d21f50f71,rep2,CHIN,0,train,84.83642578125,203.2893916541145,1038.0,347490.0,14.0,661.0
CHIN_b60bcb6a563a796c,rep2,CHIN,0,train,70.665283203125,182.1445289316811,1019.0,289445.0,7.0,632.0
CHIN_4c746ab4abe6056d,rep2,CHIN,0,train,73.90966796875,195.01790318527267,1056.0,302734.0,5.0,654.0
CHIN_12faf31bfcc0dac1,rep2,CHIN,0,val,87.87939453125,220.35275032414427,1105.0,359954.0,7.0,739.0
CHIN_ffb342e7762c971b,rep2,CHIN,0,train,74.14208984375,192.55007421449506,961.0,303686.0,6.0,651.0
CHIN_1eda231c69a32156,rep2,CHIN,0,train,81.297119140625,210.1101235427226,1072.0,332993.0,6.0,713.0
CHIN_7993abe94866773d,rep2,CHIN,0,train,73.994873046875,182.73401286059536,939.0,303083.0,10.0,637.0
CHIN_74d847ba17a94412,rep2,CHIN,0,train,73.30615234375,181.82008680576223,920.0,300262.0,9.0,626.0
CHIN_a93b99b46d39efb8,rep2,CHIN,0,train,74.147216796875,186.48316219512378,969.0,303707.0,8.0,633.0
CHIN_e5de6e56d385e2ef,rep2,CHIN,0,train,73.63916015625,205.51659297954427,1113.0,301626.0,5.0,675.0
CHIN_7be712b5421ea380,rep2,CHIN,0,train,80.76416015625,200.40083013653373,1064.0,330810.0,8.0,679.0
CHIN_992805e6506de16e,rep2,CHIN,0,val,144.3642578125,317.5715672475395,1961.0,591316.0,23.0,884.25
CHIN_c1610920a984ce60,rep2,CHIN,0,val,79.884521484375,197.5561124665991,1034.0,327207.0,10.0,650.0
CHIN_40431770bb3161b3,rep2,CHIN,0,train,98.919677734375,228.06032718437245,1253.0,405175.0,14.0,756.0
CHIN_155c0872526c85bb,rep2,CHIN,0,train,76.0068359375,200.93328619256928,1100.0,311324.0,5.0,653.0
CHIN_08c97d9eff842e36,rep2,CHIN,0,train,68.82080078125,182.01252080939378,970.0,281890.0,4.0,618.0
CHIN_d2f86a32da053e28,rep2,CHIN,0,train,66.09814453125,175.32107442398998,936.0,270738.0,5.0,589.0
CHIN_016dd7404328fa8e,rep2,CHIN,0,train,77.31640625,194.02643330401844,1040.0,316688.0,8.0,664.0
CHIN_278875092b882687,rep2,CHIN,0,train,84.0537109375,211.90806698522934,1125.0,344284.0,8.0,681.0
CHIN_e1d457f01594d475,rep2,CHIN,0,train,77.375244140625,202.6522239924856,1107.0,316929.0,6.0,662.0
CHIN_05391e6f08c9897f,rep2,CHIN,0,val,77.226318359375,197.64300178110807,1073.0,316319.0,7.0,662.0
CHIN_c36249e67a41eb04,rep2,CHIN,0,train,66.461181640625,173.7027784216943,1040.0,272225.0,6.0,570.0
CHIN_58e00648c4307690,rep2,CHIN,0,train,80.412109375,208.96073193325532,1140.0,329368.0,7.0,700.0
CHIN_42b69aefb1e2f90e,rep2,CHIN,0,val,53.448486328125,161.07756884863068,1076.0,218925.0,4.0,476.75
CHIN_2cf23c80facc9bd4,rep2,CHIN,0,train,76.47900390625,193.48015495121277,1110.0,313258.0,8.0,646.0
CHIN_e2127c2e68c0c686,rep2,CHIN,0,train,73.092529296875,188.98873556577675,1080.0,299387.0,8.0,630.0
CHIN_2f0656ffb562f4fc,rep2,CHIN,0,train,72.4638671875,192.31655388329122,980.0,296812.0,4.0,647.0
CHIN_4b3800cf2fefec7c,rep2,CHIN,0,train,66.556396484375,168.01880284211958,1041.0,272615.0,10.0,526.0
CHIN_487a371c98e2d168,rep2,CHIN,0,train,64.72705078125,165.58163262036035,1035.0,265122.0,9.0,525.0
CHIN_4cef58bf54385ad0,rep2,CHIN,0,train,62.12109375,163.44163320650574,1041.0,254448.0,7.0,518.0
CHIN_4512d3902e0a850f,rep2,CHIN,0,train,58.6298828125,158.63258368638367,965.0,240148.0,4.0,541.0
CHIN_34efc001937deb79,rep2,CHIN,0,train,75.1953125,200.88010318827895,1071.0,308000.0,5.0,661.0
CHIN_aa90853f07faf5ba,rep2,CHIN,0,val,65.1689453125,168.60751731456514,929.0,266932.0,7.0,553.0
CHIN_6230ca4ce9b8e644,rep2,CHIN,0,train,73.880859375,192.02715609154146,1060.0,302616.0,6.0,650.0
CHIN_67d1ad42ef37c115,rep2,CHIN,0,train,64.00048828125,171.53192748931343,959.0,262146.0,4.0,576.0
CHIN_623e8fe7b2afd1a8,rep2,CHIN,0,test,77.95556640625,205.86120072309825,1032.0,319306.0,5.0,680.0
OPCID_a48ec8c6b5e6e38b,rep2,OPCID,1,train,90.42724609375,211.78761121808535,1118.0,370390.0,15.0,714.0
OPCID_eaf35ae5cddf4c0d,rep2,OPCID,1,test,107.861083984375,225.47257985571932,1178.0,441799.0,27.0,774.0
OPCID_a3c7ad9c66cf12f1,rep2,OPCID,1,test,133.507080078125,261.349353955876,1387.0,546845.0,34.0,893.0
OPCID_07d051796dc7059b,rep2,OPCID,1,train,136.759765625,267.70099487775315,1302.0,560168.0,33.0,939.0
OPCID_ef9d936de4b62940,rep2,OPCID,1,train,89.811279296875,212.32379477546925,1084.0,367867.0,11.0,706.0
OPCID_1612f8f2ea7e9f06,rep2,OPCID,1,val,90.14013671875,213.350037877853,1186.0,369214.0,14.0,726.0
OPCID_4c1cd6d81f6b0f95,rep2,OPCID,1,val,92.93603515625,206.9941471713301,1177.0,380666.0,19.0,731.0
OPCID_d003e176e8d23c63,rep2,OPCID,1,val,105.56494140625,226.21249296628162,1226.0,432394.0,24.0,786.0
OPCID_36e0565260f2141f,rep2,OPCID,1,train,62.68359375,164.61034715652357,959.0,256752.0,6.0,545.0
OPCID_392028707b8a2532,rep2,OPCID,1,train,118.2919921875,229.84283797901978,1267.0,484524.0,22.0,711.0
OPCID_4421803242064dec,rep2,OPCID,1,train,90.513916015625,209.16237641767282,1101.0,370745.0,15.0,727.0
OPCID_10f9269e6bda4947,rep2,OPCID,1,train,83.164794921875,201.85810552579218,1091.0,340643.0,8.0,644.0
OPCID_9dc38e719d08f155,rep2,OPCID,1,test,95.0205078125,213.40013300588552,1174.0,389204.0,18.0,716.0
OPCID_69a72fb00fdc2938,rep2,OPCID,1,train,104.333984375,234.81419636344873,1177.0,427352.0,18.0,794.0
OPCID_17d26e5c8bdd11fa,rep2,OPCID,1,train,160.95263671875,289.2568353551707,1743.0,659262.0,40.0,810.0
OPCID_b1757a56703936d1,rep2,OPCID,1,train,96.92822265625,210.5469085676347,1128.0,397018.0,23.0,716.0
OPCID_a6f2fecc54bc432d,rep2,OPCID,1,test,97.68359375,220.79949275386983,1204.0,400112.0,17.0,718.0
OPCID_9ac65fd4bf038173,rep2,OPCID,1,test,73.572021484375,189.26362542908777,1109.0,301351.0,7.0,576.0
OPCID_430b7c0bb5fc530a,rep2,OPCID,1,test,105.96875,232.80012131520678,1259.0,434048.0,22.0,774.0
OPCID_0f71385a399dc767,rep2,OPCID,1,train,73.487060546875,183.76199293492195,987.0,301003.0,9.0,598.0
OPCID_304b6ccbb191eb65,rep2,OPCID,1,train,66.231201171875,163.65187456296138,995.0,271283.0,9.0,532.0
OPCID_7a866c11603150e7,rep2,OPCID,1,train,68.487060546875,171.77275887621283,959.0,280523.0,8.0,581.0
OPCID_3045d21bebe98beb,rep2,OPCID,1,test,146.552978515625,247.60876738408191,1347.0,600281.0,67.0,824.0
OPCID_414cf80847bd9929,rep2,OPCID,1,train,83.69384765625,195.42339107321547,987.0,342810.0,12.0,625.0
OPCID_129f719ef537ae3f,rep2,OPCID,1,val,65.04638671875,166.36043617180235,919.0,266430.0,7.0,568.0
OPCID_fa9e2c77b6424ea9,rep2,OPCID,1,train,71.978271484375,180.24021722363943,1059.0,294823.0,8.0,567.0
OPCID_1734fe040179910f,rep2,OPCID,1,train,69.498779296875,174.8952937275361,927.0,284667.0,8.0,590.0
OPCID_029d6f79d3b495d7,rep2,OPCID,1,train,73.544921875,183.9194489570948,939.0,301240.0,8.0,615.0
OPCID_33579465745b0522,rep2,OPCID,1,train,78.096435546875,184.1907732334221,1074.0,319883.0,13.0,620.0
OPCID_ae970230ebbec9d2,rep2,OPCID,1,train,111.882568359375,229.71354790405627,1249.0,458271.0,22.0,745.0
OPCID_9d9e69ad0ce51f11,rep2,OPCID,1,train,78.21826171875,189.98258739728195,1101.0,320382.0,10.0,610.0
OPCID_8d5d9994a513fc11,rep2,OPCID,1,train,70.53564453125,177.04232285255944,973.0,288914.0,7.0,597.0
OPCID_c4aea9eca44028ce,rep2,OPCID,1,train,109.20751953125,235.49684719994215,1287.0,447314.0,21.0,761.0
OPCID_3a4aa0d0d21262a8,rep2,OPCID,1,train,126.40576171875,255.8919562385341,1362.0,517758.0,35.0,835.0
OPCID_33b4f3a14ebbc59e,rep2,OPCID,1,train,166.085693359375,280.2386725702107,1361.0,680287.0,61.0,1017.0
OPCID_6abc058ae2242c3c,rep2,OPCID,1,train,91.207275390625,219.29556021559537,1354.0,373585.0,11.0,687.0
OPCID_c0709bc7c08ec44f,rep2,OPCID,1,val,113.20849609375,234.1662674398741,1374.0,463702.0,28.0,786.0
OPCID_c8522caa8fd83322,rep2,OPCID,1,val,125.103271484375,244.65132301415957,1269.0,512423.0,34.0,801.0
OPCID_630c92ecf870fece,rep2,OPCID,1,train,83.53173828125,206.19321535658673,1294.0,342146.0,8.0,663.0
OPCID_adee45e8dfb40894,rep2,OPCID,1,train,97.596923828125,230.51439353173328,1888.0,399757.0,11.0,703.25
OPCID_079060fd1545272e,rep2,OPCID,1,test,102.328125,227.40812179300428,1202.0,419136.0,20.0,778.0
OPCID_3808275a8edee593,rep2,OPCID,1,test,83.977783203125,201.32494539245084,998.0,343973.0,12.0,674.0
OPCID_e946d7d808213e3f,rep2,OPCID,1,train,75.683349609375,193.6377801930114,1081.0,309999.0,8.0,644.0
OPCID_ee3461cf21068a4c,rep2,OPCID,1,train,74.087890625,192.30703495506032,1050.0,303464.0,6.0,639.0
OPCID_210f8ff672fa4c9a,rep2,OPCID,1,train,76.39453125,187.4493306780669,1074.0,312912.0,9.0,613.0
OPCID_e04790b97d37c16e,rep2,OPCID,1,train,84.21337890625,202.12699871632034,1134.0,344938.0,12.0,651.0
OPCID_149d0308ae463e46,rep2,OPCID,1,train,130.427734375,246.65009663145167,1220.0,534232.0,36.0,867.0
OPCID_8429a777f942f05d,rep2,OPCID,1,train,76.261474609375,193.71723321759936,1410.0,312367.0,8.0,644.5
OPCID_bb60f5d218faa929,rep2,OPCID,1,train,89.837158203125,211.90594491049222,1063.0,367973.0,15.0,711.0
OPCID_dee7d45a8897305b,rep2,OPCID,1,val,81.9033203125,195.41675824513624,1086.0,335476.0,11.0,660.0
OPCID_ad7cb00f8c882c61,rep2,OPCID,1,train,103.158935546875,224.76655073071385,1163.0,422539.0,20.0,739.0
OPCID_b7f0a78b5bc75834,rep2,OPCID,1,test,137.72509765625,259.7589996617324,1222.0,564122.0,42.0,895.0
OPCID_725a69a69963ad59,rep2,OPCID,1,train,234.77490234375,353.44186159304564,1897.0,961638.0,93.0,1221.0
OPCID_3b8eefccce2e36fc,rep2,OPCID,1,train,80.857666015625,200.6453759727346,1032.0,331193.0,9.0,677.0
OPCID_5c038f6d802a0373,rep2,OPCID,1,train,194.930419921875,307.0724945141267,1608.0,798435.0,69.0,1080.0
OPCID_3ca243441c0a5a91,rep2,OPCID,1,train,170.47119140625,293.76699111456077,1893.0,698250.0,59.0,1038.25
OPCID_6e5625e30f0c3e40,rep2,OPCID,1,train,219.31982421875,341.8748396902737,1864.0,898334.0,71.0,1095.0
OPCID_f124da0b3913d5c3,rep2,OPCID,1,train,124.3837890625,251.19003029427094,1367.0,509476.0,26.0,827.0
OPCID_a2fcb5ddde5dbcf6,rep2,OPCID,1,train,113.502685546875,236.27489843296217,1312.0,464907.0,25.0,792.0
OPCID_7a387ab67a4e089c,rep2,OPCID,1,train,112.25439453125,240.74890221189997,1250.0,459794.0,23.0,804.0
OPCID_22365f72e65106b5,rep2,OPCID,1,val,145.7119140625,285.2497946130814,1276.0,596836.0,36.0,993.0
OPCID_092946eccc52a81c,rep2,OPCID,1,train,104.460205078125,238.88874379605653,1237.0,427869.0,17.0,825.0
OPCID_f235f321095064d1,rep2,OPCID,1,train,120.91748046875,256.34141952932265,1447.0,495278.0,26.0,881.0
OPCID_52757c7e517094bd,rep2,OPCID,1,train,96.319580078125,224.6994132955637,1239.0,394525.0,14.0,757.0
OPCID_4a51b9db831f2860,rep2,OPCID,1,val,103.41455078125,229.20159279515767,1266.0,423586.0,20.0,782.0
OPCID_b9f55508e75e487b,rep2,OPCID,1,train,91.716552734375,217.63923901452029,1127.0,375671.0,13.0,750.0
OPCID_1d111d2805e7745b,rep2,OPCID,1,train,96.86376953125,232.63062316016004,1140.0,396754.0,12.0,804.0
OPCID_54d272e23bb92a3b,rep2,OPCID,1,val,88.447509765625,211.34193445788344,1005.0,362281.0,12.0,727.0
CHID_10c0edbfd02353c9,rep2,CHID,2,train,64.692138671875,161.42256904650762,863.0,264979.0,9.0,542.0
CHID_d5d6186c6918f2bb,rep2,CHID,2,train,45.137451171875,137.8770218281167,800.0,184883.0,3.0,398.0
CHID_21f48d066f082128,rep2,CHID,2,train,42.941650390625,135.09794177082682,835.0,175889.0,2.0,406.0
CHID_85b41ba2b9c36824,rep2,CHID,2,test,42.83740234375,128.8539303956555,790.0,175462.0,3.0,382.0
CHID_c16193a866007239,rep2,CHID,2,train,61.983642578125,159.31718919642782,885.0,253885.0,6.0,544.0
CHID_ddb48e888603fa31,rep2,CHID,2,train,35.4609375,119.23093375447851,778.0,145248.0,1.0,280.0
CHID_9ee02f36e2c46f9c,rep2,CHID,2,train,54.263427734375,145.67934437425623,902.0,222263.0,6.0,429.0
CHID_98a77fbf535246a2,rep2,CHID,2,val,49.7041015625,135.45370210099347,810.0,203588.0,3.0,449.0
CHID_5977802645c5a666,rep2,CHID,2,train,52.98779296875,138.53149619103192,764.0,217038.0,4.0,453.0
CHID_2ca33fd28f8ff17d,rep2,CHID,2,test,55.49853515625,145.11520039118224,729.0,227322.0,5.0,503.0
CHID_e99742d9fb1834b2,rep2,CHID,2,train,78.87255859375,171.6203009669907,937.0,323062.0,21.0,566.0
CHID_3dbc3a51ad1f4a2e,rep2,CHID,2,train,60.816650390625,148.1545175168652,863.0,249105.0,11.0,509.0
CHID_22cd1a298e3f8de6,rep2,CHID,2,train,58.640625,148.17915759019763,842.0,240192.0,9.0,495.0
CHID_a3539b4c5da95bec,rep2,CHID,2,val,66.2412109375,159.85103820413516,860.0,271324.0,11.0,534.0
CHID_242423613227795b,rep2,CHID,2,test,63.647216796875,168.49667272038258,911.0,260699.0,7.0,535.0
CHID_bb5176753cf7c269,rep2,CHID,2,test,57.5087890625,147.39570240280034,941.0,235556.0,6.0,479.0
CHID_f834d1ac36e1b8fa,rep2,CHID,2,train,62.5537109375,151.66225308120158,815.0,256220.0,8.0,531.0
CHID_0fd794b4635bec68,rep2,CHID,2,train,48.760498046875,143.8422157076073,840.0,199723.0,5.0,426.0
CHID_73f567423cf41748,rep2,CHID,2,train,74.343994140625,180.06521870253175,1061.0,304513.0,13.0,605.0
CHID_f06b787cca3dcb95,rep2,CHID,2,val,56.259033203125,160.01061226232872,1038.0,230437.0,6.0,477.0
CHID_829be93d3f3a9719,rep2,CHID,2,train,48.834228515625,143.2726725564076,1003.0,200025.0,6.0,352.0
CHID_2dad41c5a944685a,rep2,CHID,2,train,88.9775390625,197.94160968114446,1152.0,364452.0,21.0,656.0
CHID_719d61be1e7fecf1,rep2,CHID,2,train,74.0673828125,182.7988599360827,936.0,303380.0,10.0,626.0
CHID_0def30026dacfa28,rep2,CHID,2,train,60.46923828125,173.0159404658402,1175.0,247682.0,5.0,545.0
CHID_52339c707e099308,rep2,CHID,2,train,64.92529296875,166.43944001436972,1014.0,265934.0,9.0,510.0
CHID_299eef69ee510b9f,rep2,CHID,2,val,67.253173828125,173.28017108175456,908.0,275469.0,7.0,575.0
