structure_id,true_label_id,predicted_label_id,replicates_used,missing_replicate,score_0,score_1,score_2
CHIN_e75b43fe8984729d,0,0,rep1;rep2,False,0.7101461469763521,-0.2883787012546117,-0.42176744572180214
CHIN_6f0fc226dcac97e0,0,0,rep1;rep2,False,0.6759677041611378,-0.17527377941561076,-0.5006939247455902
CHIN_95865e7aff35770d,0,0,rep1;rep2,False,0.7734239914374097,-0.5130223054168019,-0.26040168602066893
CHIN_347c5b87a6218f43,0,0,rep1;rep2,False,0.8589219919936129,-0.916364796113076,0.05744280411940509
CHIN_5a72ba4e9470db3b,0,0,rep1;rep2,False,0.7503909850012802,0.025183122423699175,-0.775574107425042
CHIN_fba1a86abad8c7a7,0,0,rep1;rep2,False,0.5313499791825099,-0.2601429824925255,-0.2712069966900454
CHIN_a1e86caa5ea8ad7a,0,2,rep1;rep2,False,0.9430326165781248,-2.4200992597357884,1.4770666431576034
CHIN_101609e6a031b5b2,0,2,rep1;rep2,False,1.1567666040171116,-4.686065842582529,3.529299238565371
CHIN_31f753a6c5032426,0,2,rep1;rep2,False,1.0410217502761094,-3.6859648624281114,2.6449431121519504
CHIN_d09cbcfd88a8bdfb,0,0,rep1;rep2,False,0.8506777474949637,-1.3075685015720153,0.45689075407699276
CHIN_d42479337ed2ab90,0,0,rep1;rep2,False,0.809139987606407,-1.1110295545587419,0.3018895669522754
CHIN_ed327955a26354f8,0,0,rep1;rep2,False,0.7733979255930834,-1.4430360846949546,0.6696381591018101
CHIN_5d2c28e9756edcc4,0,2,rep1;rep2,False,0.8184465919713368,-1.8908046460117385,1.0723580540403406
CHIN_c7e63e408c4c9165,0,0,rep1;rep2,False,0.6122386178705828,-0.634887548826933,0.022648930956288282
CHIN_ca43f16bb916c0f9,0,2,rep1;rep2,False,0.8039868158070425,-2.0564056352193942,1.252418819412293
CHIN_b62b5345635fb8d8,0,0,rep1;rep2,False,0.6886493743260652,-1.2916921895095115,0.6030428151833842
CHIN_20739850c2069452,0,2,rep1;rep2,False,0.717550924800026,-1.5613359253770567,0.8437850005769696
CHIN_bc406ed7cc5a05e9,0,2,rep1;rep2,False,0.9872866717197935,-2.550899364884394,1.5636126931645422
CHIN_c6c62ce7bb03095b,0,2,rep1;rep2,False,0.7465514231827185,-1.9496657104432369,1.203114287260457
CHIN_4fb329424e3dad09,0,2,rep1;rep2,False,0.8343602585056624,-1.7655547838310826,0.9311945253253577
CHIN_1b43b15c8ca43bcc,0,0,rep1;rep2,False,0.6309876528514449,-1.0917524452043774,0.4607647923528717
CHIN_413c7aed4a1f2e45,0,2,rep1;rep2,False,0.6738948698105875,-1.367400168881024,0.6935052990703757
CHIN_170b0a1b9643a8db,0,0,rep1;rep2,False,0.3239387269425187,-0.1955680514383147,-0.12837067550426473
CHIN_a50686a688e4cb02,0,0,rep1;rep2,False,0.6597597149010632,-0.7576171110487668,0.09785739614764176
CHIN_7c7199f99f57f610,0,0,rep1;rep2,False,0.4479998240010664,0.1742505853209818,-0.6222504093221115
CHIN_31f41fb4b7695a7a,0,0,rep1;rep2,False,0.4887014537825239,-0.03977173219980261,-0.44892972158277433
CHIN_63b64d89cb555a98,0,0,rep1;rep2,False,0.6812879150912423,-0.7850858169422288,0.10379790185092409
CHIN_78a1a7d17ac8e4e2,0,2,rep1;rep2,False,0.767998877889396,-1.7530725115798782,0.9850736336904231
CHIN_776dbab456673217,0,2,rep1;rep2,False,0.6533886470737038,-1.5409778690673237,0.8875892219935626
CHIN_fa05997ad11be666,0,2,rep1;rep2,False,0.7240193200665123,-1.747176509536173,1.0231571894696003
CHIN_58d99e489f853d61,0,0,rep1;rep2,False,0.7560676088165221,-1.1381959268550013,0.3821283180384183
CHIN_faf91596d8b88128,0,1,rep1;rep2,False,-0.8307536544041457,3.562205595749375,-2.731451941345285
CHIN_e60512525b58312d,0,0,rep1;rep2,False,0.7768054319903683,-0.8944256180962685,0.11762018610583755
CHIN_5b1d05bc659d52ce,0,0,rep1;rep2,False,0.8026681007638423,-1.4457957956245933,0.6431276948606924
CHIN_db88dbeee4f734c5,0,0,rep1;rep2,False,0.8251698221668045,-1.5541149531546083,0.728945130987745
CHIN_71cfdc3af27cb741,0,1,rep1;rep2,False,0.65567998806076,1.1613323598610223,-1.8170123479218478
CHIN_623e8fe7b2afd1a8,0,1,rep1;rep2,False,0.5974493662253981,1.3556256997334923,-1.9530750659589557
OPCID_eaf35ae5cddf4c0d,1,1,rep1;rep2,False,-0.6399017254749187,1.324135856885242,-0.6842341314103881
OPCID_a3c7ad9c66cf12f1,1,1,rep1;rep2,False,-1.2534749935836602,3.3710263106493557,-2.117551317065761
OPCID_9dc38e719d08f155,1,1,rep1;rep2,False,-0.10223240949820034,1.091727883627317,-0.9894954741291802
OPCID_a6f2fecc54bc432d,1,1,rep1;rep2,False,-0.3044156690372504,1.9318382289761236,-1.627422559938935
OPCID_9ac65fd4bf038173,1,1,rep1;rep2,False,0.45884974070485796,0.5200261064598185,-0.9788758471647359
OPCID_430b7c0bb5fc530a,1,1,rep1;rep2,False,-0.4562422710948163,1.9116645508649959,-1.4554222797702439
OPCID_3045d21bebe98beb,1,2,rep1;rep2,False,-2.935664482812682,-0.5053804489401105,3.441044931752735
OPCID_079060fd1545272e,1,1,rep1;rep2,False,-0.2670010801958909,1.7729964080665572,-1.5059953278707312
OPCID_3808275a8edee593,1,1,rep1;rep2,False,0.21094925919024504,0.7892712771582626,-1.0002205363485728
OPCID_b7f0a78b5bc75834,1,1,rep1;rep2,False,-1.5170231680650064,2.434023029321823,-0.9169998612568833
CHID_85b41ba2b9c36824,2,2,rep1;rep2,False,0.988593914696991,-2.9114823736230138,1.9228884589259658
CHID_2ca33fd28f8ff17d,2,2,rep1;rep2,False,0.79206310438747,-1.8075420552739478,1.0154789508864148
CHID_242423613227795b,2,0,rep1;rep2,False,0.6214884247543528,-0.8675767566235764,0.2460883318691612
CHID_bb5176753cf7c269,2,2,rep1;rep2,False,0.6953089058137669,-1.5842561955684251,0.8889472897545994
