structure_id,replicate,true_class,predicted_class,correct,diagonal_attention_ratio,zero_axis_attention_ratio,cam_input_pearson,cam_input_spearman,has_zero_axis
CHIN_e75b43fe8984729d,rep1,CHIN,CHIN,True,0.12161952717297142,0.0,0.3376006809586741,0.4600830605026155,False
CHIN_e75b43fe8984729d,rep2,CHIN,CHIN,True,0.14661357208647158,0.0,0.4494503380565778,0.5949334619245955,False
CHIN_6f0fc226dcac97e0,rep1,CHIN,CHIN,True,0.13291387224562928,0.0,0.4283957046420049,0.606313337614938,False
CHIN_6f0fc226dcac97e0,rep2,CHIN,CHIN,True,0.1498931530125148,0.0,0.4688838868583116,0.6160673767736855,False
CHIN_95865e7aff35770d,rep1,CHIN,CHIN,True,0.14232905167758653,0.2541694075176433,0.3087501815556427,0.26729503657237547,True
CHIN_95865e7aff35770d,rep2,CHIN,CHIN,True,0.1530782659582423,0.2529309407145956,0.35306119543371184,0.26918712198652156,True
CHIN_347c5b87a6218f43,rep1,CHIN,CHIN,True,0.14077391699096875,0.25304516273759803,0.28916671511472636,0.22600178248408,True
CHIN_347c5b87a6218f43,rep2,CHIN,CHIN,True,0.14809033080500852,0.24468790699255355,0.32782505366798154,0.2461004004381099,True
CHIN_5a72ba4e9470db3b,rep1,CHIN,CHIN,True,0.13125032647126522,0.0,0.42212915722448074,0.5520170256721643,False
CHIN_5a72ba4e9470db3b,rep2,CHIN,CHIN,True,0.14589037873697314,0.0,0.478134456358443,0.5934324703131916,False
CHIN_a1e86caa5ea8ad7a,rep1,CHIN,CHID,False,0.12104820741729554,0.0,0.30980304280297455,0.5680370927619177,False
CHIN_a1e86caa5ea8ad7a,rep2,CHIN,CHID,False,0.1518630770232257,0.01270823871258032,0.4583683430646529,0.6982171347516865,True
CHIN_101609e6a031b5b2,rep1,CHIN,CHID,False,0.15288300604668031,0.21339546322491382,0.4297914987517814,0.26741002735492386,True
CHIN_101609e6a031b5b2,rep2,CHIN,CHID,False,0.158494470987239,0.18211312963514453,0.46827233788393846,0.27151896882820664,True
CHIN_31f753a6c5032426,rep1,CHIN,CHID,False,0.11537104905304417,0.05491626107772162,0.1617469968499656,0.21997065365319415,True
CHIN_31f753a6c5032426,rep2,CHIN,CHID,False,0.1336835881394339,0.024262533069939744,0.31181860515029075,0.3283327806315794,True
OPCID_eaf35ae5cddf4c0d,rep1,OPCID,OPCID,True,0.1822005102252012,0.0,0.4996882970218264,0.8091338498963649,False
OPCID_eaf35ae5cddf4c0d,rep2,OPCID,OPCID,True,0.16564235634525362,0.0,0.4093069371357668,0.7387236739101566,False
OPCID_a3c7ad9c66cf12f1,rep1,OPCID,OPCID,True,0.16344392691788065,0.0,0.4727268098095988,0.8189722453160139,False
OPCID_a3c7ad9c66cf12f1,rep2,OPCID,OPCID,True,0.148360768087255,0.0,0.4118656710930402,0.7972244899195412,False
OPCID_9dc38e719d08f155,rep1,OPCID,OPCID,True,0.20186796334278442,0.0,0.49149120939045887,0.7754755600599642,False
OPCID_9dc38e719d08f155,rep2,OPCID,OPCID,True,0.1661491376866148,0.0,0.3691782352959029,0.703120044513543,False
OPCID_a6f2fecc54bc432d,rep1,OPCID,OPCID,True,0.16765432736023203,0.0,0.46095585816297485,0.7696702899605206,False
OPCID_a6f2fecc54bc432d,rep2,OPCID,OPCID,True,0.1752254098445261,0.0,0.4253694338420675,0.6410231353496935,False
OPCID_430b7c0bb5fc530a,rep1,OPCID,OPCID,True,0.18305513084350425,0.0,0.4832288315453669,0.8053969738103547,False
OPCID_430b7c0bb5fc530a,rep2,OPCID,OPCID,True,0.16508458752530528,0.0,0.41061107309069556,0.7624137205600721,False
OPCID_9ac65fd4bf038173,rep1,OPCID,CHIN,False,0.13515908879032493,0.0,0.32585325046072194,0.29296085601967187,False
OPCID_9ac65fd4bf038173,rep2,OPCID,CHIN,False,0.16608648672758541,0.0,0.4284826261372398,0.4134221461467895,False
CHID_85b41ba2b9c36824,rep1,CHID,CHID,True,0.14079461377052133,0.0,0.357964066420331,0.280285504600479,False
CHID_85b41ba2b9c36824,rep2,CHID,CHID,True,0.15649790022355448,0.031734869091025054,0.4515604247178605,0.3635138247617314,True
CHID_242423613227795b,rep1,CHID,CHID,True,0.08351542757504012,0.0,-0.02586636543577622,0.014288084368897861,False
CHID_242423613227795b,rep2,CHID,CHID,True,0.13001880209758027,0.0,0.32595779349967724,0.3885805161390292,False
CHID_bb5176753cf7c269,rep1,CHID,CHID,True,0.13073886001135349,0.0,0.33475635531574965,0.21414378429938724,False
CHID_bb5176753cf7c269,rep2,CHID,CHID,True,0.16885115622582925,0.0,0.4707960662034476,0.3862597746132131,False
CHID_2ca33fd28f8ff17d,rep1,CHID,CHIN,False,0.12913597419919925,0.0,0.39880926318837223,0.4767560201703359,False
CHID_2ca33fd28f8ff17d,rep2,CHID,CHIN,False,0.14596898086384374,0.0,0.4829456638839774,0.5355788029399269,False
