method,candidate_fraction,candidate_windows,overall_recall,CHIN_recall,OPCID_recall,CHID_recall
density_only,0.01,58,0.02616279069767442,0.004,0.11764705882352941,0.0
density_only,0.02,116,0.055232558139534885,0.016,0.22058823529411764,0.0
density_only,0.05,290,0.12790697674418605,0.068,0.38235294117647056,0.038461538461538464
density_only,0.1,580,0.2238372093023256,0.148,0.5441176470588235,0.11538461538461539
density_only,0.2,1159,0.38953488372093026,0.292,0.7941176470588235,0.2692307692307692
shape_only,0.01,58,0.020348837209302327,0.024,0.0,0.038461538461538464
shape_only,0.02,116,0.0377906976744186,0.048,0.0,0.038461538461538464
shape_only,0.05,290,0.0872093023255814,0.112,0.0,0.07692307692307693
shape_only,0.1,580,0.15406976744186046,0.192,0.029411764705882353,0.11538461538461539
shape_only,0.2,1159,0.2558139534883721,0.328,0.029411764705882353,0.15384615384615385
combined,0.01,58,0.023255813953488372,0.004,0.10294117647058823,0.0
combined,0.02,116,0.04941860465116279,0.016,0.19117647058823528,0.0
combined,0.05,290,0.12790697674418605,0.08,0.3382352941176471,0.038461538461538464
combined,0.1,580,0.23837209302325582,0.164,0.5441176470588235,0.15384615384615385
combined,0.2,1159,0.5,0.416,0.75,0.6538461538461539
