region_id,chrom,start,end,center,member_count,peak_window_id,peak_score,known_overlap,known_interval_overlap,known_types,known_structure_ids
REGION_00001,MG1655,85600,97600,91600,8,WIN_f4262ee1df5d5e3f,2.0846738869814967,True,True,OPCID,OPCID_eaf35ae5cddf4c0d
REGION_00002,MG1655,99200,113600,106400,11,WIN_554bcf1977ae73bd,3.566375178376604,True,True,OPCID,OPCID_a3c7ad9c66cf12f1
REGION_00003,MG1655,117600,132800,125200,12,WIN_b24fc7e97e85cdb8,3.9670387530520816,True,True,OPCID,OPCID_07d051796dc7059b
REGION_00004,MG1655,192000,206400,199200,11,WIN_2b4b0f14e5a31132,1.696356862476823,True,True,OPCID,OPCID_1612f8f2ea7e9f06;OPCID_4c1cd6d81f6b0f95;OPCID_d003e176e8d23c63
REGION_00005,MG1655,317600,328800,323200,7,WIN_e1034089d0a09e57,3.8566128646754274,True,True,CHIN;OPCID,CHIN_b10a121ad52a995a;OPCID_392028707b8a2532
REGION_00006,MG1655,425600,436000,430800,6,WIN_ad3df89c77406d8c,1.524381634299886,True,True,CHIN;OPCID,CHIN_0dd4c64ce8f39b0c;OPCID_4421803242064dec
REGION_00007,MG1655,456000,463200,459600,2,WIN_5e931dfc0d4629ac,1.0741699466909087,False,False,,
REGION_00008,MG1655,700000,708800,704400,2,WIN_63749d6c60f86d40,0.9559174955957866,True,True,OPCID,OPCID_9dc38e719d08f155
REGION_00009,MG1655,766400,780000,773200,10,WIN_c2a1d4ce0daf04bf,6.198281194690358,True,True,OPCID,OPCID_17d26e5c8bdd11fa
REGION_00010,MG1655,777600,784000,780800,1,WIN_0c5220cf6604cce1,0.915966530907562,False,False,,
REGION_00011,MG1655,931200,941600,936400,6,WIN_e4bc09e904bc3114,1.3504702692610993,True,True,OPCID,OPCID_b1757a56703936d1
REGION_00012,MG1655,948000,958400,953200,6,WIN_7b692ac6dcefcc8a,1.4165050643994128,True,True,OPCID,OPCID_a6f2fecc54bc432d
REGION_00013,MG1655,980800,992000,986400,7,WIN_3f2b46144752f021,1.761996159200344,False,False,,
REGION_00014,MG1655,1138400,1164000,1151200,25,WIN_f18c7d82b4ba2981,2.38682204316288,True,True,OPCID,OPCID_430b7c0bb5fc530a
REGION_00015,MG1655,1204000,1213600,1209000,4,WIN_97de72bd0fab71bc,1.1180411304835938,True,True,CHIN,CHIN_a67bc4a756886582
REGION_00016,MG1655,1255200,1265600,1260400,6,WIN_c0e4f6fb6d16f1bb,2.132155503835053,False,False,,
REGION_00017,MG1655,1264800,1275200,1270000,6,WIN_90c1de5d7a0cac72,1.3021709118001799,False,False,,
REGION_00018,MG1655,1290400,1312000,1301200,20,WIN_6d475c96b9abad0b,9.348367650760022,True,True,OPCID,OPCID_3045d21bebe98beb
REGION_00019,MG1655,1794400,1806400,1800400,8,WIN_57aaa80268e58638,2.3977512289543625,True,True,CHIN;OPCID,CHIN_0aff14c0f8d8b7e0;OPCID_ae970230ebbec9d2
REGION_00020,MG1655,1896800,1911200,1904000,11,WIN_bb465dfe01fdebbc,4.65222380191215,False,False,,
REGION_00021,MG1655,1987200,1997600,1992400,6,WIN_91d8760064a850f2,1.3795577841579252,False,False,,
REGION_00022,MG1655,2102400,2112800,2107600,6,WIN_67542bba0e7611a2,1.602799230502932,True,True,CHID;CHIN,CHID_e99742d9fb1834b2;CHIN_27fcb8c59cdd19ed;CHIN_4bd6df699a4a442d;CHIN_4c5b118b76314438;CHIN_6a1a24c637d17f3b;CHIN_9336b6dd24567a55;CHIN_aafbbc0179d18cd3;CHIN_ca9b1395fa31ca60;CHIN_cb62ec523cd9aabf
REGION_00023,MG1655,2171200,2182400,2176800,7,WIN_3372701ca21880b0,2.220580684419754,True,True,CHIN,CHIN_1c70d1a650016e04;CHIN_2d7af64b36b410f4;CHIN_ce6a7185cf5fa235
REGION_00024,MG1655,2256000,2266400,2261200,6,WIN_6388dd60b4d36dce,1.5716051020391133,True,True,CHIN;OPCID,CHIN_072974e2927b123b;OPCID_c4aea9eca44028ce
REGION_00025,MG1655,2386400,2411200,2398800,24,WIN_edc2b5aba269fae7,7.376421131360056,True,True,CHIN;OPCID,CHIN_0d7c2ca69d1c63c8;OPCID_33b4f3a14ebbc59e;OPCID_3a4aa0d0d21262a8
REGION_00026,MG1655,2516000,2524000,2520000,3,WIN_70215e5a0c7bdce2,1.016005445204105,False,False,,
REGION_00027,MG1655,2525600,2540000,2532800,11,WIN_7bce944d22a95031,5.003231512827211,True,True,OPCID,OPCID_c0709bc7c08ec44f;OPCID_c8522caa8fd83322
REGION_00028,MG1655,2557600,2569600,2563600,8,WIN_2cfd41a33d4c93d4,2.1197220615388677,True,True,OPCID,OPCID_adee45e8dfb40894
REGION_00029,MG1655,2636800,2644800,2640800,3,WIN_ddb7cb39403287fc,1.1508071774541808,True,True,OPCID,OPCID_079060fd1545272e
REGION_00030,MG1655,2717600,2726400,2722000,4,WIN_a656e63765e388b3,1.4308673289098102,False,False,,
REGION_00031,MG1655,2731200,2743200,2737200,8,WIN_43af9a7efd0ca126,1.3933541248257573,False,False,,
REGION_00032,MG1655,2824000,2832000,2828000,3,WIN_597b98e9ad0f9c3b,1.0798683937170406,False,False,,
REGION_00033,MG1655,2914400,2928000,2921200,10,WIN_e663e686528d8fa1,2.708604093739133,True,True,OPCID,OPCID_149d0308ae463e46
REGION_00034,MG1655,2988000,2996000,2992000,3,WIN_7609bed4af7692b2,1.4251552701390198,True,True,CHID;CHIN,CHID_f834d1ac36e1b8fa;CHIN_093ecf60a3c47f13;CHIN_6c72f6379b7c7f83;CHIN_7547f8c089f6bd2d
REGION_00035,MG1655,3037600,3061600,3049600,23,WIN_a1ca5851774e3e7b,3.5682069427244367,True,True,CHIN;OPCID,CHIN_faf91596d8b88128;OPCID_ad7cb00f8c882c61;OPCID_b7f0a78b5bc75834
REGION_00036,MG1655,3066400,3077600,3072000,7,WIN_2005829208f7e88e,2.0734539661622002,False,True,,
REGION_00037,MG1655,3172000,3182400,3177200,6,WIN_54cf79bf0a256605,1.6807435571313654,False,False,,
REGION_00038,MG1655,3259200,3282400,3270800,22,WIN_3230d3b53d31e102,10.570265643813968,True,True,CHIN;OPCID,CHIN_9549903c064709e2;CHIN_ee3355b18d634b8e;CHIN_f1c1419569298f23;OPCID_725a69a69963ad59
REGION_00039,MG1655,3303200,3314400,3308800,7,WIN_1efa45bac4627891,2.4254264056722326,False,False,,
REGION_00040,MG1655,3316800,3332000,3324655,11,WIN_ceefccf202222b83,2.8103390749956114,True,True,CHIN,CHIN_23a574b35aa4cad2;CHIN_9461e74755c3f236
REGION_00041,MG1655,3340800,3356800,3348800,13,WIN_3a3bd1756aaca0e1,2.7813448205043123,False,False,,
REGION_00042,MG1655,3428800,3435200,3432000,1,WIN_ba98c72127b0f4c0,1.227255667480508,False,False,,
REGION_00043,MG1655,3435200,3453600,3444400,16,WIN_25491494c23a8b0b,10.113163166081778,True,True,OPCID,OPCID_5c038f6d802a0373
REGION_00044,MG1655,3481600,3492000,3486800,6,WIN_00530cf281fe068e,1.6116270708962084,False,False,,
REGION_00045,MG1655,3528800,3540000,3534400,7,WIN_fb295770307a1de2,2.3988680881553006,False,False,,
REGION_00046,MG1655,3543200,3560800,3552000,15,WIN_26e0519bf8f18e42,11.197924716058875,True,True,OPCID,OPCID_3ca243441c0a5a91;OPCID_6e5625e30f0c3e40
REGION_00047,MG1655,3596800,3607200,3602000,6,WIN_f470996132f88f89,1.4497595475102836,False,False,,
REGION_00048,MG1655,3635200,3647200,3641200,8,WIN_46f0fd69c75ceac0,2.6432188739720557,True,True,OPCID,OPCID_f124da0b3913d5c3
REGION_00049,MG1655,3703200,3712800,3708000,5,WIN_6b2deb25597c10a1,1.352070831410805,False,False,,
REGION_00050,MG1655,3732800,3743200,3738000,6,WIN_e7b585d45380b9e4,2.0345802775247117,True,True,OPCID,OPCID_a2fcb5ddde5dbcf6
REGION_00051,MG1655,3765600,3772000,3768800,1,WIN_a80b523047fe1065,0.9843131623289261,True,True,CHID;CHIN,CHID_829be93d3f3a9719;CHIN_cfc9f22558808905;CHIN_f860adadaee690b7
REGION_00052,MG1655,3796800,3808800,3802800,8,WIN_ce5eb97de406aa43,1.912457855870437,True,True,CHID;CHIN,CHID_2dad41c5a944685a;CHIN_20cbe6301103e773;CHIN_2162125d7d40a72a;CHIN_3ed028798e697d9f;CHIN_4290884d21f50f71;CHIN_4be9a90f7551ea66;CHIN_7480d77a14ad4716;CHIN_8cf1c5b9776a09cc;CHIN_98acb48ba1e7481b;CHIN_9d23c5f02dd7374e;CHIN_b70b5bec64024ebb;CHIN_de804d8b4eb4fa33
REGION_00053,MG1655,3861600,3871200,3866400,5,WIN_2a968dfe7d09c947,1.6756765104579325,True,True,OPCID,OPCID_7a387ab67a4e089c
REGION_00054,MG1655,3880800,3896800,3888800,13,WIN_d7ad951b8768b8de,8.67046600571577,False,False,,
REGION_00055,MG1655,3911200,3926400,3918800,12,WIN_53807e0b7f03a721,3.2942336316765015,True,True,OPCID,OPCID_22365f72e65106b5
REGION_00056,MG1655,3931200,3940800,3936000,5,WIN_6ce396d1432e744a,1.3081179386993895,False,False,,
REGION_00057,MG1655,3960800,3972000,3966400,7,WIN_901130d381445f75,2.1108175666271083,False,False,,
REGION_00058,MG1655,3984000,3996800,3990400,9,WIN_22c462408d6c6907,1.903650117721438,True,True,OPCID,OPCID_092946eccc52a81c
REGION_00059,MG1655,4015200,4028800,4022000,10,WIN_0de44fe8c155a14d,2.200566932549018,True,True,OPCID,OPCID_f235f321095064d1
REGION_00060,MG1655,4078400,4088000,4083200,5,WIN_7718d72dc504dd29,1.645043457126321,False,False,,
REGION_00061,MG1655,4172800,4191200,4181543,14,WIN_98dbbbf7a871b154,4.113742932262322,False,False,,
REGION_00062,MG1655,4238400,4260800,4249600,21,WIN_82f2371819f88fe7,13.79292065358602,True,True,CHIN;OPCID,CHIN_992805e6506de16e;OPCID_4a51b9db831f2860
REGION_00063,MG1655,4267200,4276000,4271600,4,WIN_799182d317eb3105,1.3186020787719523,True,True,CHIN,CHIN_40431770bb3161b3
REGION_00064,MG1655,4276000,4282400,4279200,1,WIN_d5a63ebe52c4180e,0.9991662347805024,True,True,OPCID,OPCID_b9f55508e75e487b
REGION_00065,MG1655,4360800,4377600,4368533,12,WIN_16e2864f7e1bcaab,8.014870559359805,False,True,,
REGION_00066,MG1655,4376000,4382400,4379200,1,WIN_f1ae1b2c248b89ac,0.962277746199155,False,False,,
REGION_00067,MG1655,4396800,4410400,4403600,10,WIN_03abe8f30a005279,2.843672819846771,False,True,,
REGION_00068,MG1655,4456800,4472000,4464400,12,WIN_a3cb3466cbe597e1,12.55150526341168,False,False,,
