candidate_id,region_id,chrom,start,end,center,length_bp,best_scale,best_branch,support_channels,cluster_id,cluster_annotation,membership_probability,known_center_overlap,known_interval_overlap,known_types,nearest_known_id,nearest_known_type,nearest_known_distance,primary_window_bp,primary_pearson,primary_spearman,primary_cosine,primary_nrmse,canonical_pearson,canonical_spearman,pearson_floor,spearman_floor,reproducible_by_known_floor,rep1_zero_axis,rep2_zero_axis,artifact_warning,correlation_valid,final_status,strict_novel_candidate,evidence_note,representative_window_id,best_p,from_small_density,from_small_shape,from_medium_density,from_medium_shape,from_large_density,from_large_shape,n_support_channels,n_support_proposals,rep1_support,rep2_support,zero_axis_flag,known_structure_ids,known_overlap,cnn_replicate_cosine,small_replicate_cosine,medium_replicate_cosine,large_replicate_cosine,fused_replicate_cosine,padded_any_replicate,outlier_score,nearest_CHIN_distance,nearest_OPCID_distance,nearest_CHID_distance,candidate_status,novel_like_cluster_candidate,representative_distance,primary_full_upper_pearson,primary_full_upper_spearman,primary_n_valid_pixels,primary_finite_fraction,primary_correlation_valid,primary_invalid_reason,primary_rep1_zero_axis,primary_rep2_zero_axis,primary_artifact_warning,primary_matrix_bins,canonical_cosine,canonical_nrmse,canonical_full_upper_pearson,canonical_full_upper_spearman,canonical_n_valid_pixels,canonical_finite_fraction,canonical_correlation_valid,canonical_invalid_reason,canonical_rep1_zero_axis,canonical_rep2_zero_axis,canonical_artifact_warning,canonical_matrix_bins,n_valid_pixels,finite_fraction,invalid_reason,candidate_pool
FREG_d2d392e1e3af249a,FREG_d2d392e1e3af249a,MG1655,1896000,1910000,1903200,14000,small,density,small_density;small_shape;medium_density;large_density,-1,noise,0.0,False,False,,CHIN_ee3355b18d634b8e,CHIN,6.02957430810253,3200,0.9477205415459804,0.947143029847432,0.987235870381572,0.2746944384038872,0.9503613496955856,0.9220685625125944,0.311861506989104,0.2757384420120923,True,False,False,False,True,UNANNOTATED_NOISE_REPRODUCIBLE,False,"Reproducible unclustered candidate, not a new structure class.",WIN_small_59ceaf23fa91788a,0.0009478672985781,True,True,True,False,True,False,4,9,9,7,False,,False,0.9769218377128448,0.9866063054552556,0.9989015446819416,0.966013514527501,0.9713608011461892,False,,6.02957430810253,9.445256810746976,18.875439252461465,noise,False,,0.9556219763176474,0.953310970229287,435,1.0,True,,False,False,False,32,0.9781886076647852,0.2769233714632764,0.9517325853397328,0.9187834364142596,1891,1.0,True,,False,False,False,64,435,1.0,,UNANNOTATED_NOISE
FREG_f5ef0631b11a8bec,FREG_f5ef0631b11a8bec,MG1655,685600,688800,687200,3200,small,shape,small_shape,-1,noise,0.0,False,False,,CHIN_db627b41dbbead17,CHIN,31.63544395778928,3200,0.8926003135687807,0.9304668438081994,0.9372168731705908,0.2843078723252202,0.6101628953536294,0.7048498900454444,0.311861506989104,0.2757384420120923,True,True,True,True,True,UNANNOTATED_NOISE_REPRODUCIBLE,False,"Reproducible unclustered candidate, not a new structure class.",WIN_small_e583ca740188b29e,0.0288282584374308,False,True,False,False,False,False,1,1,0,1,True,,False,0.5363323301908752,0.7889699889003553,0.997405418873198,0.9372316393606897,0.693215247682368,False,,31.63544395778928,42.489795212844975,38.69897915167669,noise,False,,0.914001656995495,0.939910113494052,435,1.0,True,,True,True,True,32,0.8109360845656832,0.5216533504234204,0.6409994624688325,0.7258034080123384,1891,1.0,True,,True,True,True,64,435,1.0,,UNANNOTATED_NOISE
FREG_ab8c4d5f9e40d1d7,FREG_ab8c4d5f9e40d1d7,MG1655,1256800,1264800,1260000,8000,small,density,small_density;medium_density,1,CHIN-like,0.8286201409674051,False,False,,OPCID_6abc058ae2242c3c,OPCID,6.195843924658598,3200,0.9222174371337658,0.9279518329875476,0.9760030747773012,0.3000566542475006,0.8772172664943881,0.7843356099409609,0.311861506989104,0.2757384420120923,True,False,False,False,True,KNOWN_LIKE_CLUSTER_REPRODUCIBLE,False,"Genomically unannotated, but in a Known-containing representation cluster; not a type assignment.",WIN_small_d7838cf548101819,0.0139307473523213,True,False,True,False,False,False,2,3,3,3,False,,False,0.9756559058368326,0.9928100680665272,0.992346823340442,0.9564148736776588,0.9779865782145412,False,,7.657380250246557,6.195843924658598,15.031206882424929,clustered,False,18.63974832296421,0.9299891480787484,0.9384358212630916,435,1.0,True,,False,False,False,32,0.958778573948842,0.503715893490213,0.8819325592250424,0.7954999849119977,1891,1.0,True,,False,False,False,64,435,1.0,,UNANNOTATED_CLUSTERED
FREG_fee885b91f90be59,FREG_fee885b91f90be59,MG1655,1988800,1995200,1993200,6400,small,density,small_density;medium_density,1,CHIN-like,1.0,False,False,,OPCID_414cf80847bd9929,OPCID,4.70514370941553,3200,0.9339893373681613,0.9159286553888588,0.977106993504444,0.3094500498972941,0.8550772791973482,0.7377748985379313,0.311861506989104,0.2757384420120923,True,False,False,False,True,KNOWN_LIKE_CLUSTER_REPRODUCIBLE,False,"Genomically unannotated, but in a Known-containing representation cluster; not a type assignment.",WIN_small_da2472400aadad4b,0.0213217476382975,True,False,True,False,False,False,2,3,3,3,False,,False,0.9557044416345598,0.978988457479398,0.9729104310704416,0.7794892361716348,0.9490699053857212,False,,5.582753469871374,4.70514370941553,11.719198616102004,clustered,False,14.89938548169367,0.9391008035485572,0.9207404123876484,435,1.0,True,,False,False,False,32,0.949211015447335,0.5305597723046763,0.8593919803516227,0.7438018534449208,1891,1.0,True,,False,False,False,64,435,1.0,,UNANNOTATED_CLUSTERED
FREG_11a5f6c7b97c1f4a,FREG_11a5f6c7b97c1f4a,MG1655,2735200,2744000,2736800,8800,small,density,small_density;small_shape,1,CHIN-like,0.7974683388958533,False,False,,CHIN_9461e74755c3f236,CHIN,5.573793756771876,3200,0.9461587331309614,0.9150883723454436,0.9795091807627474,0.2825473206962047,0.9061588254171944,0.7756650558335267,0.311861506989104,0.2757384420120923,True,False,False,False,True,KNOWN_LIKE_CLUSTER_REPRODUCIBLE,False,"Genomically unannotated, but in a Known-containing representation cluster; not a type assignment.",WIN_small_5e707a6e5550a5a1,0.0170616113744075,True,True,False,False,False,False,2,4,4,2,False,,False,0.7290362449124005,0.9961012576944248,0.9930587692682716,0.9901076254629828,0.9304613283556956,False,,5.573793756771876,5.820549407435957,10.420970812209218,clustered,False,15.319469111103398,0.9501249589714128,0.91901672338018,435,1.0,True,,False,False,False,32,0.9579317175762208,0.4804884279557319,0.9077415606235948,0.7713630435302465,1891,1.0,True,,False,False,False,64,435,1.0,,UNANNOTATED_CLUSTERED
FREG_0af1ebaaab86f1c8,FREG_0af1ebaaab86f1c8,MG1655,2512000,2515200,2513600,3200,small,shape,small_shape,-1,noise,0.0,False,False,,CHIN_db627b41dbbead17,CHIN,24.03447290130728,3200,0.8661395954971282,0.9149706790633344,0.9204406942907102,0.334734784589329,0.614147609100795,0.7479946326806096,0.311861506989104,0.2757384420120923,True,True,True,True,True,UNANNOTATED_NOISE_REPRODUCIBLE,False,"Reproducible unclustered candidate, not a new structure class.",WIN_small_a7dfd4d1eb0e9940,0.0253632003038091,False,True,False,False,False,False,1,1,1,0,True,,False,0.859524703553332,0.975292063101148,0.9934192313183448,0.9956369118549068,0.9586101910333744,False,,24.03447290130728,35.51238731036837,30.565073534376328,noise,False,,0.8949344295588446,0.9290587527612596,435,1.0,True,,True,True,True,32,0.7966653277946976,0.5530534264207615,0.651595839343825,0.7654615104048842,1891,1.0,True,,True,True,True,64,435,1.0,,UNANNOTATED_NOISE
FREG_4bb24303d6e4e3ac,FREG_4bb24303d6e4e3ac,MG1655,4172800,4190400,4179600,17600,small,density,small_density;small_shape;medium_density;large_density,-1,noise,0.0,False,False,,CHIN_9549903c064709e2,CHIN,10.20312933839337,3200,0.8950881101925318,0.8819898108428988,0.9829402285793828,0.3741692204780112,0.9098870236104702,0.9019876831981553,0.311861506989104,0.2757384420120923,True,False,False,False,True,UNANNOTATED_NOISE_REPRODUCIBLE,False,"Reproducible unclustered candidate, not a new structure class.",WIN_small_c7d9ff7433cc1203,0.0013404867889791,True,True,True,False,True,False,4,12,9,10,True,,False,0.9990156239876724,0.9775113527434252,0.963101697820642,0.9943600894092516,0.9871307472808084,False,,10.20312933839337,10.577502929648364,21.4451403493622,noise,False,,0.9214175835045588,0.9192653610133252,435,1.0,True,,False,False,False,32,0.9695514280705846,0.3357033166519509,0.9142921920965494,0.917001775212813,1891,1.0,True,,True,True,True,64,435,1.0,,UNANNOTATED_NOISE
FREG_a356c920b79fd72a,FREG_a356c920b79fd72a,MG1655,4414800,4418000,4416400,3200,small,density,small_density,1,CHIN-like,1.0,False,False,,OPCID_6abc058ae2242c3c,OPCID,3.7600650977654175,3200,0.9273904434358046,0.8784621787469419,0.9754729099806476,0.3899256876792139,0.8583783730223895,0.6959704851761811,0.311861506989104,0.2757384420120923,True,False,False,False,True,KNOWN_LIKE_CLUSTER_REPRODUCIBLE,False,"Genomically unannotated, but in a Known-containing representation cluster; not a type assignment.",WIN_small_7abe51109e40d40d,0.0274718042581789,True,False,False,False,False,False,1,1,1,1,False,,False,0.9341358332819516,0.943052495264045,0.9897064346537722,0.732219216719551,0.9260411922613472,False,,5.992770278841364,3.7600650977654175,9.696787967156268,clustered,False,11.99314418533554,0.9314177874834864,0.8783920000997942,435,1.0,True,,False,False,False,32,0.9397008319091966,0.530611386676291,0.8589583309381448,0.6980454967868925,1891,1.0,True,,False,False,False,64,435,1.0,,UNANNOTATED_CLUSTERED
FREG_a635ba46a50b3a49,FREG_a635ba46a50b3a49,MG1655,2269600,2272800,2271200,3200,small,density,small_density,1,CHIN-like,0.7956688837467841,False,False,,OPCID_210f8ff672fa4c9a,OPCID,5.22741059366174,3200,0.8617602362782124,0.8783791802051437,0.964940440489504,0.3671548459502646,0.807010107722135,0.70823664384838,0.311861506989104,0.2757384420120923,True,False,False,False,True,KNOWN_LIKE_CLUSTER_REPRODUCIBLE,False,"Genomically unannotated, but in a Known-containing representation cluster; not a type assignment.",WIN_small_1447d1c18a950bdd,0.0287189713887072,True,False,False,False,False,False,1,1,1,1,False,,False,0.7273198615399613,0.98907387304948,0.9650003183145508,0.7275485323590956,0.8931762578046345,False,,6.020283284062005,5.22741059366174,8.145471360126617,clustered,False,14.150137675753044,0.8760765878987037,0.8906242632027579,435,1.0,True,,False,False,False,32,0.9357040030952796,0.5959828408979145,0.8115741115376103,0.706305511678866,1891,1.0,True,,False,False,False,64,435,1.0,,UNANNOTATED_CLUSTERED
FREG_df9791c4a4cf8e2c,FREG_df9791c4a4cf8e2c,MG1655,2042400,2045600,2044000,3200,small,density,small_density,1,CHIN-like,0.8849080081786771,False,False,,CHIN_8d5285e73ae7443e,CHIN,5.411899564173945,3200,0.8969560523308899,0.8760022169825419,0.9670323898488752,0.3782413249097937,0.8609728985917582,0.708978627645107,0.311861506989104,0.2757384420120923,True,False,False,False,True,KNOWN_LIKE_CLUSTER_REPRODUCIBLE,False,"Genomically unannotated, but in a Known-containing representation cluster; not a type assignment.",WIN_small_b8df259c5c145edd,0.0405815632769812,True,False,False,False,False,False,1,1,1,1,False,,False,-0.1511720497980843,0.9848710432182723,0.9799718570560958,0.7765088763570718,0.8585068279647018,False,,5.411899564173945,5.570040992540243,5.683743856624151,clustered,False,12.315569863101787,0.9031187614697636,0.8839810470959213,435,1.0,True,,False,False,False,32,0.9288869173633836,0.588552618432475,0.8615206325131337,0.7171695739398076,1891,1.0,True,,False,False,False,64,435,1.0,,UNANNOTATED_CLUSTERED
FREG_3b8ffec8bac8d1a0,FREG_3b8ffec8bac8d1a0,MG1655,982400,988800,985600,6400,small,density,small_density;medium_density,1,CHIN-like,0.9155180103121312,False,False,,OPCID_ad7cb00f8c882c61,OPCID,5.383550542059086,3200,0.8512283011968506,0.8723740495212898,0.9723325481041736,0.3477249148464927,0.751385905927475,0.7417813374997951,0.311861506989104,0.2757384420120923,True,False,False,False,True,KNOWN_LIKE_CLUSTER_REPRODUCIBLE,False,"Genomically unannotated, but in a Known-containing representation cluster; not a type assignment.",WIN_small_10911837ea9ce07b,0.0184286465357568,True,False,True,False,False,False,2,3,3,3,False,,False,0.9542980376824998,0.9554533463047764,0.9716901375773664,0.7630007720059871,0.943331160895452,False,,7.309856943352854,5.383550542059086,14.005157148389864,clustered,False,15.693180312669163,0.8761956204265875,0.9065637880662392,435,1.0,True,,False,False,False,32,0.9476358269956326,0.5378997741670106,0.7693890124987508,0.771006625641511,1891,1.0,True,,False,False,False,64,435,1.0,,UNANNOTATED_CLUSTERED
FREG_43ba383d41c336e2,FREG_43ba383d41c336e2,MG1655,2825600,2828800,2827200,3200,small,density,small_density,1,CHIN-like,1.0,False,False,,OPCID_10f9269e6bda4947,OPCID,4.106789960689629,3200,0.8377314999616857,0.852536811491612,0.9685305948863786,0.4324911891875935,0.8518598639731452,0.7887825628163716,0.311861506989104,0.2757384420120923,True,False,False,False,True,KNOWN_LIKE_CLUSTER_REPRODUCIBLE,False,"Genomically unannotated, but in a Known-containing representation cluster; not a type assignment.",WIN_small_eecfcf10f1bfd6e0,0.0255748579397763,True,False,False,False,False,False,1,1,1,1,False,,False,0.9264978366596184,0.857530683528198,0.9889811672664588,0.9386973831302928,0.8834711086284276,False,,7.904817561962501,4.106789960689629,11.742064117382544,clustered,False,12.207078026031647,0.8531738578351623,0.8687051486401155,435,1.0,True,,False,False,False,32,0.9441210375921424,0.4737688569533639,0.8528253612044719,0.7899781954810601,1891,1.0,True,,False,False,False,64,435,1.0,,UNANNOTATED_CLUSTERED
FREG_ff532581b24af75c,FREG_ff532581b24af75c,MG1655,2753200,2756400,2754800,3200,small,density,small_density,1,CHIN-like,0.844623867384102,False,False,,OPCID_fa9e2c77b6424ea9,OPCID,4.293104148194604,3200,0.8727511561336172,0.847818233479901,0.9596570336413776,0.450796825852522,0.8157154345932062,0.6384562429966261,0.311861506989104,0.2757384420120923,True,False,False,False,True,KNOWN_LIKE_CLUSTER_REPRODUCIBLE,False,"Genomically unannotated, but in a Known-containing representation cluster; not a type assignment.",WIN_small_1e224b860da21373,0.0369668246445497,True,False,False,False,False,False,1,1,1,1,False,,False,0.6450704986400826,0.966356876444093,0.8495735533053348,0.9678010060574134,0.7912911332169885,False,,6.340544565203327,4.293104148194604,8.097118954821298,clustered,False,8.341711920620302,0.8794641320416376,0.8452871167682338,435,1.0,True,,False,False,False,32,0.9278609527013528,0.7079391769767777,0.8167587831897493,0.6367426426002321,1891,1.0,True,,False,False,False,64,435,1.0,,UNANNOTATED_CLUSTERED
FREG_9160ea6e04d0fce4,FREG_9160ea6e04d0fce4,MG1655,3483600,3491200,3486800,7600,small,density,small_density;medium_density,1,CHIN-like,0.9104190570866396,False,False,,OPCID_f124da0b3913d5c3,OPCID,4.613592366269669,3200,0.8414606879249479,0.8369654361138785,0.9731241324706668,0.4160854776452886,0.8360468789550849,0.7938618084228635,0.311861506989104,0.2757384420120923,True,False,False,False,True,KNOWN_LIKE_CLUSTER_REPRODUCIBLE,False,"Genomically unannotated, but in a Known-containing representation cluster; not a type assignment.",WIN_small_ab7998c9375b0a2f,0.0104265402843601,True,False,True,False,False,False,2,3,3,3,False,,False,0.9935064441723592,0.8341773723211772,0.9973661783931108,0.9871516232921932,0.9738281220309336,False,,6.727792022679113,4.613592366269669,17.890158011451458,clustered,False,17.38424663799635,0.8722342012220716,0.8850174059264307,435,1.0,True,,False,False,False,32,0.9523680789164992,0.4569122820832066,0.84182177243434,0.7953446992599884,1891,1.0,True,,False,False,False,64,435,1.0,,UNANNOTATED_CLUSTERED
FREG_71c429938c2bb421,FREG_71c429938c2bb421,MG1655,3066800,3075200,3072000,8400,small,density,small_density;small_shape;medium_density,1,CHIN-like,1.0,False,False,,OPCID_a2fcb5ddde5dbcf6,OPCID,2.5526977112702345,3200,0.8243804658544029,0.836957633759289,0.977530730706746,0.4922919906541665,0.8613093601639981,0.8493444428503425,0.311861506989104,0.2757384420120923,True,False,False,False,True,KNOWN_LIKE_CLUSTER_REPRODUCIBLE,False,"Genomically unannotated, but in a Known-containing representation cluster; not a type assignment.",WIN_small_864fa9a7f9dfc532,0.0037914691943127,True,True,True,False,False,False,3,5,5,4,False,,False,0.9951947889357668,0.9617087083248768,0.9965424525970652,0.9932284672002702,0.9865256467498908,False,,10.19139408135396,2.5526977112702345,20.167019883754296,clustered,False,19.34150329067314,0.8737749028366741,0.889121932359523,435,1.0,True,,False,False,False,32,0.9619476502038622,0.4070855173701512,0.8684502244798982,0.8551597284861797,1891,1.0,True,,False,False,False,64,435,1.0,,UNANNOTATED_CLUSTERED
FREG_7089a736aaf0a1d4,FREG_7089a736aaf0a1d4,MG1655,2518000,2521200,2519600,3200,small,density,small_density,-1,noise,0.0,False,False,,CHIN_5fb265845cdfb063,CHIN,6.606301767696697,3200,0.8598511653813778,0.8330835150089101,0.962864712704399,0.4768293194363983,0.7790384738766116,0.7224087542559039,0.311861506989104,0.2757384420120923,True,False,False,False,True,UNANNOTATED_NOISE_REPRODUCIBLE,False,"Reproducible unclustered candidate, not a new structure class.",WIN_small_636726740420b9ed,0.0479774435444312,True,False,False,False,False,False,1,1,1,0,False,,False,0.0333684894521283,0.7434917695399004,0.8254218129485542,0.998001350628567,0.7762862782710321,False,,6.606301767696697,9.372792938633838,9.369897033821486,noise,False,,0.8682213896541898,0.8455557662541608,435,1.0,True,,False,False,False,32,0.9216510443555852,0.5750647606105791,0.7819163576633101,0.7215014301295157,1891,1.0,True,,False,False,False,64,435,1.0,,UNANNOTATED_NOISE
FREG_5e71eb22a239e0f3,FREG_5e71eb22a239e0f3,MG1655,3598400,3605600,3601600,7200,small,density,small_density;medium_density,1,CHIN-like,0.9655795634405356,False,False,,OPCID_f235f321095064d1,OPCID,4.770075059422659,3200,0.8532678009870751,0.8312372694201833,0.9741071268757964,0.4129056957282184,0.7757289814463081,0.6916249814533189,0.311861506989104,0.2757384420120923,True,False,False,False,True,KNOWN_LIKE_CLUSTER_REPRODUCIBLE,False,"Genomically unannotated, but in a Known-containing representation cluster; not a type assignment.",WIN_small_e654b4abcd25c228,0.0189573459715639,True,False,True,False,False,False,2,3,3,3,False,,False,0.993374633624892,0.9207632674922074,0.9105535055906606,0.97547312219277,0.9736566333940504,False,,5.486371215635005,4.770075059422659,15.98920555318294,clustered,False,14.146639998746776,0.8767042872331023,0.8755210129228721,435,1.0,True,,False,False,False,32,0.9499069036997656,0.5785477714890139,0.7855714397446136,0.7083773275490106,1891,1.0,True,,False,False,False,64,435,1.0,,UNANNOTATED_CLUSTERED
FREG_bc663b2769015222,FREG_bc663b2769015222,MG1655,3704800,3711200,3707200,6400,small,density,small_density;medium_density,1,CHIN-like,1.0,False,False,,OPCID_430b7c0bb5fc530a,OPCID,4.207142147065052,3200,0.8719405162676271,0.8230567652803654,0.9741745442137236,0.4512920588881665,0.8107763259871109,0.7091633840433733,0.311861506989104,0.2757384420120923,True,False,False,False,True,KNOWN_LIKE_CLUSTER_REPRODUCIBLE,False,"Genomically unannotated, but in a Known-containing representation cluster; not a type assignment.",WIN_small_bf98a6b237d026cc,0.0222698390985226,True,False,True,False,False,False,2,3,3,2,False,,False,0.98996620109665,0.9270292623671706,0.9870412937556818,0.4736649864302237,0.964868003949224,False,,5.890555639430364,4.207142147065052,17.015705976734925,clustered,False,13.39227216053054,0.889272793586409,0.8663054481612747,435,1.0,True,,False,False,False,32,0.9441520347836824,0.5524271954228726,0.8154788325099955,0.7111307193651177,1891,1.0,True,,False,False,False,64,435,1.0,,UNANNOTATED_CLUSTERED
FREG_0d709798f3eacad9,FREG_0d709798f3eacad9,MG1655,1922400,1925600,1924000,3200,small,density,small_density,1,CHIN-like,0.9886007144126968,False,False,,OPCID_33579465745b0522,OPCID,3.872741956081729,3200,0.8767327536625537,0.8168363162265463,0.9687675150273224,0.4802467473861624,0.7938535335082489,0.6555147892170049,0.311861506989104,0.2757384420120923,True,False,False,False,True,KNOWN_LIKE_CLUSTER_REPRODUCIBLE,False,"Genomically unannotated, but in a Known-containing representation cluster; not a type assignment.",WIN_small_cfd73dc48447ec94,0.028906067643558,True,False,False,False,False,False,1,1,1,1,False,,False,0.8350874407115877,0.9372857200947678,0.8876870644104712,0.8956214337126597,0.8229813100809436,False,,5.875957659727153,3.872741956081729,11.808452882287588,clustered,False,9.162480194534478,0.8885371617979436,0.8509441223344363,435,1.0,True,,False,False,False,32,0.9339481892804798,0.6131183193871436,0.7972322044880809,0.6541415569517446,1891,1.0,True,,False,False,False,64,435,1.0,,UNANNOTATED_CLUSTERED
FREG_b78622a8d089b9a6,FREG_b78622a8d089b9a6,MG1655,3623200,3626400,3624800,3200,small,shape,small_shape,-1,noise,0.0,False,False,,CHIN_101609e6a031b5b2,CHIN,12.16615119502818,3200,0.7955556063081173,0.8155891478216332,0.8655557597680227,0.5713091960942965,0.7588765067374689,0.8050327104004608,0.311861506989104,0.2757384420120923,True,True,True,True,True,UNANNOTATED_NOISE_REPRODUCIBLE,False,"Reproducible unclustered candidate, not a new structure class.",WIN_small_e9c1111aeff044a7,0.0435193944388586,False,True,False,False,False,False,1,1,1,0,True,,False,0.986630520229721,0.9745827245972812,0.9998250301929466,0.9998934066654074,0.988728264002874,False,,12.16615119502818,30.79355636027697,26.96245839177272,noise,False,,0.8296997527397539,0.8437936801925034,435,1.0,True,,True,True,True,32,0.8383252108997438,0.5865087370584716,0.786238426417549,0.8233932475895631,1891,1.0,True,,True,True,True,64,435,1.0,,UNANNOTATED_NOISE
FREG_18308d8d16cb77ab,FREG_18308d8d16cb77ab,MG1655,3531200,3537600,3534400,6400,small,density,small_density;medium_density,1,CHIN-like,0.9813937925299312,False,False,,OPCID_a2fcb5ddde5dbcf6,OPCID,4.279649813483509,3200,0.8591035523422345,0.8153225243586447,0.9819272929128658,0.4180127937720405,0.8664244119562637,0.8387159900408864,0.311861506989104,0.2757384420120923,True,False,False,False,True,KNOWN_LIKE_CLUSTER_REPRODUCIBLE,False,"Genomically unannotated, but in a Known-containing representation cluster; not a type assignment.",WIN_small_34080cbc56c1aa59,0.0018957345971563,True,False,True,False,False,False,2,4,4,4,False,,False,0.999389429691388,0.994248613809856,0.9949334376912304,0.9971197725501338,0.9951179226832512,False,,9.712614136898589,4.279649813483509,23.48917415502164,clustered,False,22.2209747115219,0.9020373164971468,0.8746706526643413,435,1.0,True,,False,False,False,32,0.9640938543258096,0.3944844004105217,0.8740861229683909,0.8492572072441551,1891,1.0,True,,False,False,False,64,435,1.0,,UNANNOTATED_CLUSTERED
FREG_c423410ef5466d80,FREG_c423410ef5466d80,MG1655,3964000,3970400,3965600,6400,small,density,small_density;medium_density,1,CHIN-like,1.0,False,False,,CHIN_faf91596d8b88128,CHIN,3.9654079365024777,3200,0.8890053442696393,0.8032235166614424,0.9758407114519342,0.4685127591370637,0.8178714910471956,0.6814488001281915,0.311861506989104,0.2757384420120923,True,False,False,False,True,KNOWN_LIKE_CLUSTER_REPRODUCIBLE,False,"Genomically unannotated, but in a Known-containing representation cluster; not a type assignment.",WIN_small_216d1e8f200b53cd,0.0146229844744468,True,False,True,False,False,False,2,4,4,4,False,,False,0.99499329058135,0.8340144907308888,0.812291000842026,0.9435223569625876,0.961802402513214,False,,3.9654079365024777,4.638446849010127,18.473199541942897,clustered,False,14.17865542378492,0.9042457937588448,0.8631557011914035,435,1.0,True,,False,False,False,32,0.9536795752186024,0.6096096781819327,0.8259601764431121,0.7082682466620862,1891,1.0,True,,False,False,False,64,435,1.0,,UNANNOTATED_CLUSTERED
FREG_a4bcec0e05a4ae7e,FREG_a4bcec0e05a4ae7e,MG1655,727600,730800,729200,3200,small,shape,small_shape,-1,noise,0.0,False,False,,CHIN_101609e6a031b5b2,CHIN,7.133401101116869,3200,0.8633421293528574,0.7689026264729982,0.906620345610616,0.5136431566846117,0.672135957911305,0.5730303695516239,0.311861506989104,0.2757384420120923,True,True,True,True,True,UNANNOTATED_NOISE_REPRODUCIBLE,False,"Reproducible unclustered candidate, not a new structure class.",WIN_small_d81c0d27448fb05c,0.0323388096857477,False,True,False,False,False,False,1,1,1,0,True,,False,0.9762053177863796,0.9919744189820406,0.9999516723889744,0.9999703128625282,0.9935190661159484,False,,7.133401101116869,33.223461994774745,29.44930487436363,noise,False,,0.9167139014680064,0.8314829149919999,435,1.0,True,,True,True,True,32,0.7717335628256378,0.799410607410548,0.7678857078440606,0.6363468249686469,1891,1.0,True,,True,True,True,64,435,1.0,,UNANNOTATED_NOISE
FREG_6e09d3bd094c8b1d,FREG_6e09d3bd094c8b1d,MG1655,2719200,2725600,2721600,6400,small,density,small_density;medium_density,-1,noise,0.0,False,False,,OPCID_c0709bc7c08ec44f,OPCID,9.664494502891957,3200,0.7297339140322275,0.72783213918529,0.9632606529014092,0.5839314883536973,0.6716365021172055,0.6794067460999044,0.311861506989104,0.2757384420120923,True,False,False,False,True,UNANNOTATED_NOISE_REPRODUCIBLE,False,"Reproducible unclustered candidate, not a new structure class.",WIN_small_d800c25b4ba41ebd,0.0227290593521929,True,False,True,False,False,False,2,3,3,3,False,,False,0.9720079622579606,0.902493320750826,0.96121374122148,0.9995597592236242,0.9708200522745484,False,,12.592069643177036,9.664494502891957,20.272380066844228,noise,False,,0.7849299571866515,0.8131387702612067,435,1.0,True,,False,False,False,32,0.9364512270024162,0.5794715895979666,0.6898402884885979,0.7036349263580766,1891,1.0,True,,False,False,False,64,435,1.0,,UNANNOTATED_NOISE
FREG_e35227c57fd34e9d,FREG_e35227c57fd34e9d,MG1655,4395200,4409600,4403200,14400,medium,density,small_density;small_shape;medium_density;large_density,1,CHIN-like,1.0,False,False,,CHIN_faf91596d8b88128,CHIN,3.8615887484912825,6400,0.7314388484462686,0.7101548376066904,0.9534797579570412,0.6233239472949169,0.7314388484462686,0.7101548376066904,0.311861506989104,0.2757384420120923,True,False,False,False,True,KNOWN_LIKE_CLUSTER_REPRODUCIBLE,False,"Genomically unannotated, but in a Known-containing representation cluster; not a type assignment.",WIN_medium_ee2a837fe1ac2ca6,0.0023148148148148,True,True,True,False,True,False,4,9,8,8,False,,False,0.9973111153060318,0.9056909214730132,0.9679004565244588,0.9820364995817,0.9842250652852004,False,,3.8615887484912825,4.725363604175857,19.66787161108814,clustered,False,17.4086491845382,0.7598151790915568,0.7587254848476376,1891,1.0,True,,False,False,False,64,0.9534797579570412,0.6233239472949169,0.7598151790915568,0.7587254848476376,1891,1.0,True,,False,False,False,64,1891,1.0,,UNANNOTATED_CLUSTERED
FREG_7e5e958cbc9d5099,FREG_7e5e958cbc9d5099,MG1655,922000,925200,923600,3200,small,density,small_density,1,CHIN-like,1.0,False,False,,OPCID_029d6f79d3b495d7,OPCID,4.425610351963452,3200,0.7526761753257912,0.709721799793748,0.958993514938859,0.593056134213409,0.716624862160757,0.6676204804539339,0.311861506989104,0.2757384420120923,True,False,False,False,True,KNOWN_LIKE_CLUSTER_REPRODUCIBLE,False,"Genomically unannotated, but in a Known-containing representation cluster; not a type assignment.",WIN_small_ee571ab9c09898da,0.0414360056765769,True,False,False,False,False,False,1,1,1,1,False,,False,0.908327549361386,0.9478959953223688,0.9099223305860176,0.97988754703812,0.8862129872864156,False,,5.453450633646882,4.425610351963452,11.37343549727895,clustered,False,7.879177593165208,0.7793780172341322,0.7620003881079896,435,1.0,True,,False,False,False,32,0.9210979067030144,0.651898030068542,0.7217573966407353,0.6712468028618277,1891,1.0,True,,False,False,False,64,435,1.0,,UNANNOTATED_CLUSTERED
FREG_917948506f98694d,FREG_917948506f98694d,MG1655,4075200,4078400,4076800,3200,small,density,small_density,1,CHIN-like,1.0,False,False,,OPCID_e04790b97d37c16e,OPCID,3.1821430687935406,3200,0.6563894022351965,0.6644646159281767,0.9611216177924268,0.6080148225665215,0.6811468721121084,0.6475757141206717,0.311861506989104,0.2757384420120923,True,False,False,False,True,KNOWN_LIKE_CLUSTER_REPRODUCIBLE,False,"Genomically unannotated, but in a Known-containing representation cluster; not a type assignment.",WIN_small_11bbba4fdefd6731,0.030772858920849,True,False,False,False,False,False,1,1,1,1,False,,False,0.92916403597106,0.6292750839555354,0.958721599029444,0.946800311546412,0.8567069307881789,False,,5.888636474301371,3.1821430687935406,12.044073596709458,clustered,False,9.70865367702144,0.7171041679855069,0.7507228705145171,435,1.0,True,,False,False,False,32,0.920475721900604,0.6221241061475455,0.6859355250919823,0.6479040912880017,1891,1.0,True,,False,False,False,64,435,1.0,,UNANNOTATED_CLUSTERED
FREG_5f65ee0fcb5cc0d3,FREG_5f65ee0fcb5cc0d3,MG1655,3342400,3355200,3348800,12800,medium,density,small_density;medium_density;large_density,-1,noise,0.0,False,False,,OPCID_22365f72e65106b5,OPCID,6.259006732013902,6400,0.7074081728020785,0.6632855682074802,0.9600844521973916,0.6062246705823475,0.7074081728020785,0.6632855682074802,0.311861506989104,0.2757384420120923,True,False,False,False,True,UNANNOTATED_NOISE_REPRODUCIBLE,False,"Reproducible unclustered candidate, not a new structure class.",WIN_medium_7a7e2500d2d731a8,0.0056701151453313,True,False,True,False,True,False,3,8,8,8,False,,False,0.9977559339954676,0.8933340857697032,0.9044095748723474,0.9825264660353764,0.9741294230138589,False,,9.389741721674431,6.259006732013902,22.21398341365052,noise,False,,0.7460460603739126,0.7172416023164137,1891,1.0,True,,False,False,False,64,0.9600844521973916,0.6062246705823475,0.7460460603739126,0.7172416023164137,1891,1.0,True,,False,False,False,64,1891,1.0,,UNANNOTATED_NOISE
FREG_5808f814db7aac35,FREG_5808f814db7aac35,MG1655,3782000,3785200,3783600,3200,small,density,small_density,1,CHIN-like,1.0,False,False,,OPCID_69a72fb00fdc2938,OPCID,3.810842729330599,3200,0.6728343334951691,0.6488722417803775,0.957877432619356,0.6073960291064129,0.6301266130896341,0.5909773287503753,0.311861506989104,0.2757384420120923,True,False,False,False,True,KNOWN_LIKE_CLUSTER_REPRODUCIBLE,False,"Genomically unannotated, but in a Known-containing representation cluster; not a type assignment.",WIN_small_cdd006b73b7bfb4b,0.0388625592417061,True,False,False,False,False,False,1,1,1,1,False,,False,0.9881085228042896,0.5689591729233577,0.872639747480381,0.8540926418162724,0.8919821067495528,False,,4.465987842122899,3.810842729330599,13.873027948575391,clustered,False,9.754173499324931,0.7099938022472931,0.7071090732293822,435,1.0,True,,False,False,False,32,0.9198744254653756,0.6744667565778611,0.6324043892343207,0.5903447095300616,1891,1.0,True,,False,False,False,64,435,1.0,,UNANNOTATED_CLUSTERED
FREG_73e6e7465ad4e4c4,FREG_73e6e7465ad4e4c4,MG1655,2745600,2751600,2747200,6000,small,density,small_density;small_shape,1,CHIN-like,1.0,False,False,,OPCID_092946eccc52a81c,OPCID,4.71233802523589,3200,0.7585522421695947,0.6413239665065414,0.9559048858537,0.6918530009447956,0.5777938647560122,0.4908857494854344,0.311861506989104,0.2757384420120923,True,False,False,False,True,KNOWN_LIKE_CLUSTER_REPRODUCIBLE,False,"Genomically unannotated, but in a Known-containing representation cluster; not a type assignment.",WIN_small_5b77cad4c536ee4b,0.0443881307069879,True,True,False,False,False,False,2,2,2,2,False,,False,0.9924492212508732,0.9577810621531252,0.993911872518989,0.984364708126346,0.98099348901948,False,,8.303112038450845,4.71233802523589,16.082057582153492,clustered,False,13.686985157468497,0.7768065073605559,0.6910456611645255,435,1.0,True,,False,False,False,32,0.9261339406143568,0.8032391602084226,0.5923943978361521,0.5159002364290091,1891,1.0,True,,False,False,False,64,435,1.0,,UNANNOTATED_CLUSTERED
FREG_3ac62dfe3e5c70a8,FREG_3ac62dfe3e5c70a8,MG1655,3515200,3518400,3516800,3200,small,density,small_density,1,CHIN-like,1.0,False,False,,OPCID_69a72fb00fdc2938,OPCID,2.550860773999155,3200,0.6547877233579597,0.6181820196336312,0.9581659032174208,0.6737276163025102,0.5768807260998826,0.5466411333515715,0.311861506989104,0.2757384420120923,True,False,False,False,True,KNOWN_LIKE_CLUSTER_REPRODUCIBLE,False,"Genomically unannotated, but in a Known-containing representation cluster; not a type assignment.",WIN_small_a1bce5d5e3f20700,0.043591591611628,True,False,False,False,False,False,1,1,1,1,False,,False,0.980370004002017,0.8728840016940378,0.8808459584292315,0.9714428760595286,0.9401888406414736,False,,5.515357762965066,2.550860773999155,14.12150842698962,clustered,False,9.67103887159844,0.6954353638945445,0.6800427149910279,435,1.0,True,,False,False,False,32,0.9176752495854072,0.7206426448781472,0.585002479144787,0.5534640835240306,1891,1.0,True,,False,False,False,64,435,1.0,,UNANNOTATED_CLUSTERED
FREG_cad9757d375b2f54,FREG_cad9757d375b2f54,MG1655,4080000,4086800,4083200,6800,medium,density,small_density;small_shape;medium_density,1,CHIN-like,0.9123953085296932,False,False,,OPCID_4a51b9db831f2860,OPCID,4.856993733586924,6400,0.6144821672447527,0.5967950959203246,0.9391946310189092,0.7391430028237049,0.6144821672447527,0.5967950959203246,0.311861506989104,0.2757384420120923,True,False,False,False,True,KNOWN_LIKE_CLUSTER_REPRODUCIBLE,False,"Genomically unannotated, but in a Known-containing representation cluster; not a type assignment.",WIN_medium_cd921bd5db6d9880,0.0287260964027565,True,True,True,False,False,False,3,4,4,3,False,,False,0.9950658682842696,0.872927412356483,0.9113218658738246,0.9760970700327812,0.9615959676116024,False,,6.372655838367822,4.856993733586924,17.69967459171798,clustered,False,13.513092549038571,0.6457696501857775,0.653246240099504,1891,1.0,True,,False,False,False,64,0.9391946310189092,0.7391430028237049,0.6457696501857775,0.653246240099504,1891,1.0,True,,False,False,False,64,1891,1.0,,UNANNOTATED_CLUSTERED
FREG_b281c30546d2f2dd,FREG_b281c30546d2f2dd,MG1655,606400,612800,609600,6400,medium,shape,medium_shape,-1,noise,0.0,False,False,,CHIN_a8c0513faced91e6,CHIN,10.05508387354066,6400,0.5408941374671722,0.596469439723059,0.7068016671097667,0.7920363271985152,0.5408941374671722,0.596469439723059,0.311861506989104,0.2757384420120923,True,True,True,True,True,UNANNOTATED_NOISE_REPRODUCIBLE,False,"Reproducible unclustered candidate, not a new structure class.",WIN_medium_2074db0063e642ec,0.0080187537387447,False,False,False,True,False,False,1,1,1,1,True,,False,0.9518126119882812,0.9999443593766516,0.9950747035341848,0.9816469951647327,0.9942424808019004,False,,10.05508387354066,24.30526130835603,13.496913646900774,noise,False,,0.6356933872455957,0.6526663957259204,1891,1.0,True,,True,True,True,64,0.7068016671097667,0.7920363271985152,0.6356933872455957,0.6526663957259204,1891,1.0,True,,True,True,True,64,1891,1.0,,UNANNOTATED_NOISE
FREG_10132b1169a31424,FREG_10132b1169a31424,MG1655,456800,464000,462400,7200,small,density,small_density;medium_density,1,CHIN-like,1.0,False,False,,OPCID_69a72fb00fdc2938,OPCID,2.692586294954934,3200,0.5628958986585452,0.5875135030975989,0.9522052487207238,0.6742013965912513,0.5978275143699293,0.5994657162643457,0.311861506989104,0.2757384420120923,True,False,False,False,True,KNOWN_LIKE_CLUSTER_REPRODUCIBLE,False,"Genomically unannotated, but in a Known-containing representation cluster; not a type assignment.",WIN_small_3a7994991a80791c,0.0350582786898708,True,False,True,False,False,False,2,2,2,1,False,,False,0.980445438819104,0.8314488450615178,0.929284798306545,0.958621415190536,0.9447165373248227,False,,5.918117688186041,2.692586294954934,14.508873124928238,clustered,False,10.6544764962619,0.6359831250905135,0.6842643907745204,435,1.0,True,,False,False,False,32,0.920496664232414,0.6653738902231326,0.6089881238650849,0.6111704627932563,1891,1.0,True,,False,False,False,64,435,1.0,,UNANNOTATED_CLUSTERED
FREG_82a811abb2714642,FREG_82a811abb2714642,MG1655,1422400,1435200,1428800,12800,large,shape,large_shape,-1,noise,0.0,False,False,,CHID_829be93d3f3a9719,CHID,26.115262285685144,12800,0.5367459986527621,0.544709900990472,0.6869793632027313,0.9095802147432984,0.6092669179939664,0.3831578538704214,0.311861506989104,0.2757384420120923,True,True,True,True,True,UNANNOTATED_NOISE_REPRODUCIBLE,False,"Reproducible unclustered candidate, not a new structure class.",WIN_large_c0422c2cbe2c565e,0.0067567567567567,False,False,False,False,False,True,1,1,1,1,True,,False,0.9104988621432476,0.7953095016683739,0.9419597299193296,0.9982389680576804,0.9662149692514866,False,,30.809521272512978,42.38876381409828,26.115262285685144,noise,False,,0.5710682053240443,0.573561702777278,7875,1.0,True,,True,True,True,128,0.7943493980210238,0.8195044773766413,0.683956596976818,0.4771253724905064,1891,1.0,True,,False,False,False,64,7875,1.0,,UNANNOTATED_NOISE
FREG_3fb3b4c0cc922b63,FREG_3fb3b4c0cc922b63,MG1655,3471200,3474400,3472800,3200,small,density,small_density,-1,noise,0.0,False,False,,OPCID_9d9e69ad0ce51f11,OPCID,8.530649440613905,3200,0.5630204406643029,0.5411886999981402,0.9576952962899412,0.7338299787307245,0.8026370700526823,0.8082680798925646,0.311861506989104,0.2757384420120923,True,False,False,False,True,UNANNOTATED_NOISE_REPRODUCIBLE,False,"Reproducible unclustered candidate, not a new structure class.",WIN_small_e3fb416d7211bd54,0.0454581187043859,True,False,False,False,False,False,1,1,1,1,False,,False,0.9287205367483636,0.9192126953553876,0.9935465073591216,0.986577990598271,0.9503934386398112,False,,8.661153842132952,8.530649440613905,12.369117495451295,noise,False,,0.6262784060094035,0.6341246935499165,435,1.0,True,,False,False,False,32,0.9246412993087838,0.3596125099044135,0.8061847080179367,0.8118279595357928,1891,1.0,True,,True,True,True,64,435,1.0,,UNANNOTATED_NOISE
FREG_1edcba645d0dd4a1,FREG_1edcba645d0dd4a1,MG1655,4379200,4382400,4380800,3200,small,density,small_density,1,CHIN-like,1.0,False,False,,OPCID_a48ec8c6b5e6e38b,OPCID,2.7535070562378543,3200,0.5021144745220223,0.495046348500568,0.9583890131832252,0.8282444414404572,0.5477134059418806,0.5396571025283387,0.311861506989104,0.2757384420120923,True,False,False,False,True,KNOWN_LIKE_CLUSTER_REPRODUCIBLE,False,"Genomically unannotated, but in a Known-containing representation cluster; not a type assignment.",WIN_small_b3a6f35a8c1ad39a,0.0333778518704435,True,False,False,False,False,False,1,1,1,1,False,,False,0.9735001610055534,0.8737688208892155,0.9611889797097104,0.9865203556381136,0.9337568109558764,False,,7.1574447668513566,2.7535070562378543,13.942973589270457,clustered,False,10.931349525458774,0.5960217908896528,0.6215947116260492,435,1.0,True,,False,False,False,32,0.9215852522779264,0.7600132042945221,0.5601046143002175,0.5546981984937281,1891,1.0,True,,False,False,False,64,435,1.0,,UNANNOTATED_CLUSTERED
FREG_8a7aa8e9ef61cfa1,FREG_8a7aa8e9ef61cfa1,MG1655,3930000,3941200,3939600,11200,small,shape,small_density;small_shape;medium_density,-1,noise,0.0,False,False,,CHIN_e5de6e56d385e2ef,CHIN,13.274486401515588,3200,0.4435339935678481,0.4420730722818713,0.9330557262950702,0.906564345388672,0.8323891258835479,0.8694816353103924,0.311861506989104,0.2757384420120923,True,False,False,False,True,UNANNOTATED_NOISE_REPRODUCIBLE,False,"Reproducible unclustered candidate, not a new structure class.",WIN_small_e7d4e924b22990d1,0.0214058574230069,True,True,True,False,False,False,3,5,5,5,False,,False,0.828605134880367,0.9628394216564414,0.9994006339700854,0.9991513604670272,0.991507699175411,False,,13.274486401515588,19.30498055302024,22.40573620224223,noise,False,,0.4585346930101591,0.4594074892041024,435,1.0,True,,False,False,False,32,0.92170178384278,0.3440548094131677,0.8350419149479124,0.868694055801703,1891,1.0,True,,True,True,True,64,435,1.0,,UNANNOTATED_NOISE
FREG_a200f3db7a36dfd1,FREG_a200f3db7a36dfd1,MG1655,928800,932000,930400,3200,small,shape,small_shape,1,CHIN-like,1.0,False,False,,CHIN_278875092b882687,CHIN,3.674085603381593,3200,0.3535532490207367,0.4222701923250906,0.9096764587887848,0.9737790565786412,0.626183342596527,0.5379532701193724,0.311861506989104,0.2757384420120923,True,False,False,False,True,KNOWN_LIKE_CLUSTER_REPRODUCIBLE,False,"Genomically unannotated, but in a Known-containing representation cluster; not a type assignment.",WIN_small_694b02ebc30fcd1b,0.0097127495411938,False,True,False,False,False,False,1,1,1,1,False,,False,0.4973280785818053,0.81738252151659,0.7496442726611312,0.9808513520724548,0.7163882374227247,False,,3.674085603381593,4.095869080264391,8.266957195879543,clustered,False,6.031885384013661,0.3596066853065441,0.4467964416574482,435,1.0,True,,False,False,False,32,0.9070258684305396,0.7822489832743692,0.631679496622672,0.5401395587416612,1891,1.0,True,,False,False,False,64,435,1.0,,UNANNOTATED_CLUSTERED
FREG_c33836512cd5bdc3,FREG_c33836512cd5bdc3,MG1655,4388000,4391200,4389600,3200,small,shape,small_shape,1,CHIN-like,0.8873358034628569,False,False,,OPCID_1d111d2805e7745b,OPCID,4.722173846294002,3200,0.4020257951090589,0.4059609254144903,0.9382110948288672,0.885013611925968,0.4598433232429285,0.4337364858427274,0.311861506989104,0.2757384420120923,True,False,False,False,True,KNOWN_LIKE_CLUSTER_REPRODUCIBLE,False,"Genomically unannotated, but in a Known-containing representation cluster; not a type assignment.",WIN_small_3c784ce0371b2c15,0.0389895048364039,False,True,False,False,False,False,1,1,1,1,False,,False,0.9603891498927484,0.9459597384029632,0.9728146780794188,0.985480458681122,0.9536979640001874,False,,5.785860376902456,4.722173846294002,14.02269567561672,clustered,False,12.656907725975854,0.4059683206465732,0.411745696779393,435,1.0,True,,False,False,False,32,0.8974930824408961,0.8691037268411049,0.4634276251854654,0.4369098676435465,1891,1.0,True,,False,False,False,64,435,1.0,,UNANNOTATED_CLUSTERED
FREG_647ab946884b4026,FREG_647ab946884b4026,MG1655,230800,234000,232400,3200,small,shape,small_shape,-1,noise,0.0,False,False,,CHIN_d45c7c6f4a11fa68,CHIN,8.046411657775446,3200,0.3663565034426155,0.4021393987476109,0.8977751996109223,0.9634258633076632,0.3660061805451846,0.3531149097507873,0.311861506989104,0.2757384420120923,True,False,False,False,True,UNANNOTATED_NOISE_REPRODUCIBLE,False,"Reproducible unclustered candidate, not a new structure class.",WIN_small_d274d07f5b7f007f,0.0331618117242386,False,True,False,False,False,False,1,1,1,1,False,,False,0.1630992175541273,0.9605899086811436,0.9771829034484218,0.997808210630986,0.9326579215145993,False,,8.046411657775446,13.213219611767943,13.347381737010762,noise,False,,0.3788576068657995,0.4288445763388547,435,1.0,True,,False,False,False,32,0.8370784089843595,0.9191617984463202,0.3792562538261798,0.3840325811922893,1891,1.0,True,,False,False,False,64,435,1.0,,UNANNOTATED_NOISE
FREG_7a99d7dca32569ea,FREG_7a99d7dca32569ea,MG1655,3647200,3650400,3648800,3200,small,shape,small_shape,1,CHIN-like,0.8341845264871309,False,False,,CHIN_e75b43fe8984729d,CHIN,5.51643028008711,3200,0.4055693102941275,0.4016003565460537,0.9007950821576656,0.865618457376756,0.3059160633295371,0.3010524491372492,0.311861506989104,0.2757384420120923,True,False,False,False,True,KNOWN_LIKE_CLUSTER_REPRODUCIBLE,False,"Genomically unannotated, but in a Known-containing representation cluster; not a type assignment.",WIN_small_7c2eb188608f9ee4,0.0445396781970452,False,True,False,False,False,False,1,1,1,0,False,,False,0.2163256116564137,0.8597581655196448,0.9642294873498198,0.9428341154265204,0.7850524038084604,False,,5.51643028008711,8.937626072455444,9.877270797618058,clustered,False,9.73730562050195,0.4544052351554621,0.4868669243854253,435,1.0,True,,False,False,False,32,0.8245006705653107,0.926956035337318,0.3389118586672833,0.3574968222455362,1891,1.0,True,,False,False,False,64,435,1.0,,UNANNOTATED_CLUSTERED
FREG_58716b8657663f82,FREG_58716b8657663f82,MG1655,1232400,1235600,1234000,3200,small,shape,small_shape,1,CHIN-like,1.0,False,False,,OPCID_0f71385a399dc767,OPCID,1.8829162360777816,3200,0.3802732388938273,0.4011752818970638,0.9203806139459872,0.9321644343945068,0.3894786059395075,0.3954796871981039,0.311861506989104,0.2757384420120923,True,False,False,False,True,KNOWN_LIKE_CLUSTER_REPRODUCIBLE,False,"Genomically unannotated, but in a Known-containing representation cluster; not a type assignment.",WIN_small_48bafae9902d4c27,0.0280222663489942,False,True,False,False,False,False,1,1,1,1,False,,False,0.5214915798868328,0.9368403310345133,0.937145917262714,0.982077924418077,0.8370374280750436,False,,4.570656581616188,1.8829162360777816,9.628529590793068,clustered,False,8.511656751946646,0.3977485822676602,0.4216554958503082,435,1.0,True,,False,False,False,32,0.8627454020774131,0.8887836507508846,0.3923886644585427,0.4042138201672897,1891,1.0,True,,False,False,False,64,435,1.0,,UNANNOTATED_CLUSTERED
FREG_53c92e209ab0d7b9,FREG_53c92e209ab0d7b9,MG1655,1820000,1826400,1822000,6400,small,shape,small_shape;medium_shape,1,CHIN-like,1.0,False,False,,CHIN_f93cc107dd51e45a,CHIN,3.683803691136138,3200,0.4265636438473644,0.3928838889475167,0.8976283174603809,0.9067277161910114,0.5410415414787125,0.3703838098726687,0.311861506989104,0.2757384420120923,True,False,False,False,True,KNOWN_LIKE_CLUSTER_REPRODUCIBLE,False,"Genomically unannotated, but in a Known-containing representation cluster; not a type assignment.",WIN_small_e7f485f43a77d04f,0.0108073500009396,False,True,False,True,False,False,2,3,2,2,False,,False,0.4284404678062806,0.971837568958466,0.9874464431626324,0.9801025509050624,0.919347878852938,False,,3.683803691136138,4.5835948623181055,6.896918260667612,clustered,False,10.491465570823053,0.4647115753967361,0.4534128788271704,435,1.0,True,,False,False,False,32,0.8457345740883906,0.9438491010042352,0.545914819252965,0.3976061892552065,1891,1.0,True,,False,False,False,64,435,1.0,,UNANNOTATED_CLUSTERED
FREG_ddd616c6bc270d21,FREG_ddd616c6bc270d21,MG1655,1387200,1390400,1388800,3200,small,shape,small_shape,1,CHIN-like,1.0,False,False,,OPCID_7a866c11603150e7,OPCID,2.718200987792039,3200,0.3742618435686156,0.3882210946666858,0.917722693959284,0.9265027403762304,0.2918741523459121,0.3031178449875598,0.311861506989104,0.2757384420120923,True,False,False,False,True,KNOWN_LIKE_CLUSTER_REPRODUCIBLE,False,"Genomically unannotated, but in a Known-containing representation cluster; not a type assignment.",WIN_small_914b268c08e94ce7,0.0288594072941009,False,True,False,False,False,False,1,1,1,0,False,,False,0.251346054956921,0.9189073630358748,0.9671859979328884,0.9864308841539028,0.8572639946435369,False,,4.0116034016540185,2.718200987792039,7.768761334674972,clustered,False,7.779494099067695,0.383226328920677,0.4148866200012346,435,1.0,True,,False,False,False,32,0.8354531514361865,0.9017715513321684,0.3103754304969709,0.3344801877916826,1891,1.0,True,,False,False,False,64,435,1.0,,UNANNOTATED_CLUSTERED
FREG_002f146b6f614245,FREG_002f146b6f614245,MG1655,3030800,3034000,3032400,3200,small,shape,small_shape,1,CHIN-like,1.0,False,False,,CHIN_d09cbcfd88a8bdfb,CHIN,2.3466451849965937,3200,0.3772199398005814,0.3873918707975611,0.8693323933700832,0.94056546916309,0.361788763347288,0.33899673964439,0.311861506989104,0.2757384420120923,True,False,False,False,True,KNOWN_LIKE_CLUSTER_REPRODUCIBLE,False,"Genomically unannotated, but in a Known-containing representation cluster; not a type assignment.",WIN_small_45f9945b71ae213b,0.0372934892377364,False,True,False,False,False,False,1,1,1,1,False,,False,0.4284946392919945,0.943027623403014,0.9613932755217444,0.9920156859669776,0.90983470180564,False,,2.3466451849965937,6.542493614660516,5.96233764321868,clustered,False,8.987310942378985,0.4481422709785873,0.4813211550539098,435,1.0,True,,False,False,False,32,0.8165920079242575,0.8816158181802796,0.4136181337772501,0.4041501300633154,1891,1.0,True,,False,False,False,64,435,1.0,,UNANNOTATED_CLUSTERED
FREG_843e663633f07293,FREG_843e663633f07293,MG1655,1672000,1675200,1673600,3200,small,shape,small_shape,1,CHIN-like,1.0,False,False,,OPCID_7a866c11603150e7,OPCID,3.6174313881387183,3200,0.3517613833747963,0.3796962810848748,0.8896282455096237,0.8754672813830116,0.4582624243675155,0.4197018052696856,0.311861506989104,0.2757384420120923,True,False,False,False,True,KNOWN_LIKE_CLUSTER_REPRODUCIBLE,False,"Genomically unannotated, but in a Known-containing representation cluster; not a type assignment.",WIN_small_40584ec5528a2225,0.0474691337461569,False,True,False,False,False,False,1,1,0,1,False,,False,0.3059769157557681,0.940166125175488,0.9637375148118728,0.934937207825282,0.8339004515329723,False,,4.2777365803710525,3.6174313881387183,6.217333811406442,clustered,False,6.883320002816507,0.3816633478116324,0.4277909193217031,435,1.0,True,,False,False,False,32,0.8585347033992822,0.8345517941971047,0.4619041900961248,0.4307912582933594,1891,1.0,True,,False,False,False,64,435,1.0,,UNANNOTATED_CLUSTERED
FREG_917de285b2fc037c,FREG_917de285b2fc037c,MG1655,1014800,1018000,1016400,3200,small,shape,small_shape,1,CHIN-like,1.0,False,False,,OPCID_3b8eefccce2e36fc,OPCID,5.33157693172598,3200,0.3595951677094209,0.3775467233694893,0.9082789271172128,0.9404849474821192,0.5596304661548214,0.5130127816211666,0.311861506989104,0.2757384420120923,True,False,False,False,True,KNOWN_LIKE_CLUSTER_REPRODUCIBLE,False,"Genomically unannotated, but in a Known-containing representation cluster; not a type assignment.",WIN_small_d445c9f4fc217e45,0.0100312845917135,False,True,False,False,False,False,1,1,0,1,False,,False,0.7769521470229066,0.9385429384971224,0.6835440431121632,0.8461550520477774,0.81194113192954,False,,5.347611668791859,5.33157693172598,10.458892857722514,clustered,False,8.722782668181933,0.3661212019471649,0.4031078469251148,435,1.0,True,,False,False,False,32,0.8883503052335755,0.8110388772894899,0.5612297278823019,0.5194763359504123,1891,1.0,True,,False,False,False,64,435,1.0,,UNANNOTATED_CLUSTERED
FREG_be1e3265dcb6bee1,FREG_be1e3265dcb6bee1,MG1655,4031200,4034400,4032800,3200,small,shape,small_shape,-1,noise,0.0,False,False,,CHIN_e5de6e56d385e2ef,CHIN,13.066240872773074,3200,0.3732241459416176,0.3752004225542145,0.9354698010420128,0.933820111192142,0.7402935381137465,0.7640820387922342,0.311861506989104,0.2757384420120923,True,False,False,False,True,UNANNOTATED_NOISE_REPRODUCIBLE,False,"Reproducible unclustered candidate, not a new structure class.",WIN_small_579f841240675e74,0.0061428821785853,False,True,False,False,False,False,1,1,1,1,False,,False,0.9618875852237422,0.943866406527768,0.9919368878639534,0.9998424356678958,0.971399042268967,False,,13.066240872773074,22.393826158358635,21.568221725719223,noise,False,,0.3777098772900381,0.3891301663178954,435,1.0,True,,False,False,False,32,0.8998582416007673,0.4478048695242234,0.7468909259619747,0.7624553088798474,1891,1.0,True,,True,True,True,64,435,1.0,,UNANNOTATED_NOISE
FREG_f3868eb02e0f55d5,FREG_f3868eb02e0f55d5,MG1655,2808000,2811200,2809600,3200,small,shape,small_shape,1,CHIN-like,1.0,False,False,,OPCID_1734fe040179910f,OPCID,3.3047106719187744,3200,0.3620865637880993,0.3738170499920707,0.8906152610554797,0.987668149632218,0.3804285951488383,0.3728757070573316,0.311861506989104,0.2757384420120923,True,False,False,False,True,KNOWN_LIKE_CLUSTER_REPRODUCIBLE,False,"Genomically unannotated, but in a Known-containing representation cluster; not a type assignment.",WIN_small_f6145e35984951f8,0.044114033282351,False,True,False,False,False,False,1,1,1,0,False,,False,0.3111082936339348,0.9423492944646495,0.969905670477759,0.9330827963872034,0.8887027264494575,False,,4.8835793480053775,3.3047106719187744,8.518514839564645,clustered,False,9.062003404155885,0.3783673125953606,0.4154683636497403,435,1.0,True,,False,False,False,32,0.8426629904389387,0.8881888770785807,0.3913213028616591,0.4011956679932044,1891,1.0,True,,False,False,False,64,435,1.0,,UNANNOTATED_CLUSTERED
FREG_3c17a76c91ba3620,FREG_3c17a76c91ba3620,MG1655,172000,178400,176400,6400,small,shape,small_shape;medium_shape,1,CHIN-like,1.0,False,False,,OPCID_129f719ef537ae3f,OPCID,4.580769588850587,3200,0.4212103488425082,0.3702728955563397,0.9005439077050117,0.9633136429838294,0.3055516533910309,0.2813994990978205,0.311861506989104,0.2757384420120923,True,False,False,False,True,KNOWN_LIKE_CLUSTER_REPRODUCIBLE,False,"Genomically unannotated, but in a Known-containing representation cluster; not a type assignment.",WIN_small_1fc5c9afe3919ca7,0.0069653736761605,False,True,False,True,False,False,2,3,3,3,False,,False,0.100122265647217,0.9694429093892496,0.9746120756863104,0.9848026407449108,0.943069554335628,False,,6.444070448297774,4.580769588850587,10.228611954356078,clustered,False,11.953742183995544,0.4315609342213252,0.4077654475923785,435,1.0,True,,False,False,False,32,0.8498436612034173,0.9855922166151314,0.3189484911488535,0.3118742789889324,1891,1.0,True,,False,False,False,64,435,1.0,,UNANNOTATED_CLUSTERED
FREG_a7d017e8cfb1a69c,FREG_a7d017e8cfb1a69c,MG1655,394400,397600,396000,3200,small,shape,small_shape,1,CHIN-like,0.7333812593649264,False,False,,CHIN_d45c7c6f4a11fa68,CHIN,5.016291283774807,3200,0.4320612727661918,0.3649524193334201,0.861072499599147,0.8874994115255536,0.3570816846580781,0.324675898354275,0.311861506989104,0.2757384420120923,True,False,False,False,True,KNOWN_LIKE_CLUSTER_REPRODUCIBLE,False,"Genomically unannotated, but in a Known-containing representation cluster; not a type assignment.",WIN_small_07e93baf19c56589,0.044286810943028,False,True,False,False,False,False,1,1,0,1,False,,False,0.7270941642590959,0.9473710061210712,0.9770778855418424,0.9969939096835472,0.9102845218924774,False,,5.016291283774807,13.78605972115471,12.43935765899273,clustered,False,13.913897014389072,0.5968792427995289,0.530721997807593,435,1.0,True,,False,False,False,32,0.7639273952285096,0.9423934894354388,0.4591046268134046,0.4139338489368081,1891,1.0,True,,False,False,False,64,435,1.0,,UNANNOTATED_CLUSTERED
FREG_fe17dc505c3e4dc0,FREG_fe17dc505c3e4dc0,MG1655,4490000,4493200,4491600,3200,small,shape,small_shape,1,CHIN-like,1.0,False,False,,CHIN_7f578107de94ae33,CHIN,3.795633863806812,3200,0.3514891273686762,0.3647147126462048,0.8778781142519712,0.8560792861276579,0.2697985435269793,0.2675873473080088,0.311861506989104,0.2757384420120923,True,False,False,False,True,KNOWN_LIKE_CLUSTER_REPRODUCIBLE,False,"Genomically unannotated, but in a Known-containing representation cluster; not a type assignment.",WIN_small_3cd1a13bfd2b3da9,0.0376173172189277,False,True,False,False,False,False,1,1,0,1,False,,False,0.5428370012014208,0.9115551446896684,0.980922105343696,0.9650406840120704,0.8954945271842568,False,,3.795633863806812,6.278748333532036,6.8007006428785335,clustered,False,9.177425121003138,0.4902790428331545,0.5101686735567055,435,1.0,True,,False,False,False,32,0.8064283290119575,0.9524948958275148,0.3208276625707165,0.3329045307174012,1891,1.0,True,,False,False,False,64,435,1.0,,UNANNOTATED_CLUSTERED
FREG_5f42baef9d08ba56,FREG_5f42baef9d08ba56,MG1655,3143200,3146400,3144800,3200,small,shape,small_shape,1,CHIN-like,1.0,False,False,,OPCID_7a866c11603150e7,OPCID,4.662935945926561,3200,0.388269754681844,0.3628447283881098,0.941619564033266,0.9586890403403268,0.3816960104695739,0.3899251668612676,0.311861506989104,0.2757384420120923,True,False,False,False,True,KNOWN_LIKE_CLUSTER_REPRODUCIBLE,False,"Genomically unannotated, but in a Known-containing representation cluster; not a type assignment.",WIN_small_c660e6f2280d68fc,0.0287189713887072,False,True,False,False,False,False,1,1,1,1,False,,False,0.932124804643348,0.9460629169942888,0.9002219531773327,0.954680089285258,0.8896631140456692,False,,6.483904874877894,4.662935945926561,11.920758945927505,clustered,False,11.192151480311033,0.4018577904597541,0.382599601948474,435,1.0,True,,False,False,False,32,0.8865108743602718,0.8631313878553029,0.3849625583105003,0.3967174539457839,1891,1.0,True,,False,False,False,64,435,1.0,,UNANNOTATED_CLUSTERED
FREG_0a91cd1113f47b87,FREG_0a91cd1113f47b87,MG1655,405600,408800,407200,3200,small,shape,small_shape,1,CHIN-like,1.0,False,False,,CHIN_d09cbcfd88a8bdfb,CHIN,4.838006957211942,3200,0.3454956098013576,0.360200687365086,0.8769339833114002,0.8992428955000131,0.4848290030445659,0.3493671351465154,0.311861506989104,0.2757384420120923,True,False,False,False,True,KNOWN_LIKE_CLUSTER_REPRODUCIBLE,False,"Genomically unannotated, but in a Known-containing representation cluster; not a type assignment.",WIN_small_bb029553d76cd6f4,0.0169824387366527,False,True,False,False,False,False,1,1,1,0,False,,False,0.7774086232444332,0.971843007650677,0.9692408902723436,0.983263263347158,0.9327660866833208,False,,4.838006957211942,7.850264407729461,8.055441343713799,clustered,False,12.33067886695289,0.4088213811644136,0.4422534354576537,435,1.0,True,,False,False,False,32,0.8218922514288234,0.9170289172850242,0.5062998475036796,0.4083478328324628,1891,1.0,True,,False,False,False,64,435,1.0,,UNANNOTATED_CLUSTERED
FREG_060e46470534df49,FREG_060e46470534df49,MG1655,1864000,1867200,1865600,3200,small,shape,small_shape,1,CHIN-like,0.7967196369245189,False,False,,OPCID_8d5d9994a513fc11,OPCID,5.726405000191268,3200,0.3598595992811616,0.3595438382230125,0.8882494690879263,0.9194354978213723,0.6267100711760408,0.631234331672342,0.311861506989104,0.2757384420120923,True,False,False,False,True,KNOWN_LIKE_CLUSTER_REPRODUCIBLE,False,"Genomically unannotated, but in a Known-containing representation cluster; not a type assignment.",WIN_small_ddad769541101a46,0.0274718042581788,False,True,False,False,False,False,1,1,1,0,False,,False,0.7904167379913433,0.9125174594602088,0.9884011439555777,0.7713585465819206,0.8919484797631705,False,,6.821544890116386,5.726405000191268,10.432024012214471,clustered,False,8.9154168084516,0.4462315289784535,0.4684733661739957,435,1.0,True,,False,False,False,32,0.8763947436095666,0.6910230634241957,0.6282304177312377,0.6434884602450911,1891,1.0,True,,False,False,False,64,435,1.0,,UNANNOTATED_CLUSTERED
FREG_1b9581ca537f3ca7,FREG_1b9581ca537f3ca7,MG1655,853200,856400,854800,3200,small,shape,small_shape,1,CHIN-like,1.0,False,False,,CHIN_f93cc107dd51e45a,CHIN,3.726007770170091,3200,0.3964997227270475,0.3589896605180929,0.8643291351725985,0.9027532831518014,0.3692090096673363,0.3054152079225077,0.311861506989104,0.2757384420120923,True,False,False,False,True,KNOWN_LIKE_CLUSTER_REPRODUCIBLE,False,"Genomically unannotated, but in a Known-containing representation cluster; not a type assignment.",WIN_small_990e16b5bf1ebd0c,0.0350582786898708,False,True,False,False,False,False,1,1,1,1,False,,False,0.7568563523832496,0.929953343339964,0.9896846532325058,0.9720472171701984,0.9365000525055716,False,,3.726007770170091,6.150481281169652,7.113367266981852,clustered,False,10.48075629438861,0.4910028526109681,0.491986546711685,435,1.0,True,,False,False,False,32,0.7958367142047734,0.9338622371252,0.4096821882027721,0.3723726052712465,1891,1.0,True,,False,False,False,64,435,1.0,,UNANNOTATED_CLUSTERED
FREG_c9d7ff0094b7ea19,FREG_c9d7ff0094b7ea19,MG1655,756000,759200,757600,3200,small,shape,small_shape,1,CHIN-like,1.0,False,False,,OPCID_3b8eefccce2e36fc,OPCID,3.665060334447949,3200,0.3806169964777988,0.3544104984302786,0.9160105747828976,0.8369084161416029,0.2771948306910357,0.2838922488400971,0.311861506989104,0.2757384420120923,True,False,False,False,True,KNOWN_LIKE_CLUSTER_REPRODUCIBLE,False,"Genomically unannotated, but in a Known-containing representation cluster; not a type assignment.",WIN_small_58221bf5792c2bad,0.0336459513730781,False,True,False,False,False,False,1,1,1,0,False,,False,0.8803300870827552,0.9304334676164624,0.9717476116439572,-0.2400342149671244,0.79040250092008,False,,4.307419732746698,3.665060334447949,9.34923714329136,clustered,False,8.012272899985213,0.406546912410102,0.4066980557025066,435,1.0,True,,False,False,False,32,0.848192947095304,0.9386712191502592,0.2942493208262614,0.3167781227320139,1891,1.0,True,,False,False,False,64,435,1.0,,UNANNOTATED_CLUSTERED
FREG_a1f94ce6c9ac1856,FREG_a1f94ce6c9ac1856,MG1655,3512000,3515200,3513600,3200,small,shape,small_shape,1,CHIN-like,0.8091846407316651,False,False,,CHIN_23a574b35aa4cad2,CHIN,3.348682951662524,3200,0.3654307199228107,0.350560096285577,0.9253171857996648,0.9052900294304363,0.5227340149626514,0.4936365827096871,0.311861506989104,0.2757384420120923,True,False,False,False,True,KNOWN_LIKE_CLUSTER_REPRODUCIBLE,False,"Genomically unannotated, but in a Known-containing representation cluster; not a type assignment.",WIN_small_f3e6ccc66a12abef,0.0309765585561479,False,True,False,False,False,False,1,1,1,0,False,,False,0.9750639019732128,0.9380199773734048,0.9353534705495352,0.992449192967154,0.950386068079357,False,,3.348682951662524,6.560585734304222,13.94384526830657,clustered,False,11.041411126893324,0.3680464478057574,0.3613279184705847,435,1.0,True,,False,False,False,32,0.8908378861808166,0.8293904708973293,0.5235498892757219,0.4947884669901404,1891,1.0,True,,False,False,False,64,435,1.0,,UNANNOTATED_CLUSTERED
FREG_673fd16dbc85d929,FREG_673fd16dbc85d929,MG1655,3392400,3406400,3394000,14000,small,shape,small_shape;medium_shape;large_shape,1,CHIN-like,1.0,False,False,,OPCID_3808275a8edee593,OPCID,4.398949625296125,3200,0.3361678197328988,0.3486874533569308,0.933937446061383,0.9810409223675224,0.4318518344396451,0.3959080747463461,0.311861506989104,0.2757384420120923,True,False,False,False,True,KNOWN_LIKE_CLUSTER_REPRODUCIBLE,False,"Genomically unannotated, but in a Known-containing representation cluster; not a type assignment.",WIN_small_047ca442a0238e95,0.007093189358813,False,True,False,True,False,True,3,5,4,4,False,,False,0.946443645228033,0.948434569552828,0.9909539013689146,0.9853235752075076,0.9665384076453222,False,,6.524784042622892,4.398949625296125,13.161799232247304,clustered,False,12.557195297306608,0.3507120422774498,0.3739948931546957,435,1.0,True,,False,False,False,32,0.8913605757992591,0.887442132604512,0.43860743897426,0.3993787923564322,1891,1.0,True,,False,False,False,64,435,1.0,,UNANNOTATED_CLUSTERED
FREG_80b11d76af0e3f6f,FREG_80b11d76af0e3f6f,MG1655,2072000,2084800,2079600,12800,small,shape,small_shape;large_shape,1,CHIN-like,1.0,False,False,,CHIN_d1bcd25223375bb6,CHIN,3.9011139118412537,3200,0.3307384800897647,0.3466466841814851,0.8894402242331615,0.9399395110014962,0.2694686946118538,0.2846519092367088,0.311861506989104,0.2757384420120923,True,False,False,False,True,KNOWN_LIKE_CLUSTER_REPRODUCIBLE,False,"Genomically unannotated, but in a Known-containing representation cluster; not a type assignment.",WIN_small_ea7f3d8a2dee81ea,0.0064287487991706,False,True,False,False,False,True,2,3,3,3,False,,False,-0.0663194029879269,0.8969492872946653,0.8811527574820707,0.992474467289968,0.8451925223348651,False,,3.9011139118412537,5.4938477379751145,5.74612028879092,clustered,False,8.171862125894242,0.3683882379335109,0.4128425771057907,435,1.0,True,,False,False,False,32,0.7915897789400849,0.8802900441665683,0.3216470149669188,0.3490644646573267,1891,1.0,True,,False,False,False,64,435,1.0,,UNANNOTATED_CLUSTERED
FREG_ec68581bc4f6ef27,FREG_ec68581bc4f6ef27,MG1655,3697600,3700800,3699200,3200,small,shape,small_shape,1,CHIN-like,1.0,False,False,,OPCID_3b8eefccce2e36fc,OPCID,3.1247299923903022,3200,0.3190930865850898,0.3421875687996354,0.924145335040112,0.9600260793994017,0.3909233228896419,0.4026435264242051,0.311861506989104,0.2757384420120923,True,False,False,False,True,KNOWN_LIKE_CLUSTER_REPRODUCIBLE,False,"Genomically unannotated, but in a Known-containing representation cluster; not a type assignment.",WIN_small_8ee13e0cc071706f,0.0137685678164295,False,True,False,False,False,False,1,1,0,1,False,,False,0.9336457174445566,0.4769245400588339,0.957092708790998,0.9323622887713534,0.6215880528515502,False,,3.69194592505994,3.1247299923903022,9.500971949192396,clustered,False,7.85634700556555,0.3266554571772143,0.3658193145736994,435,1.0,True,,False,False,False,32,0.8687066328759822,0.901770280694704,0.3940768789909593,0.4124122414673426,1891,1.0,True,,False,False,False,64,435,1.0,,UNANNOTATED_CLUSTERED
FREG_f3510ef7f2432010,FREG_f3510ef7f2432010,MG1655,2814000,2817200,2815600,3200,small,shape,small_shape,1,CHIN-like,1.0,False,False,,OPCID_3b8eefccce2e36fc,OPCID,3.633914912605004,3200,0.3138436265830441,0.3395799898184667,0.8988796027523807,0.9629522137720202,0.6948945739066795,0.5469057883256914,0.311861506989104,0.2757384420120923,True,False,False,False,True,KNOWN_LIKE_CLUSTER_REPRODUCIBLE,False,"Genomically unannotated, but in a Known-containing representation cluster; not a type assignment.",WIN_small_d86e0f82e0364dd8,0.0224506526679183,False,True,False,False,False,False,1,1,1,1,False,,False,0.2030714673519267,0.9724276961416216,0.9205595099056784,0.97680635658085,0.892148586531171,False,,4.75085956684462,3.633914912605004,7.098178376348558,clustered,False,7.872099053115269,0.3396225999794428,0.399162792777251,435,1.0,True,,False,False,False,32,0.8917402954149832,0.8531911892875454,0.6957442467563553,0.5578029298511707,1891,1.0,True,,False,False,False,64,435,1.0,,UNANNOTATED_CLUSTERED
FREG_0ec3deb6cb8e3a1f,FREG_0ec3deb6cb8e3a1f,MG1655,1442400,1445600,1444000,3200,small,shape,small_shape,1,CHIN-like,1.0,False,False,,OPCID_129f719ef537ae3f,OPCID,2.1059780973291504,3200,0.3157713750750955,0.336243796142388,0.8974164474167974,0.878616616816477,0.412941800965547,0.3748516853624691,0.311861506989104,0.2757384420120923,True,False,False,False,True,KNOWN_LIKE_CLUSTER_REPRODUCIBLE,False,"Genomically unannotated, but in a Known-containing representation cluster; not a type assignment.",WIN_small_60c27885e5f175a6,0.026489457085274,False,True,False,False,False,False,1,1,0,1,False,,False,0.2569026795628434,0.7034819326111796,0.9764239751831468,0.9763037513439832,0.7784545828187618,False,,4.225135872091333,2.1059780973291504,7.087904041538907,clustered,False,7.859289610214337,0.3633755460390168,0.4063874266231851,435,1.0,True,,False,False,False,32,0.8415179615509755,0.9420823968418338,0.4179779067570188,0.3962034265053638,1891,1.0,True,,False,False,False,64,435,1.0,,UNANNOTATED_CLUSTERED
FREG_e072be4f0cf1ad67,FREG_e072be4f0cf1ad67,MG1655,2884800,2888000,2886400,3200,small,shape,small_shape,1,CHIN-like,1.0,False,False,,CHIN_d09cbcfd88a8bdfb,CHIN,4.150302165374374,3200,0.3370161293439496,0.3340399837778203,0.8676754411812878,0.9590359947452194,0.4924117900229625,0.4012971556310399,0.311861506989104,0.2757384420120923,True,False,False,False,True,KNOWN_LIKE_CLUSTER_REPRODUCIBLE,False,"Genomically unannotated, but in a Known-containing representation cluster; not a type assignment.",WIN_small_6bc0575dce7ca070,0.035705797539028,False,True,False,False,False,False,1,1,1,0,False,,False,0.8752775046466852,0.964854798875504,0.9672731759710048,0.9735792896829404,0.8800681975060489,False,,4.150302165374374,6.833064930285065,5.675712826235429,clustered,False,9.79139990911157,0.434857230118861,0.4615792914067018,435,1.0,True,,False,False,False,32,0.803817069743971,0.8962818142333633,0.5267361648510965,0.4640636829046751,1891,1.0,True,,False,False,False,64,435,1.0,,UNANNOTATED_CLUSTERED
FREG_e5bab547e32c0095,FREG_e5bab547e32c0095,MG1655,4440400,4443600,4442000,3200,small,shape,small_shape,1,CHIN-like,1.0,False,False,,OPCID_3b8eefccce2e36fc,OPCID,3.98000202125357,3200,0.3474119594658917,0.3317836309457262,0.9162916675653302,0.951751877477365,0.5300410735952964,0.5030968823867122,0.311861506989104,0.2757384420120923,True,False,False,False,True,KNOWN_LIKE_CLUSTER_REPRODUCIBLE,False,"Genomically unannotated, but in a Known-containing representation cluster; not a type assignment.",WIN_small_6921119c2e5009c1,0.0214058574230068,False,True,False,False,False,False,1,1,1,0,False,,False,0.8233747892983351,0.95655921064829,0.8846345371516126,0.9763323225861542,0.907579539161258,False,,5.630204448004951,3.98000202125357,9.07542363710184,clustered,False,9.432444937417202,0.3668492861616833,0.3891180818588801,435,1.0,True,,False,False,False,32,0.8887692383989463,0.863444363162776,0.5323478972956504,0.5051033228224253,1891,1.0,True,,False,False,False,64,435,1.0,,UNANNOTATED_CLUSTERED
FREG_03e105604d014ba6,FREG_03e105604d014ba6,MG1655,1786800,1790000,1788400,3200,small,shape,small_shape,1,CHIN-like,1.0,False,False,,OPCID_3b8eefccce2e36fc,OPCID,4.971497223941002,3200,0.3205866226860863,0.3290521552494212,0.8782671625841216,0.9458154701369408,0.334081778218286,0.2815370814020711,0.311861506989104,0.2757384420120923,True,False,False,False,True,KNOWN_LIKE_CLUSTER_REPRODUCIBLE,False,"Genomically unannotated, but in a Known-containing representation cluster; not a type assignment.",WIN_small_65b2983ab4e78dfd,0.0099413160963994,False,True,False,False,False,False,1,1,1,1,False,,False,0.6051600342518693,0.9616538391425048,0.9264537768338152,0.988004769014099,0.9077518731606806,False,,5.117227163601432,4.971497223941002,8.349892700326043,clustered,False,9.50023160790748,0.4169730860972588,0.4459117408128953,435,1.0,True,,False,False,False,32,0.8152271039649417,0.9549976118902568,0.3730136136524227,0.3487768585072616,1891,1.0,True,,False,False,False,64,435,1.0,,UNANNOTATED_CLUSTERED
FREG_c9e5776010a19d77,FREG_c9e5776010a19d77,MG1655,166800,170000,168400,3200,small,shape,small_shape,1,CHIN-like,1.0,False,False,,CHIN_d09cbcfd88a8bdfb,CHIN,4.521574811900064,3200,0.3236355297159506,0.3250656931647393,0.8501839408125239,0.9995574484987656,0.3439654100825739,0.3168894733046086,0.311861506989104,0.2757384420120923,True,False,False,False,True,KNOWN_LIKE_CLUSTER_REPRODUCIBLE,False,"Genomically unannotated, but in a Known-containing representation cluster; not a type assignment.",WIN_small_c1c627b64ddf19ef,0.0125032283964668,False,True,False,False,False,False,1,1,1,0,False,,False,0.2101173427872598,0.9420555831370736,0.8987286620173336,0.9955095910757562,0.8831655274306727,False,,4.521574811900064,5.849280011928748,7.794971983170774,clustered,False,9.541487822706694,0.4185746169760501,0.449524148908921,435,1.0,True,,False,False,False,32,0.8140561394784838,0.884196547196712,0.390904791980912,0.3821134656408059,1891,1.0,True,,False,False,False,64,435,1.0,,UNANNOTATED_CLUSTERED
FREG_9919e1fb6784c2a8,FREG_9919e1fb6784c2a8,MG1655,4433600,4436800,4435200,3200,small,shape,small_shape,1,CHIN-like,1.0,False,False,,CHIN_f93cc107dd51e45a,CHIN,4.497085139035207,3200,0.346028450431446,0.3174699604273578,0.886709273894129,0.9219131431747042,0.2424674944857175,0.2443616240048239,0.311861506989104,0.2757384420120923,True,False,False,False,True,KNOWN_LIKE_CLUSTER_REPRODUCIBLE,False,"Genomically unannotated, but in a Known-containing representation cluster; not a type assignment.",WIN_small_1307c6d9a2fc39b7,0.0210887160770491,False,True,False,False,False,False,1,1,1,1,False,,False,0.2449801138648104,0.931219600701682,0.980197107202321,0.984053252979284,0.9021799595266596,False,,4.497085139035207,4.738159914085055,7.986196898625344,clustered,False,10.256848243265011,0.420210752208467,0.4412114859722049,435,1.0,True,,False,False,False,32,0.8133992895556266,0.9856889379742536,0.27092123075091,0.295095606244854,1891,1.0,True,,False,False,False,64,435,1.0,,UNANNOTATED_CLUSTERED
FREG_dd8ef6e92a048838,FREG_dd8ef6e92a048838,MG1655,4200800,4204000,4202400,3200,small,shape,small_shape,1,CHIN-like,0.930098508507821,False,False,,OPCID_1d111d2805e7745b,OPCID,4.964205749222996,3200,0.3461062445492591,0.301317087181047,0.9280960575101072,0.94230855846588,0.4840311749142037,0.4598432267803317,0.311861506989104,0.2757384420120923,True,False,False,False,True,KNOWN_LIKE_CLUSTER_REPRODUCIBLE,False,"Genomically unannotated, but in a Known-containing representation cluster; not a type assignment.",WIN_small_b4e5bb1b539d1a3a,0.0220264455708477,False,True,False,False,False,False,1,1,1,1,False,,False,0.9636088653947232,0.9603274657462992,0.9554316473066048,0.9427674351589794,0.9577932451823232,False,,4.97270602155886,4.964205749222996,13.921014887773456,clustered,False,11.527408802348264,0.3514809405430923,0.3089959264942548,435,1.0,True,,False,False,False,32,0.8957618204591058,0.8151871422217001,0.484969106779648,0.4595259537671809,1891,1.0,True,,False,False,False,64,435,1.0,,UNANNOTATED_CLUSTERED
FREG_6586b29a6604dd96,FREG_6586b29a6604dd96,MG1655,1494800,1498000,1496400,3200,small,shape,small_shape,1,CHIN-like,1.0,False,False,,CHIN_0f07f9fdd2a69572,CHIN,4.113719464354585,3200,0.3796711599593171,0.2811866632140367,0.8453932992126925,0.882331966656646,0.3396069196083571,0.3302542792865614,0.311861506989104,0.2757384420120923,True,False,False,False,True,KNOWN_LIKE_CLUSTER_REPRODUCIBLE,False,"Genomically unannotated, but in a Known-containing representation cluster; not a type assignment.",WIN_small_6bce2670d6863d2f,0.0492617496120806,False,True,False,False,False,False,1,1,1,0,False,,False,0.0307917806752822,0.8855928840356161,-0.0283879078338668,0.9642232599978332,0.6722292023446786,False,,4.113719464354585,4.943984226814769,5.141876512355793,clustered,False,5.999484552288264,0.5342533059443177,0.4644850476310332,435,1.0,True,,False,False,False,32,0.7971762455712701,0.8746360624833884,0.3698668116268445,0.3825258914560044,1891,1.0,True,,False,False,False,64,435,1.0,,UNANNOTATED_CLUSTERED
