reference_id,nearest_cluster_id,distance_to_nearest_cluster_centroid
BG_0001,1,5.384697497570143
BG_0002,1,9.760696020160145
BG_0003,2,9.9595398115779
BG_0004,2,12.824970200748297
BG_0005,1,10.400027626909718
BG_0006,1,7.199766573910378
BG_0007,1,7.464663765243707
BG_0008,1,9.96798454537988
BG_0009,1,9.794421074451343
BG_0010,1,7.336684726803064
BG_0011,1,8.34924847962085
BG_0012,1,5.5372860172922325
BG_0013,1,4.437512782832661
BG_0014,1,5.718048235846627
BG_0015,1,7.3730152001377744
BG_0016,1,4.425623112404805
BG_0017,1,6.229713992060746
BG_0018,1,12.869178997213123
BG_0019,2,25.027888969716663
BG_0020,2,25.598526615953965
BG_0021,2,28.835362618830302
BG_0022,2,26.9313623798387
BG_0023,1,17.54244402766836
BG_0024,1,16.777110140033038
BG_0025,1,11.309642820336043
BG_0026,1,6.863370256307546
BG_0027,1,8.104295087422678
BG_0028,1,14.525677616224586
BG_0029,1,18.39175070100715
BG_0030,1,5.111675336798247
BG_0031,1,6.356883446916138
BG_0032,1,9.710785805567724
BG_0033,1,9.195699081886715
BG_0034,1,7.161656906412834
BG_0035,1,10.683161278506919
BG_0036,1,5.508994760123792
BG_0037,1,9.420466607620773
BG_0038,1,10.89532380462993
BG_0039,1,7.23162889517046
BG_0040,1,9.05413570632919
BG_0041,1,7.591577867960614
BG_0042,1,6.237737317427263
BG_0043,1,5.727015622794125
BG_0044,1,9.449704637777868
BG_0045,1,8.559952604756596
BG_0046,1,9.45675026041688
BG_0047,2,16.794545622284044
BG_0048,1,7.868330634466019
BG_0049,2,8.463788920223719
BG_0050,1,6.709213195094264
BG_0051,1,9.992060279147672
BG_0052,1,7.695325993066534
BG_0053,1,9.577735280125161
BG_0054,1,6.012433865298178
BG_0055,1,8.540296117132398
BG_0056,1,5.091728829688176
BG_0057,1,7.368651714026971
BG_0058,1,8.839850026417173
BG_0059,1,7.6082238374090565
BG_0060,1,7.0184828171047045
BG_0061,1,7.915466586980132
BG_0062,1,5.805295667423156
BG_0063,1,3.4828525234304695
BG_0064,1,8.586108584633847
BG_0065,1,5.67838944495603
BG_0066,1,8.006362975899458
BG_0067,1,8.136712497544913
BG_0068,1,9.701069175005903
BG_0069,1,5.332412743682136
BG_0070,1,15.410117065482952
BG_0071,1,10.654620086924709
BG_0072,1,4.643690720365513
BG_0073,1,6.044763280101277
BG_0074,1,6.075305901805749
BG_0075,1,4.739891176741218
BG_0076,1,9.88502654699257
BG_0077,1,11.343411170452555
BG_0078,1,10.018848999342199
BG_0079,1,10.485192480333103
BG_0080,1,11.756585017117631
BG_0081,1,13.006284748012476
BG_0082,2,17.864367121419303
BG_0083,1,9.219004554273774
BG_0084,1,7.49935359346128
BG_0085,1,4.184532022365603
BG_0086,1,4.228913694046255
BG_0087,1,16.214178480955518
BG_0088,1,7.902971100535911
BG_0089,1,4.760844853666096
BG_0090,1,4.868680957052943
BG_0091,1,5.081707703660537
BG_0092,1,9.666936742681457
BG_0093,2,27.781423455951522
BG_0094,1,15.745803778246705
BG_0095,1,7.314387471386536
BG_0096,1,3.7233859121129282
BG_0097,1,10.364700537109933
BG_0098,1,11.908123673812272
BG_0099,1,11.869312511500594
BG_0100,1,28.65018750429767
BG_0101,1,5.348399767989749
BG_0102,1,6.89206901693287
BG_0103,1,5.182995700580835
BG_0104,1,7.505891420230131
BG_0105,1,5.920719353994456
BG_0106,1,8.295389179243076
BG_0107,1,11.351099358642312
BG_0108,1,9.04954081405771
BG_0109,1,9.216280881405828
BG_0110,1,6.962215615134867
BG_0111,1,6.742167978601863
BG_0112,1,7.16285205911644
BG_0113,1,6.327891554706758
BG_0114,1,5.191231129066947
BG_0115,1,10.000065472164179
BG_0116,1,11.730397625042045
BG_0117,1,3.963929658309286
BG_0118,1,6.954669474782892
BG_0119,1,5.6123995540724625
BG_0120,1,3.7695182976554498
BG_0121,1,10.09829778364146
BG_0122,1,8.598657737562341
BG_0123,1,7.408372111969921
BG_0124,1,8.450804170926187
BG_0125,1,5.504734628625521
BG_0126,1,6.4340293313305486
BG_0127,1,6.6723280987914375
BG_0128,1,4.545277008925882
BG_0129,1,15.786167481442172
BG_0130,1,19.321693331160343
BG_0131,1,5.17734322334175
BG_0132,1,4.949566233268066
BG_0133,1,4.667823461420383
BG_0134,1,7.434012887929504
BG_0135,1,10.935718602781794
BG_0136,1,6.948243826635953
BG_0137,1,5.409352334705082
BG_0138,1,5.85341726089295
BG_0139,1,5.420847532507979
BG_0140,1,6.365110954779283
BG_0141,1,6.529266844707758
BG_0142,1,7.330801325087315
BG_0143,1,10.391111078825533
BG_0144,1,6.139041431013378
BG_0145,1,7.253938983020523
BG_0146,1,12.075021936762155
BG_0147,1,6.281837513648552
BG_0148,1,6.548338272361894
BG_0149,2,10.250603756518682
BG_0150,2,10.911348017758497
BG_0151,1,9.267703163673744
BG_0152,1,4.308462851716727
BG_0153,1,5.217076894490671
BG_0154,1,8.060513270515171
BG_0155,1,8.057782667348748
BG_0156,1,9.549260590186954
BG_0157,1,9.624880033034877
BG_0158,1,6.966369721538825
BG_0159,1,7.43222767642203
BG_0160,1,11.461265722698846
BG_0161,1,7.105968646297106
BG_0162,1,7.1161514436091124
BG_0163,1,12.061208341626248
BG_0164,1,7.249061993426015
BG_0165,1,5.46854451885465
BG_0166,1,7.396702929844219
BG_0167,1,8.699857273800529
BG_0168,1,10.307856030635019
BG_0169,1,7.513852861085755
BG_0170,1,4.660369279738272
BG_0171,1,7.656736453746676
BG_0172,1,5.2381690663996485
BG_0173,1,7.9741382638165526
BG_0174,0,24.14145763628213
BG_0175,1,13.394562227224835
BG_0176,1,8.617151116634439
BG_0177,1,5.352259509199502
BG_0178,1,4.641841311588821
BG_0179,1,8.153447521326417
BG_0180,1,5.305987395169098
BG_0181,2,7.725360964562914
BG_0182,1,10.1906807104281
BG_0183,1,6.806877615970071
BG_0184,1,12.622573188750419
BG_0185,1,9.2161679868809
BG_0186,1,9.397526669332873
BG_0187,1,5.729303641848734
BG_0188,1,5.41829931218365
BG_0189,1,9.780831588190836
BG_0190,1,9.002561333793588
BG_0191,1,9.86958441281039
BG_0192,1,8.356466934464038
BG_0193,1,7.17429413971007
BG_0194,1,6.464034069956423
BG_0195,1,8.099968213325772
BG_0196,1,8.983665559189365
BG_0197,1,8.432561120692618
BG_0198,1,20.985781146766907
BG_0199,2,25.637650992385705
BG_0200,2,27.656028465191273
BG_0201,1,15.188074666562889
BG_0202,1,7.822381656570638
BG_0203,1,13.085463410070453
BG_0204,1,5.965169800146905
BG_0205,1,11.345380523013898
BG_0206,1,11.506661876905529
BG_0207,1,13.096226516593717
BG_0208,1,8.924914762501812
BG_0209,1,8.618302371653161
BG_0210,1,9.200178523363592
BG_0211,1,9.320620088325809
BG_0212,1,7.015071033034416
BG_0213,1,5.588934410527911
BG_0214,1,9.144606247334716
BG_0215,1,6.258110126116544
BG_0216,1,6.634775493241538
BG_0217,1,6.091100616654611
BG_0218,1,6.673207427444011
BG_0219,1,7.153566888724375
BG_0220,1,6.402983716733953
BG_0221,1,9.002028780042133
BG_0222,2,15.884245797276934
BG_0223,1,13.097076438275607
BG_0224,1,6.170151449608475
BG_0225,1,10.018495120065365
BG_0226,1,6.938572678704005
BG_0227,1,5.8100130937012056
BG_0228,1,7.274397065290288
BG_0229,1,9.359648697660766
BG_0230,1,10.193406847545324
BG_0231,1,8.135548602394882
BG_0232,1,6.72475742898016
BG_0233,1,5.117594825074134
BG_0234,1,10.34248074012179
BG_0235,1,5.612137636561303
BG_0236,1,6.1873970130619425
BG_0237,1,7.290697418100404
BG_0238,1,6.658001169991754
BG_0239,1,14.240125864370357
BG_0240,1,17.244172173404902
BG_0241,1,10.347019335375498
BG_0242,1,9.754415327522322
BG_0243,1,15.94630974806879
BG_0244,1,16.405745595768714
BG_0245,1,11.689513435540027
BG_0246,1,11.588329554204586
BG_0247,1,10.425075810310416
BG_0248,1,29.713805476719696
BG_0249,2,29.432823107400935
BG_0250,2,29.441583204747666
BG_0251,1,9.914604784952619
BG_0252,1,7.377331845970929
BG_0253,2,9.166149413942021
BG_0254,1,8.86502891416936
BG_0255,1,7.863952636977012
BG_0256,1,16.953516018131626
BG_0257,1,7.573547154800749
BG_0258,1,9.6319819495024
BG_0259,1,7.695346733805329
BG_0260,1,6.2818385342535725
BG_0261,1,9.2558623202193
BG_0262,1,22.060542165138695
BG_0263,1,9.867769703346177
BG_0264,1,10.454102631142298
BG_0265,1,13.568869770571599
BG_0266,1,10.01006888620093
BG_0267,1,10.55859581374197
BG_0268,1,7.424182075603053
BG_0269,1,13.823202100140964
BG_0270,1,8.90017982340923
BG_0271,2,27.294761202534822
BG_0272,1,8.200860206355614
BG_0273,1,7.138462163897621
BG_0274,1,10.725759286338088
BG_0275,1,6.426348823127363
BG_0276,1,5.7099719085912355
BG_0277,1,12.937876593410952
BG_0278,1,8.944354136079093
BG_0279,1,12.64136050882345
BG_0280,1,5.692446273024085
BG_0281,1,9.9506266303517
BG_0282,1,7.28504786498163
BG_0283,1,5.863124420760547
BG_0284,1,9.418305852789052
BG_0285,1,6.674408565508245
BG_0286,1,4.712527557220225
BG_0287,1,12.320712151947333
BG_0288,1,20.195822089577817
BG_0289,1,17.187205582082917
BG_0290,1,28.52207573523034
BG_0291,2,27.518760639357993
BG_0292,1,8.105382414101726
BG_0293,1,7.856488607042186
BG_0294,1,8.17756582262199
BG_0295,2,26.439647140713582
BG_0296,2,25.950876108225568
BG_0297,1,14.191725914186684
BG_0298,1,6.38424205090693
BG_0299,1,7.828834148651141
BG_0300,1,7.752398429713901
BG_0301,1,9.496788579988225
BG_0302,1,5.9704729978250235
BG_0303,1,8.232506869484766
BG_0304,1,6.872138828210733
BG_0305,1,9.648516405922502
BG_0306,1,7.247544032308767
BG_0307,1,13.95280544496477
BG_0308,2,25.27835875550142
BG_0309,2,26.440350300252316
BG_0310,2,18.455408831953
BG_0311,1,21.574539690145432
BG_0312,1,13.05882483237612
BG_0313,1,11.305917723198815
BG_0314,1,7.6522104705084315
BG_0315,1,8.681812135573242
BG_0316,1,16.91827266080091
BG_0317,1,7.305052052991356
BG_0318,1,7.683517661038763
BG_0319,1,12.634226989529449
BG_0320,1,12.911292275721875
BG_0321,1,7.284681954007787
BG_0322,1,9.053846216936691
BG_0323,1,15.8488981494445
BG_0324,1,10.630637116925982
BG_0325,1,4.8868098838595015
BG_0326,1,5.769324987853104
BG_0327,2,25.88190705418571
BG_0328,1,9.5524336658893
BG_0329,1,10.580234663261317
BG_0330,1,10.367317163896681
BG_0331,1,16.62548312199691
BG_0332,1,7.799321134116463
BG_0333,1,9.846841156071822
BG_0334,1,5.143088492080386
BG_0335,1,6.3109228730374705
BG_0336,1,13.884175628268562
BG_0337,2,31.86160315163955
BG_0338,1,18.875592888511125
BG_0339,1,8.407398005245936
BG_0340,1,7.423497299065902
BG_0341,1,7.224253071149792
BG_0342,1,8.265276371295379
BG_0343,1,6.799601433863883
BG_0344,1,5.839572588157057
