component,explained_variance_ratio,cumulative_explained_variance
1,0.30302933750369015,0.30302933750369015
2,0.22502275989216677,0.5280520973958569
3,0.13751050815339078,0.6655626055492476
4,0.0892662156438755,0.7548288211931231
5,0.0689617957810239,0.823790616974147
6,0.04138215124838622,0.8651727682225332
7,0.0279891453963072,0.8931619136188403
8,0.0165871828405951,0.9097490964594355
9,0.01481313144531025,0.9245622279047457
10,0.009506156892783741,0.9340683847975295
11,0.008136771589393962,0.9422051563869235
12,0.006310604052248981,0.9485157604391725
13,0.005555930361073755,0.9540716908002462
