sample_id,sample_source,region_id,known_type,chrom,start,end,center,cluster_id,membership_probability,outlier_score
FREG_8b3b63cc3da721ad,candidate,FREG_8b3b63cc3da721ad,,MG1655,38400,51200,44800.0,1,1.0,
FREG_79903927251dcee0,candidate,FREG_79903927251dcee0,,MG1655,55600,58800,57200.0,1,1.0,
FREG_8b001013a888b1a1,candidate,FREG_8b001013a888b1a1,,MG1655,72000,115200,106800.0,1,1.0,
FREG_a30994c0bfee6cb5,candidate,FREG_a30994c0bfee6cb5,,MG1655,116800,131200,127200.0,-1,0.0,
FREG_b96ff6000f97801f,candidate,FREG_b96ff6000f97801f,,MG1655,152400,155600,154000.0,1,1.0,
FREG_c9e5776010a19d77,candidate,FREG_c9e5776010a19d77,,MG1655,166800,170000,168400.0,1,1.0,
FREG_3c17a76c91ba3620,candidate,FREG_3c17a76c91ba3620,,MG1655,172000,178400,176400.0,1,1.0,
FREG_753c04c042d56855,candidate,FREG_753c04c042d56855,,MG1655,182400,185600,184000.0,1,1.0,
FREG_dec59bcf830d2ee6,candidate,FREG_dec59bcf830d2ee6,,MG1655,192000,204800,200400.0,1,1.0,
FREG_ad860f3d4752bd1d,candidate,FREG_ad860f3d4752bd1d,,MG1655,209600,225600,216000.0,1,1.0,
FREG_647ab946884b4026,candidate,FREG_647ab946884b4026,,MG1655,230800,234000,232400.0,-1,0.0,
FREG_8814232e60629894,candidate,FREG_8814232e60629894,,MG1655,262400,284800,268800.0,-1,0.0,
FREG_4b056190f9431017,candidate,FREG_4b056190f9431017,,MG1655,316400,328000,322400.0,-1,0.0,
FREG_3c0c965bf49bf58f,candidate,FREG_3c0c965bf49bf58f,,MG1655,328000,337600,332800.0,1,1.0,
FREG_a7d017e8cfb1a69c,candidate,FREG_a7d017e8cfb1a69c,,MG1655,394400,397600,396000.0,1,0.7333812593649264,
FREG_0a91cd1113f47b87,candidate,FREG_0a91cd1113f47b87,,MG1655,405600,408800,407200.0,1,1.0,
FREG_284850edfc48c40c,candidate,FREG_284850edfc48c40c,,MG1655,409600,422400,416000.0,1,1.0,
FREG_ea4389647e4ec2cd,candidate,FREG_ea4389647e4ec2cd,,MG1655,427200,433600,431200.0,1,1.0,
FREG_4405dec493e25a84,candidate,FREG_4405dec493e25a84,,MG1655,446800,455600,450000.0,1,1.0,
FREG_10132b1169a31424,candidate,FREG_10132b1169a31424,,MG1655,456800,464000,462400.0,1,1.0,
FREG_64eb9e44963b14eb,candidate,FREG_64eb9e44963b14eb,,MG1655,464000,478400,465600.0,1,1.0,
FREG_474fdcbc9e65ac97,candidate,FREG_474fdcbc9e65ac97,,MG1655,481200,484400,482800.0,1,1.0,
FREG_70c0ff1525a8c939,candidate,FREG_70c0ff1525a8c939,,MG1655,484800,500800,494400.0,1,1.0,
FREG_6499c2593eae15c1,candidate,FREG_6499c2593eae15c1,,MG1655,503200,516800,506400.0,1,1.0,
FREG_3d4a95743b89a9c1,candidate,FREG_3d4a95743b89a9c1,,MG1655,525600,528800,527200.0,-1,0.0,
FREG_1624931bb4079346,candidate,FREG_1624931bb4079346,,MG1655,540800,547200,544000.0,1,0.8829624046770932,
FREG_b047c0b64d8f6b65,candidate,FREG_b047c0b64d8f6b65,,MG1655,559200,562400,560800.0,1,1.0,
FREG_b281c30546d2f2dd,candidate,FREG_b281c30546d2f2dd,,MG1655,606400,612800,609600.0,-1,0.0,
FREG_0eaff5f92d811c81,candidate,FREG_0eaff5f92d811c81,,MG1655,630000,633200,631600.0,1,1.0,
FREG_f2730b027c33cc50,candidate,FREG_f2730b027c33cc50,,MG1655,662400,668800,665600.0,1,1.0,
FREG_a4aad970926aefdc,candidate,FREG_a4aad970926aefdc,,MG1655,672400,680800,679200.0,1,1.0,
FREG_f5ef0631b11a8bec,candidate,FREG_f5ef0631b11a8bec,,MG1655,685600,688800,687200.0,-1,0.0,
FREG_b80bb97bc30309d3,candidate,FREG_b80bb97bc30309d3,,MG1655,696000,699200,697600.0,1,1.0,
FREG_a4bcec0e05a4ae7e,candidate,FREG_a4bcec0e05a4ae7e,,MG1655,727600,730800,729200.0,-1,0.0,
FREG_927d40c86ef7b1d4,candidate,FREG_927d40c86ef7b1d4,,MG1655,731200,744000,734400.0,-1,0.0,
FREG_23a197fcaf4df8d6,candidate,FREG_23a197fcaf4df8d6,,MG1655,746800,750000,748400.0,1,1.0,
FREG_c9d7ff0094b7ea19,candidate,FREG_c9d7ff0094b7ea19,,MG1655,756000,759200,757600.0,1,1.0,
FREG_bf274765f64dcf2e,candidate,FREG_bf274765f64dcf2e,,MG1655,761600,780800,771600.0,-1,0.0,
FREG_a4e511e692667b31,candidate,FREG_a4e511e692667b31,,MG1655,782400,801600,795200.0,1,1.0,
FREG_0d155d5ff59aced5,candidate,FREG_0d155d5ff59aced5,,MG1655,826800,848000,835200.0,1,1.0,
FREG_1b9581ca537f3ca7,candidate,FREG_1b9581ca537f3ca7,,MG1655,853200,856400,854800.0,1,1.0,
FREG_0b1a4fcdb4c6b0f0,candidate,FREG_0b1a4fcdb4c6b0f0,,MG1655,862400,875200,868800.0,1,1.0,
FREG_c2261ccf4f321488,candidate,FREG_c2261ccf4f321488,,MG1655,880000,894400,882000.0,1,1.0,
FREG_34dee77afce8adf5,candidate,FREG_34dee77afce8adf5,,MG1655,901600,908000,904000.0,1,1.0,
FREG_7e5e958cbc9d5099,candidate,FREG_7e5e958cbc9d5099,,MG1655,922000,925200,923600.0,1,1.0,
FREG_a200f3db7a36dfd1,candidate,FREG_a200f3db7a36dfd1,,MG1655,928800,932000,930400.0,1,1.0,
FREG_42d3e2f15815267c,candidate,FREG_42d3e2f15815267c,,MG1655,932400,940400,938800.0,-1,0.0,
FREG_f777883f257cc56e,candidate,FREG_f777883f257cc56e,,MG1655,949600,956000,952800.0,1,1.0,
FREG_2b068766c74074b7,candidate,FREG_2b068766c74074b7,,MG1655,964000,982400,965600.0,1,1.0,
FREG_3b8ffec8bac8d1a0,candidate,FREG_3b8ffec8bac8d1a0,,MG1655,982400,988800,985600.0,1,0.9155180103121313,
FREG_e7c23e613d40791d,candidate,FREG_e7c23e613d40791d,,MG1655,999200,1005600,1002400.0,1,1.0,
FREG_917de285b2fc037c,candidate,FREG_917de285b2fc037c,,MG1655,1014800,1018000,1016400.0,1,1.0,
FREG_c707a50ab3cedf2a,candidate,FREG_c707a50ab3cedf2a,,MG1655,1051200,1064000,1057600.0,1,1.0,
FREG_a877dd5588b4011c,candidate,FREG_a877dd5588b4011c,,MG1655,1093600,1126400,1108400.0,1,1.0,
FREG_34492219a64a9959,candidate,FREG_34492219a64a9959,,MG1655,1126400,1166000,1158000.0,1,0.838549741876246,
FREG_fa4ddf1393df7982,candidate,FREG_fa4ddf1393df7982,,MG1655,1175600,1180400,1178800.0,1,1.0,
FREG_32d3b2839ade9f00,candidate,FREG_32d3b2839ade9f00,,MG1655,1190400,1196800,1194400.0,1,1.0,
FREG_a322968e0e091669,candidate,FREG_a322968e0e091669,,MG1655,1196800,1200000,1198400.0,1,0.9775230338105197,
FREG_c8486e55b019f350,candidate,FREG_c8486e55b019f350,,MG1655,1204000,1211600,1208400.0,-1,0.0,
FREG_d3cda5ffb81c91a3,candidate,FREG_d3cda5ffb81c91a3,,MG1655,1220000,1223200,1221600.0,1,1.0,
FREG_1c0d76b1f1c8404e,candidate,FREG_1c0d76b1f1c8404e,,MG1655,1226000,1229200,1227600.0,1,1.0,
FREG_58716b8657663f82,candidate,FREG_58716b8657663f82,,MG1655,1232400,1235600,1234000.0,1,1.0,
FREG_419b90a75035f08a,candidate,FREG_419b90a75035f08a,,MG1655,1236800,1250400,1242000.0,1,1.0,
FREG_53a68bc12f4553ab,candidate,FREG_53a68bc12f4553ab,,MG1655,1250800,1256000,1252400.0,1,1.0,
FREG_ab8c4d5f9e40d1d7,candidate,FREG_ab8c4d5f9e40d1d7,,MG1655,1256800,1264800,1260000.0,1,0.8286201409674051,
FREG_18d6d6b9991c1e67,candidate,FREG_18d6d6b9991c1e67,,MG1655,1265200,1268400,1266800.0,1,1.0,
FREG_f58b946f4319d3b7,candidate,FREG_f58b946f4319d3b7,,MG1655,1287600,1315200,1302000.0,-1,0.0,
FREG_89050f1e4d87cbd9,candidate,FREG_89050f1e4d87cbd9,,MG1655,1315200,1329600,1321600.0,1,1.0,
FREG_7bfe94b0db3815e0,candidate,FREG_7bfe94b0db3815e0,,MG1655,1338800,1342000,1340400.0,1,1.0,
FREG_a35a88b667d2c36c,candidate,FREG_a35a88b667d2c36c,,MG1655,1350400,1356800,1353600.0,1,1.0,
FREG_ddd616c6bc270d21,candidate,FREG_ddd616c6bc270d21,,MG1655,1387200,1390400,1388800.0,1,1.0,
FREG_64e6e1a0f778ee71,candidate,FREG_64e6e1a0f778ee71,,MG1655,1390400,1393600,1392000.0,1,0.8088142608739525,
FREG_cad61145e2da40c1,candidate,FREG_cad61145e2da40c1,,MG1655,1397200,1412800,1406400.0,1,1.0,
FREG_82a811abb2714642,candidate,FREG_82a811abb2714642,,MG1655,1422400,1435200,1428800.0,-1,0.0,
FREG_0ec3deb6cb8e3a1f,candidate,FREG_0ec3deb6cb8e3a1f,,MG1655,1442400,1445600,1444000.0,1,1.0,
FREG_7e16c0c4325e5d1d,candidate,FREG_7e16c0c4325e5d1d,,MG1655,1464000,1476800,1470400.0,-1,0.0,
FREG_72207fa128f1023c,candidate,FREG_72207fa128f1023c,,MG1655,1478400,1484800,1481600.0,1,1.0,
FREG_d48616db2be0a1f1,candidate,FREG_d48616db2be0a1f1,,MG1655,1491600,1494800,1493200.0,1,1.0,
FREG_6586b29a6604dd96,candidate,FREG_6586b29a6604dd96,,MG1655,1494800,1498000,1496400.0,1,1.0,
FREG_9949ed981f76b32e,candidate,FREG_9949ed981f76b32e,,MG1655,1499600,1521600,1502800.0,1,1.0,
FREG_f76cb7ab00f0aa90,candidate,FREG_f76cb7ab00f0aa90,,MG1655,1572000,1578400,1575200.0,1,0.9066493818555812,
FREG_80d3aa7e4fed4c3d,candidate,FREG_80d3aa7e4fed4c3d,,MG1655,1579600,1582800,1581200.0,1,0.9436829574978071,
FREG_acd4b0f85d9048dc,candidate,FREG_acd4b0f85d9048dc,,MG1655,1589600,1596000,1592800.0,1,1.0,
FREG_87dd9aab1b6e66cd,candidate,FREG_87dd9aab1b6e66cd,,MG1655,1600000,1606400,1603200.0,1,1.0,
FREG_5cce5084191e0890,candidate,FREG_5cce5084191e0890,,MG1655,1611200,1638400,1625600.0,1,1.0,
FREG_843e663633f07293,candidate,FREG_843e663633f07293,,MG1655,1672000,1675200,1673600.0,1,1.0,
FREG_e78028911b2a79a6,candidate,FREG_e78028911b2a79a6,,MG1655,1678000,1682800,1681200.0,1,1.0,
FREG_532acb0538fa2912,candidate,FREG_532acb0538fa2912,,MG1655,1684800,1697600,1691200.0,1,1.0,
FREG_f489a38832c12330,candidate,FREG_f489a38832c12330,,MG1655,1697600,1700800,1699200.0,1,1.0,
FREG_2d76c2ca695e2900,candidate,FREG_2d76c2ca695e2900,,MG1655,1704000,1712000,1706400.0,1,1.0,
FREG_ab86a89c0c0253b1,candidate,FREG_ab86a89c0c0253b1,,MG1655,1712400,1715600,1714000.0,1,1.0,
FREG_f73b30ea5e8a03ef,candidate,FREG_f73b30ea5e8a03ef,,MG1655,1720800,1724000,1722400.0,1,1.0,
FREG_1ef71e5980620b76,candidate,FREG_1ef71e5980620b76,,MG1655,1748000,1754400,1751200.0,1,1.0,
FREG_b62702b2fe0600ff,candidate,FREG_b62702b2fe0600ff,,MG1655,1758400,1771600,1764800.0,1,1.0,
FREG_03e105604d014ba6,candidate,FREG_03e105604d014ba6,,MG1655,1786800,1790000,1788400.0,1,1.0,
FREG_b7fb4af7ec2dbec0,candidate,FREG_b7fb4af7ec2dbec0,,MG1655,1790400,1812000,1800800.0,1,0.7663737096375548,
FREG_53c92e209ab0d7b9,candidate,FREG_53c92e209ab0d7b9,,MG1655,1820000,1826400,1822000.0,1,1.0,
FREG_7dc651ecec25e41d,candidate,FREG_7dc651ecec25e41d,,MG1655,1830400,1843200,1836800.0,1,1.0,
FREG_3df70068feca0a70,candidate,FREG_3df70068feca0a70,,MG1655,1845600,1850800,1849200.0,1,0.9247588572725828,
FREG_f080d87158b570e1,candidate,FREG_f080d87158b570e1,,MG1655,1854000,1860800,1858800.0,1,1.0,
FREG_060e46470534df49,candidate,FREG_060e46470534df49,,MG1655,1864000,1867200,1865600.0,1,0.7967196369245189,
FREG_c04ad4fa99531c81,candidate,FREG_c04ad4fa99531c81,,MG1655,1871200,1874400,1872800.0,1,1.0,
FREG_a6342a0a229388f1,candidate,FREG_a6342a0a229388f1,,MG1655,1876800,1894400,1878800.0,1,1.0,
FREG_d2d392e1e3af249a,candidate,FREG_d2d392e1e3af249a,,MG1655,1896000,1910000,1903200.0,-1,0.0,
FREG_95eff5b76065dafb,candidate,FREG_95eff5b76065dafb,,MG1655,1911200,1914400,1912800.0,1,1.0,
FREG_1c5ace96ef187329,candidate,FREG_1c5ace96ef187329,,MG1655,1916000,1922400,1917600.0,1,1.0,
FREG_0d709798f3eacad9,candidate,FREG_0d709798f3eacad9,,MG1655,1922400,1925600,1924000.0,1,0.9886007144126968,
FREG_1305eb571c3bb8a0,candidate,FREG_1305eb571c3bb8a0,,MG1655,1926400,1931200,1929600.0,1,1.0,
FREG_ca7f6a3e36c26bb0,candidate,FREG_ca7f6a3e36c26bb0,,MG1655,1939200,1946000,1944400.0,1,1.0,
FREG_f5914e2608a3139c,candidate,FREG_f5914e2608a3139c,,MG1655,1961600,1975200,1971600.0,1,1.0,
FREG_fee885b91f90be59,candidate,FREG_fee885b91f90be59,,MG1655,1988800,1995200,1993200.0,1,1.0,
FREG_d9e613a6da1bbfde,candidate,FREG_d9e613a6da1bbfde,,MG1655,2001600,2014400,2008000.0,1,1.0,
FREG_9514e59659180f9c,candidate,FREG_9514e59659180f9c,,MG1655,2018000,2021200,2019600.0,1,1.0,
FREG_b63f841473fa35dc,candidate,FREG_b63f841473fa35dc,,MG1655,2024000,2036800,2030400.0,1,1.0,
FREG_df9791c4a4cf8e2c,candidate,FREG_df9791c4a4cf8e2c,,MG1655,2042400,2045600,2044000.0,1,0.8849080081786771,
FREG_bf3e1676e954ae7d,candidate,FREG_bf3e1676e954ae7d,,MG1655,2053200,2056400,2054800.0,1,1.0,
FREG_7ea68c9c73985ae9,candidate,FREG_7ea68c9c73985ae9,,MG1655,2060000,2064800,2063200.0,-1,0.0,
FREG_80b11d76af0e3f6f,candidate,FREG_80b11d76af0e3f6f,,MG1655,2072000,2084800,2079600.0,1,1.0,
FREG_cf3d3827bf6dd780,candidate,FREG_cf3d3827bf6dd780,,MG1655,2103200,2110000,2104800.0,-1,0.0,
FREG_c7f534c19d17f43c,candidate,FREG_c7f534c19d17f43c,,MG1655,2139200,2142400,2140800.0,1,0.9949388237749663,
FREG_1903a600e364f832,candidate,FREG_1903a600e364f832,,MG1655,2144000,2147200,2145600.0,1,1.0,
FREG_9f6595c9a76c4a7b,candidate,FREG_9f6595c9a76c4a7b,,MG1655,2171200,2180800,2176000.0,-1,0.0,
FREG_70948b13141d0f2d,candidate,FREG_70948b13141d0f2d,,MG1655,2216000,2228800,2223600.0,1,1.0,
FREG_dca36ed12b2dee2f,candidate,FREG_dca36ed12b2dee2f,,MG1655,2237600,2264000,2244800.0,1,1.0,
FREG_a635ba46a50b3a49,candidate,FREG_a635ba46a50b3a49,,MG1655,2269600,2272800,2271200.0,1,0.7956688837467841,
FREG_75bd2653e4f8ca25,candidate,FREG_75bd2653e4f8ca25,,MG1655,2272800,2280800,2279200.0,1,1.0,
FREG_1a15ca20e427f05a,candidate,FREG_1a15ca20e427f05a,,MG1655,2316800,2323200,2321200.0,1,1.0,
FREG_f14ea993e8b25b82,candidate,FREG_f14ea993e8b25b82,,MG1655,2334400,2347200,2340800.0,1,1.0,
FREG_017c9e4604cf65bb,candidate,FREG_017c9e4604cf65bb,,MG1655,2385600,2411200,2391600.0,-1,0.0,
FREG_c80baf09873c8e2e,candidate,FREG_c80baf09873c8e2e,,MG1655,2439200,2442400,2440800.0,1,0.8813440032136804,
FREG_7e2826c8606a787c,candidate,FREG_7e2826c8606a787c,,MG1655,2475200,2481600,2478400.0,1,1.0,
FREG_8eb4220af86c952b,candidate,FREG_8eb4220af86c952b,,MG1655,2488000,2496000,2489600.0,1,1.0,
FREG_0af1ebaaab86f1c8,candidate,FREG_0af1ebaaab86f1c8,,MG1655,2512000,2515200,2513600.0,-1,0.0,
FREG_7089a736aaf0a1d4,candidate,FREG_7089a736aaf0a1d4,,MG1655,2518000,2521200,2519600.0,-1,0.0,
FREG_2f3af1b9c3bbb05e,candidate,FREG_2f3af1b9c3bbb05e,,MG1655,2524800,2537600,2534400.0,-1,0.0,
FREG_198036ee9f5a70c4,candidate,FREG_198036ee9f5a70c4,,MG1655,2545200,2552000,2548400.0,1,1.0,
FREG_3371092db014576f,candidate,FREG_3371092db014576f,,MG1655,2559200,2566000,2564400.0,1,0.7672064349790848,
FREG_76f4c379538e5a04,candidate,FREG_76f4c379538e5a04,,MG1655,2577600,2590400,2584000.0,1,1.0,
FREG_6a4ab7070f8d4444,candidate,FREG_6a4ab7070f8d4444,,MG1655,2601600,2608000,2604800.0,1,0.8453641936128957,
FREG_62da24bb51f1d2c2,candidate,FREG_62da24bb51f1d2c2,,MG1655,2614800,2628800,2625200.0,1,1.0,
FREG_2a1ab61af8043dae,candidate,FREG_2a1ab61af8043dae,,MG1655,2638400,2643200,2641600.0,1,1.0,
FREG_cac735c8cf6e1d2e,candidate,FREG_cac735c8cf6e1d2e,,MG1655,2648000,2651200,2649600.0,1,1.0,
FREG_9ebcb47776f94b87,candidate,FREG_9ebcb47776f94b87,,MG1655,2707200,2710400,2708800.0,1,1.0,
FREG_6e09d3bd094c8b1d,candidate,FREG_6e09d3bd094c8b1d,,MG1655,2719200,2725600,2721600.0,-1,0.0,
FREG_11a5f6c7b97c1f4a,candidate,FREG_11a5f6c7b97c1f4a,,MG1655,2735200,2744000,2736800.0,1,0.7974683388958533,
FREG_73e6e7465ad4e4c4,candidate,FREG_73e6e7465ad4e4c4,,MG1655,2745600,2751600,2747200.0,1,1.0,
FREG_ff532581b24af75c,candidate,FREG_ff532581b24af75c,,MG1655,2753200,2756400,2754800.0,1,0.844623867384102,
FREG_8e33a6d1e6f10e59,candidate,FREG_8e33a6d1e6f10e59,,MG1655,2784000,2789200,2785600.0,-1,0.0,
FREG_f3868eb02e0f55d5,candidate,FREG_f3868eb02e0f55d5,,MG1655,2808000,2811200,2809600.0,1,1.0,
FREG_f3510ef7f2432010,candidate,FREG_f3510ef7f2432010,,MG1655,2814000,2817200,2815600.0,1,1.0,
FREG_43ba383d41c336e2,candidate,FREG_43ba383d41c336e2,,MG1655,2825600,2828800,2827200.0,1,1.0,
FREG_3cabe6a4fbfe2392,candidate,FREG_3cabe6a4fbfe2392,,MG1655,2866400,2869600,2868000.0,1,1.0,
FREG_d60cf0e71170ce7a,candidate,FREG_d60cf0e71170ce7a,,MG1655,2876800,2883200,2880000.0,1,1.0,
FREG_e072be4f0cf1ad67,candidate,FREG_e072be4f0cf1ad67,,MG1655,2884800,2888000,2886400.0,1,1.0,
FREG_4b7d0b5470bbacb2,candidate,FREG_4b7d0b5470bbacb2,,MG1655,2910400,2929600,2920000.0,1,0.7566346950511654,
FREG_d049a84b69583bb4,candidate,FREG_d049a84b69583bb4,,MG1655,2968800,2987200,2980800.0,1,1.0,
FREG_182d4c2fa8a9af54,candidate,FREG_182d4c2fa8a9af54,,MG1655,2988400,2993600,2990000.0,-1,0.0,
FREG_b7c8fd0caa521c80,candidate,FREG_b7c8fd0caa521c80,,MG1655,3012800,3016000,3014400.0,1,1.0,
FREG_002f146b6f614245,candidate,FREG_002f146b6f614245,,MG1655,3030800,3034000,3032400.0,1,1.0,
FREG_be825ad8b6a2fe4e,candidate,FREG_be825ad8b6a2fe4e,,MG1655,3036800,3060000,3048000.0,-1,0.0,
FREG_71c429938c2bb421,candidate,FREG_71c429938c2bb421,,MG1655,3066800,3075200,3072000.0,1,1.0,
FREG_d9565da6584d3377,candidate,FREG_d9565da6584d3377,,MG1655,3086400,3105600,3092800.0,1,1.0,
FREG_5f42baef9d08ba56,candidate,FREG_5f42baef9d08ba56,,MG1655,3143200,3146400,3144800.0,1,1.0,
FREG_89f933686190b586,candidate,FREG_89f933686190b586,,MG1655,3156800,3169600,3163200.0,1,1.0,
FREG_19a4a9627a72c5ab,candidate,FREG_19a4a9627a72c5ab,,MG1655,3172800,3185600,3176800.0,1,0.8971911745659736,
FREG_e6d786036463fc14,candidate,FREG_e6d786036463fc14,,MG1655,3216000,3236800,3222400.0,1,1.0,
FREG_6df32034ec393913,candidate,FREG_6df32034ec393913,,MG1655,3260800,3294400,3271600.0,-1,0.0,
FREG_50016c5459cdde46,candidate,FREG_50016c5459cdde46,,MG1655,3306000,3334400,3309200.0,1,0.7803292289854625,
FREG_5f65ee0fcb5cc0d3,candidate,FREG_5f65ee0fcb5cc0d3,,MG1655,3342400,3355200,3348800.0,-1,0.0,
FREG_197d91c30a21aa6d,candidate,FREG_197d91c30a21aa6d,,MG1655,3376000,3379200,3377600.0,1,1.0,
FREG_673fd16dbc85d929,candidate,FREG_673fd16dbc85d929,,MG1655,3392400,3406400,3394000.0,1,1.0,
FREG_d8009ca77bbfd55b,candidate,FREG_d8009ca77bbfd55b,,MG1655,3409600,3422400,3416000.0,1,1.0,
FREG_e015e1cbb82f3fda,candidate,FREG_e015e1cbb82f3fda,,MG1655,3429600,3452800,3440400.0,-1,0.0,
FREG_3c7065d27965c923,candidate,FREG_3c7065d27965c923,,MG1655,3456000,3468800,3462400.0,1,1.0,
FREG_3fb3b4c0cc922b63,candidate,FREG_3fb3b4c0cc922b63,,MG1655,3471200,3474400,3472800.0,-1,0.0,
FREG_9160ea6e04d0fce4,candidate,FREG_9160ea6e04d0fce4,,MG1655,3483600,3491200,3486800.0,1,0.9104190570866396,
FREG_592b8ee6e80c0332,candidate,FREG_592b8ee6e80c0332,,MG1655,3499200,3512000,3505600.0,1,1.0,
FREG_a1f94ce6c9ac1856,candidate,FREG_a1f94ce6c9ac1856,,MG1655,3512000,3515200,3513600.0,1,0.8091846407316651,
FREG_3ac62dfe3e5c70a8,candidate,FREG_3ac62dfe3e5c70a8,,MG1655,3515200,3518400,3516800.0,1,1.0,
FREG_18308d8d16cb77ab,candidate,FREG_18308d8d16cb77ab,,MG1655,3531200,3537600,3534400.0,1,0.9813937925299313,
FREG_03698d335d449109,candidate,FREG_03698d335d449109,,MG1655,3540800,3574000,3549200.0,-1,0.0,
FREG_76c0f54100c00508,candidate,FREG_76c0f54100c00508,,MG1655,3585600,3598400,3592000.0,1,1.0,
FREG_5e71eb22a239e0f3,candidate,FREG_5e71eb22a239e0f3,,MG1655,3598400,3605600,3601600.0,1,0.9655795634405355,
FREG_b78622a8d089b9a6,candidate,FREG_b78622a8d089b9a6,,MG1655,3623200,3626400,3624800.0,-1,0.0,
FREG_71a1810f771bdea6,candidate,FREG_71a1810f771bdea6,,MG1655,3631600,3634800,3633200.0,1,1.0,
FREG_e5cc7b1efae1a138,candidate,FREG_e5cc7b1efae1a138,,MG1655,3637600,3644400,3641200.0,1,0.945970262061244,
FREG_7a99d7dca32569ea,candidate,FREG_7a99d7dca32569ea,,MG1655,3647200,3650400,3648800.0,1,0.8341845264871309,
FREG_ec68581bc4f6ef27,candidate,FREG_ec68581bc4f6ef27,,MG1655,3697600,3700800,3699200.0,1,1.0,
FREG_bc663b2769015222,candidate,FREG_bc663b2769015222,,MG1655,3704800,3711200,3707200.0,1,1.0,
FREG_1f5d6ce85d1ab652,candidate,FREG_1f5d6ce85d1ab652,,MG1655,3724800,3728000,3726400.0,1,1.0,
FREG_0b60f99aaa90f305,candidate,FREG_0b60f99aaa90f305,,MG1655,3735200,3741600,3738400.0,1,1.0,
FREG_e9ba2a9c562587f0,candidate,FREG_e9ba2a9c562587f0,,MG1655,3744000,3756800,3750400.0,1,1.0,
FREG_b75c71fb585afd01,candidate,FREG_b75c71fb585afd01,,MG1655,3761600,3776000,3766400.0,-1,0.0,
FREG_5808f814db7aac35,candidate,FREG_5808f814db7aac35,,MG1655,3782000,3785200,3783600.0,1,1.0,
FREG_5bfbb87dac6470f6,candidate,FREG_5bfbb87dac6470f6,,MG1655,3793600,3808000,3802800.0,1,1.0,
FREG_170bc6971c42582b,candidate,FREG_170bc6971c42582b,,MG1655,3838400,3851200,3844800.0,1,1.0,
FREG_f22a9ca580a2c527,candidate,FREG_f22a9ca580a2c527,,MG1655,3862800,3869600,3866000.0,1,1.0,
FREG_05a0cf3fde05e2f7,candidate,FREG_05a0cf3fde05e2f7,,MG1655,3875200,3897600,3888000.0,-1,0.0,
FREG_7bb0def6a7b76a96,candidate,FREG_7bb0def6a7b76a96,,MG1655,3911600,3924800,3918400.0,1,0.7449289127790264,
FREG_8a7aa8e9ef61cfa1,candidate,FREG_8a7aa8e9ef61cfa1,,MG1655,3930000,3941200,3939600.0,-1,0.0,
FREG_c423410ef5466d80,candidate,FREG_c423410ef5466d80,,MG1655,3964000,3970400,3965600.0,1,1.0,
FREG_19fafb389f6821c0,candidate,FREG_19fafb389f6821c0,,MG1655,3974400,3980800,3977600.0,1,0.9903910166655437,
FREG_faad4173b025f5d3,candidate,FREG_faad4173b025f5d3,,MG1655,3985600,3998400,3988000.0,1,0.9991438572128357,
FREG_5c4f510acea39341,candidate,FREG_5c4f510acea39341,,MG1655,4002800,4006000,4004400.0,1,1.0,
FREG_a340ee223eb14a8b,candidate,FREG_a340ee223eb14a8b,,MG1655,4016000,4028800,4021600.0,1,0.8872764280734469,
FREG_be1e3265dcb6bee1,candidate,FREG_be1e3265dcb6bee1,,MG1655,4031200,4034400,4032800.0,-1,0.0,
FREG_917948506f98694d,candidate,FREG_917948506f98694d,,MG1655,4075200,4078400,4076800.0,1,1.0,
FREG_cad9757d375b2f54,candidate,FREG_cad9757d375b2f54,,MG1655,4080000,4086800,4083200.0,1,0.9123953085296932,
FREG_8f9c3c98be313afa,candidate,FREG_8f9c3c98be313afa,,MG1655,4116000,4119200,4117600.0,1,1.0,
FREG_07a2251bfd6d98e1,candidate,FREG_07a2251bfd6d98e1,,MG1655,4128000,4147200,4134400.0,1,1.0,
FREG_4bb24303d6e4e3ac,candidate,FREG_4bb24303d6e4e3ac,,MG1655,4172800,4190400,4179600.0,-1,0.0,
FREG_dd8ef6e92a048838,candidate,FREG_dd8ef6e92a048838,,MG1655,4200800,4204000,4202400.0,1,0.930098508507821,
FREG_79aca59cc181d3d3,candidate,FREG_79aca59cc181d3d3,,MG1655,4220000,4223200,4221600.0,1,0.8610935585850832,
FREG_21b7d5ac1419bc39,candidate,FREG_21b7d5ac1419bc39,,MG1655,4235200,4260800,4243200.0,-1,0.0,
FREG_a6c37a2014d77af9,candidate,FREG_a6c37a2014d77af9,,MG1655,4268800,4279600,4278000.0,1,1.0,
FREG_e4f42f80b5c519e7,candidate,FREG_e4f42f80b5c519e7,,MG1655,4281600,4294400,4288000.0,1,1.0,
FREG_2fb66ea62d876021,candidate,FREG_2fb66ea62d876021,,MG1655,4342000,4345200,4343600.0,1,1.0,
FREG_e2b6e60709b341ec,candidate,FREG_e2b6e60709b341ec,,MG1655,4356800,4376000,4365600.0,-1,0.0,
FREG_1edcba645d0dd4a1,candidate,FREG_1edcba645d0dd4a1,,MG1655,4379200,4382400,4380800.0,1,1.0,
FREG_c33836512cd5bdc3,candidate,FREG_c33836512cd5bdc3,,MG1655,4388000,4391200,4389600.0,1,0.8873358034628569,
FREG_e35227c57fd34e9d,candidate,FREG_e35227c57fd34e9d,,MG1655,4395200,4409600,4403200.0,1,1.0,
FREG_a356c920b79fd72a,candidate,FREG_a356c920b79fd72a,,MG1655,4414800,4418000,4416400.0,1,1.0,
FREG_9919e1fb6784c2a8,candidate,FREG_9919e1fb6784c2a8,,MG1655,4433600,4436800,4435200.0,1,1.0,
FREG_e5bab547e32c0095,candidate,FREG_e5bab547e32c0095,,MG1655,4440400,4443600,4442000.0,1,1.0,
FREG_2a458a4eb550141c,candidate,FREG_2a458a4eb550141c,,MG1655,4454400,4476000,4462800.0,-1,0.0,
FREG_fe17dc505c3e4dc0,candidate,FREG_fe17dc505c3e4dc0,,MG1655,4490000,4493200,4491600.0,1,1.0,
FREG_d0437ba01c05d49f,candidate,FREG_d0437ba01c05d49f,,MG1655,4505200,4508400,4506800.0,-1,0.0,
FREG_948b53bdbfa601a8,candidate,FREG_948b53bdbfa601a8,,MG1655,4520000,4532800,4526400.0,1,1.0,
FREG_e79dd71d2c9d9f84,candidate,FREG_e79dd71d2c9d9f84,,MG1655,4558400,4571200,4564800.0,1,1.0,
FREG_ca773dc177e53fd6,candidate,FREG_ca773dc177e53fd6,,MG1655,4583600,4586800,4585200.0,1,1.0,
FREG_3f8b0de465607760,candidate,FREG_3f8b0de465607760,,MG1655,4590400,4625600,4612800.0,1,1.0,
CHIN_d2deb5271c6a5cdd,known,,CHIN,MG1655,58260,59420,58840.0,1,1.0,
CHIN_e75b43fe8984729d,known,,CHIN,MG1655,83460,85860,84660.0,1,1.0,
CHIN_ec0a221413a0122f,known,,CHIN,MG1655,150060,152600,151330.0,1,1.0,
CHIN_813ba6e5d823057e,known,,CHIN,MG1655,150060,153540,151800.0,1,1.0,
CHIN_72b6b435a0910cba,known,,CHIN,MG1655,150060,154620,152340.0,1,1.0,
CHIN_8bc99ad127e36986,known,,CHIN,MG1655,153540,155700,154620.0,1,1.0,
CHIN_7f578107de94ae33,known,,CHIN,MG1655,156170,157290,156730.0,1,1.0,
CHIN_ebff8dd814b0e30d,known,,CHIN,MG1655,179740,181020,180380.0,1,1.0,
CHIN_5e96eb45b53473d8,known,,CHIN,MG1655,237000,238940,237970.0,1,1.0,
CHIN_6f0fc226dcac97e0,known,,CHIN,MG1655,252280,253840,253060.0,1,1.0,
CHIN_95865e7aff35770d,known,,CHIN,MG1655,252280,260520,256400.0,1,0.7166606901833101,
CHIN_347c5b87a6218f43,known,,CHIN,MG1655,258700,260480,259590.0,1,0.7197077196828685,
CHIN_5a72ba4e9470db3b,known,,CHIN,MG1655,262320,263560,262940.0,1,1.0,
CHIN_4c5f156d9cc89829,known,,CHIN,MG1655,292430,295450,293940.0,1,0.7097755056433537,
CHIN_845f263abdb730a3,known,,CHIN,MG1655,294940,296400,295670.0,1,0.8842585875698641,
CHIN_041bcc227cd53ba1,known,,CHIN,MG1655,296440,298020,297230.0,1,0.8523843058246549,
CHIN_532567826674af80,known,,CHIN,MG1655,302620,304120,303370.0,1,1.0,
CHIN_7398738e11297691,known,,CHIN,MG1655,312500,314520,313510.0,-1,0.0,
CHIN_b10a121ad52a995a,known,,CHIN,MG1655,318290,319970,319130.0,-1,0.0,
CHIN_312a74a025dbb29e,known,,CHIN,MG1655,335190,336930,336060.0,1,1.0,
CHIN_28ce20abf9be7e23,known,,CHIN,MG1655,343740,345280,344510.0,1,1.0,
CHIN_0dd4c64ce8f39b0c,known,,CHIN,MG1655,431650,432910,432280.0,1,0.9177162974860162,
CHIN_fba1a86abad8c7a7,known,,CHIN,MG1655,479730,481550,480640.0,1,1.0,
CHIN_71efee1581148a83,known,,CHIN,MG1655,515700,516920,516310.0,1,1.0,
CHIN_80c12c16922655e6,known,,CHIN,MG1655,526710,529470,528090.0,-1,0.0,
CHIN_8eb17f66486b0cb3,known,,CHIN,MG1655,535810,538250,537030.0,1,1.0,
CHIN_756380c51ed71de1,known,,CHIN,MG1655,537490,539170,538330.0,1,1.0,
CHIN_765ae5aaa92eba4c,known,,CHIN,MG1655,545170,546710,545940.0,1,0.8610932955911887,
CHIN_0665f54cdc25bc86,known,,CHIN,MG1655,558190,560310,559250.0,1,1.0,
CHIN_24c69819d9eb0ea3,known,,CHIN,MG1655,558190,561210,559700.0,1,1.0,
CHIN_7f52b12dfe4fe133,known,,CHIN,MG1655,562020,564760,563390.0,1,0.9430372507796287,
CHIN_7a803da6ac58d221,known,,CHIN,MG1655,563970,568970,566470.0,-1,0.0,
CHIN_a63720d7766d7461,known,,CHIN,MG1655,568090,570890,569490.0,-1,0.0,
CHIN_8df27ebe669975c4,known,,CHIN,MG1655,569420,572480,570950.0,1,0.888319445709272,
CHIN_33fec0705cfb277a,known,,CHIN,MG1655,570750,572390,571570.0,1,0.9430372507796287,
CHIN_a1e86caa5ea8ad7a,known,,CHIN,MG1655,582900,585780,584340.0,1,0.8756751836096273,
CHIN_037eac2ae9ec84b3,known,,CHIN,MG1655,617720,619520,618620.0,1,1.0,
CHIN_79b92fd133c7aa25,known,,CHIN,MG1655,636260,638180,637220.0,1,1.0,
CHIN_03da8349566fc478,known,,CHIN,MG1655,655540,657040,656290.0,1,1.0,
CHIN_f93cc107dd51e45a,known,,CHIN,MG1655,660590,662490,661540.0,1,1.0,
CHIN_5112515e92b132f5,known,,CHIN,MG1655,676260,677580,676920.0,1,1.0,
CHIN_12300449726e7c4d,known,,CHIN,MG1655,676260,680280,678270.0,1,1.0,
CHIN_f6dd7eecdc24d3c3,known,,CHIN,MG1655,715620,717120,716370.0,1,1.0,
CHIN_71544cab6749d657,known,,CHIN,MG1655,720100,721340,720720.0,1,1.0,
CHIN_101609e6a031b5b2,known,,CHIN,MG1655,732990,736410,734700.0,-1,0.0,
CHIN_31f753a6c5032426,known,,CHIN,MG1655,735680,739080,737380.0,-1,0.0,
CHIN_d09cbcfd88a8bdfb,known,,CHIN,MG1655,748180,749460,748820.0,1,1.0,
CHIN_d42479337ed2ab90,known,,CHIN,MG1655,751750,753190,752470.0,1,1.0,
CHIN_0f74c85e412d80b9,known,,CHIN,MG1655,799970,802230,801100.0,1,1.0,
CHIN_ca0f2dc213c43b19,known,,CHIN,MG1655,820280,821760,821020.0,1,1.0,
CHIN_8110991a73e48713,known,,CHIN,MG1655,872520,876840,874680.0,1,1.0,
CHIN_be03a3bd16796038,known,,CHIN,MG1655,997460,998920,998190.0,1,1.0,
CHIN_3b157ef6413ebd3b,known,,CHIN,MG1655,998130,999910,999020.0,1,1.0,
CHIN_a61eedfc4b0326fc,known,,CHIN,MG1655,1049000,1051220,1050110.0,1,0.7888485333134615,
CHIN_04e54383f38f765c,known,,CHIN,MG1655,1050610,1052710,1051660.0,1,0.8004196451608282,
CHIN_bc4243d412e56afc,known,,CHIN,MG1655,1064050,1065830,1064940.0,1,1.0,
CHIN_73e1a314282c7e31,known,,CHIN,MG1655,1086240,1089040,1087640.0,1,1.0,
CHIN_a305212f1c632ac0,known,,CHIN,MG1655,1086240,1093920,1090080.0,1,0.9145582482954887,
CHIN_f8eacba8473838ef,known,,CHIN,MG1655,1087590,1089310,1088450.0,1,0.9430372507796287,
CHIN_f03aad61ac30b982,known,,CHIN,MG1655,1090720,1094340,1092530.0,-1,0.0,
CHIN_f2eb436a00c8388f,known,,CHIN,MG1655,1092650,1096790,1094720.0,-1,0.0,
CHIN_ed327955a26354f8,known,,CHIN,MG1655,1101500,1103860,1102680.0,1,1.0,
CHIN_5d2c28e9756edcc4,known,,CHIN,MG1655,1103980,1105420,1104700.0,1,1.0,
CHIN_81761ead4e5babcc,known,,CHIN,MG1655,1117780,1119480,1118630.0,1,1.0,
CHIN_eece7eddb47ce44c,known,,CHIN,MG1655,1118940,1121440,1120190.0,1,1.0,
CHIN_c7e63e408c4c9165,known,,CHIN,MG1655,1180270,1181990,1181130.0,1,1.0,
CHIN_30fa1007486e99c0,known,,CHIN,MG1655,1196620,1200380,1198500.0,1,1.0,
CHIN_0b96404ea31c5cc5,known,,CHIN,MG1655,1197850,1200030,1198940.0,1,1.0,
CHIN_887aeb65ed02a486,known,,CHIN,MG1655,1201850,1203350,1202600.0,1,1.0,
CHIN_a67bc4a756886582,known,,CHIN,MG1655,1209910,1212870,1211390.0,1,0.9574981147864577,
CHIN_66b05ab570831b8a,known,,CHIN,MG1655,1214260,1217180,1215720.0,1,1.0,
CHIN_3ae2b7f708e898a3,known,,CHIN,MG1655,1215940,1218880,1217410.0,1,1.0,
CHIN_48fed281505db35a,known,,CHIN,MG1655,1215940,1221040,1218490.0,1,1.0,
CHIN_1da809bfbf2865bd,known,,CHIN,MG1655,1217950,1220390,1219170.0,1,1.0,
CHIN_39d26f4e365a3b6a,known,,CHIN,MG1655,1219500,1220780,1220140.0,1,1.0,
CHIN_f6588d529a4d5c83,known,,CHIN,MG1655,1228980,1230740,1229860.0,1,1.0,
CHIN_6de429ae4e16dc37,known,,CHIN,MG1655,1314540,1316520,1315530.0,1,1.0,
CHIN_8d5285e73ae7443e,known,,CHIN,MG1655,1369780,1372400,1371090.0,1,0.9500540954550165,
CHIN_a4b9b499b72e0971,known,,CHIN,MG1655,1381410,1383750,1382580.0,1,0.9411827603110254,
CHIN_ca43f16bb916c0f9,known,,CHIN,MG1655,1393890,1396230,1395060.0,2,0.8916199274845454,
CHIN_fc815dfb8c7f111c,known,,CHIN,MG1655,1411210,1412610,1411910.0,1,1.0,
CHIN_ca2ad0322ec77659,known,,CHIN,MG1655,1412520,1414160,1413340.0,1,1.0,
CHIN_c194cc436f91eadf,known,,CHIN,MG1655,1417480,1419240,1418360.0,1,1.0,
CHIN_080a3fd4b9cab15f,known,,CHIN,MG1655,1419250,1420750,1420000.0,1,1.0,
CHIN_b62b5345635fb8d8,known,,CHIN,MG1655,1475330,1477350,1476340.0,1,0.7153596089246382,
CHIN_20739850c2069452,known,,CHIN,MG1655,1475330,1479670,1477500.0,1,1.0,
CHIN_9c9130eaf8d782b3,known,,CHIN,MG1655,1519960,1521340,1520650.0,1,1.0,
CHIN_db627b41dbbead17,known,,CHIN,MG1655,1526710,1530630,1528670.0,-1,0.0,
CHIN_a8c0513faced91e6,known,,CHIN,MG1655,1529440,1532720,1531080.0,-1,0.0,
CHIN_bdc62f0b6d196924,known,,CHIN,MG1655,1566010,1567870,1566940.0,1,1.0,
CHIN_d45c7c6f4a11fa68,known,,CHIN,MG1655,1575090,1577150,1576120.0,1,0.8829624046770932,
CHIN_a836f1c637e50e10,known,,CHIN,MG1655,1577970,1580910,1579440.0,1,0.9426713716941377,
CHIN_76e05e2f594dedf6,known,,CHIN,MG1655,1581250,1584230,1582740.0,1,1.0,
CHIN_65f6e92014e70d27,known,,CHIN,MG1655,1586080,1590460,1588270.0,1,1.0,
CHIN_bc406ed7cc5a05e9,known,,CHIN,MG1655,1596300,1598600,1597450.0,1,1.0,
CHIN_43f7d66b2dcd0645,known,,CHIN,MG1655,1615310,1617130,1616220.0,1,1.0,
CHIN_db385658b1636eac,known,,CHIN,MG1655,1630880,1632680,1631780.0,-1,0.0,
CHIN_a11de8d01a5ecd10,known,,CHIN,MG1655,1636990,1639070,1638030.0,-1,0.0,
CHIN_437d690d7167424d,known,,CHIN,MG1655,1646300,1649960,1648130.0,1,0.9718549713859349,
CHIN_ea1e5b49df376026,known,,CHIN,MG1655,1753290,1755370,1754330.0,1,1.0,
CHIN_c6c62ce7bb03095b,known,,CHIN,MG1655,1771840,1774000,1772920.0,1,1.0,
CHIN_4fb329424e3dad09,known,,CHIN,MG1655,1775480,1776960,1776220.0,1,1.0,
CHIN_0aff14c0f8d8b7e0,known,,CHIN,MG1655,1802700,1805220,1803960.0,-1,0.0,
CHIN_1181d296a9d4466d,known,,CHIN,MG1655,1843870,1845130,1844500.0,1,1.0,
CHIN_2f14634f1542e0cf,known,,CHIN,MG1655,1852690,1854510,1853600.0,1,1.0,
CHIN_2a056e8d00f0d57e,known,,CHIN,MG1655,1856500,1858100,1857300.0,1,1.0,
CHIN_1b43b15c8ca43bcc,known,,CHIN,MG1655,1869840,1872100,1870970.0,1,1.0,
CHIN_413c7aed4a1f2e45,known,,CHIN,MG1655,1869840,1873960,1871900.0,1,1.0,
CHIN_e79e0f2a30775d13,known,,CHIN,MG1655,2010930,2012450,2011690.0,1,1.0,
CHIN_75bef55d7e6d8415,known,,CHIN,MG1655,2023320,2024820,2024070.0,1,1.0,
CHIN_3316498dc3a118cd,known,,CHIN,MG1655,2035550,2037570,2036560.0,1,1.0,
CHIN_ac3eded02b4ccf68,known,,CHIN,MG1655,2052200,2053560,2052880.0,1,1.0,
CHIN_ae3487f724c72e24,known,,CHIN,MG1655,2056360,2057820,2057090.0,1,1.0,
CHIN_9336b6dd24567a55,known,,CHIN,MG1655,2102940,2104420,2103680.0,2,0.9786417962418313,
CHIN_4c5b118b76314438,known,,CHIN,MG1655,2102940,2105920,2104430.0,-1,0.0,
CHIN_27fcb8c59cdd19ed,known,,CHIN,MG1655,2102940,2106440,2104690.0,-1,0.0,
CHIN_cb62ec523cd9aabf,known,,CHIN,MG1655,2103970,2107410,2105690.0,0,1.0,
CHIN_4bd6df699a4a442d,known,,CHIN,MG1655,2105150,2107890,2106520.0,0,1.0,
CHIN_6a1a24c637d17f3b,known,,CHIN,MG1655,2105150,2108710,2106930.0,0,1.0,
CHIN_aafbbc0179d18cd3,known,,CHIN,MG1655,2106480,2109140,2107810.0,0,1.0,
CHIN_ca9b1395fa31ca60,known,,CHIN,MG1655,2108740,2110960,2109850.0,-1,0.0,
CHIN_838823b66ebc9485,known,,CHIN,MG1655,2114070,2115310,2114690.0,1,0.9361851048734008,
CHIN_efd3b9f350308704,known,,CHIN,MG1655,2128380,2130680,2129530.0,1,0.9139406454356998,
CHIN_7342c9e2862bcb5d,known,,CHIN,MG1655,2167780,2170120,2168950.0,2,0.9482725672185699,
CHIN_ce6a7185cf5fa235,known,,CHIN,MG1655,2169510,2173210,2171360.0,-1,0.0,
CHIN_1c70d1a650016e04,known,,CHIN,MG1655,2172240,2175080,2173660.0,-1,0.0,
CHIN_2d7af64b36b410f4,known,,CHIN,MG1655,2178150,2180190,2179170.0,-1,0.0,
CHIN_a291d6c5e031b26b,known,,CHIN,MG1655,2187330,2188810,2188070.0,1,1.0,
CHIN_adea01451cb1d0a7,known,,CHIN,MG1655,2187330,2192810,2190070.0,1,1.0,
CHIN_c6b545edf6771073,known,,CHIN,MG1655,2188010,2189870,2188940.0,1,1.0,
CHIN_21ff4711ee55e68c,known,,CHIN,MG1655,2190110,2192670,2191390.0,1,1.0,
CHIN_170b0a1b9643a8db,known,,CHIN,MG1655,2233020,2234220,2233620.0,1,0.8588298033893345,
CHIN_a50686a688e4cb02,known,,CHIN,MG1655,2237570,2239470,2238520.0,1,1.0,
CHIN_57f596abaeaccae4,known,,CHIN,MG1655,2254830,2256110,2255470.0,1,1.0,
CHIN_072974e2927b123b,known,,CHIN,MG1655,2257770,2259530,2258650.0,-1,0.0,
CHIN_13ce252fbae0cbfe,known,,CHIN,MG1655,2343360,2344660,2344010.0,1,1.0,
CHIN_dd92f5d829bb4be0,known,,CHIN,MG1655,2383080,2385200,2384140.0,1,0.9925464622465677,
CHIN_91904b7e5910e56c,known,,CHIN,MG1655,2385750,2387030,2386390.0,1,0.9919861517683568,
CHIN_0d7c2ca69d1c63c8,known,,CHIN,MG1655,2385750,2388850,2387300.0,1,0.7724087026528633,
CHIN_8996a4742f03d7bd,known,,CHIN,MG1655,2454600,2456380,2455490.0,1,1.0,
CHIN_ec6956bb3f5f4be0,known,,CHIN,MG1655,2462580,2464380,2463480.0,1,1.0,
CHIN_d39507f936616600,known,,CHIN,MG1655,2480930,2483750,2482340.0,1,0.9062310239344502,
CHIN_22e07f81f47f41b7,known,,CHIN,MG1655,2480930,2486830,2483880.0,1,1.0,
CHIN_a5786a3ebf4f757f,known,,CHIN,MG1655,2482490,2486530,2484510.0,1,1.0,
CHIN_7166ae9780b2f33d,known,,CHIN,MG1655,2485190,2488290,2486740.0,1,1.0,
CHIN_dc7847370035ae4b,known,,CHIN,MG1655,2488280,2490700,2489490.0,1,1.0,
CHIN_327765acd5ab2895,known,,CHIN,MG1655,2491890,2493890,2492890.0,1,1.0,
CHIN_bfb5f6f7a0a0aa2e,known,,CHIN,MG1655,2628290,2630530,2629410.0,1,1.0,
CHIN_7c7199f99f57f610,known,,CHIN,MG1655,2653160,2654340,2653750.0,1,1.0,
CHIN_d1bcd25223375bb6,known,,CHIN,MG1655,2699740,2700840,2700290.0,1,1.0,
CHIN_31f41fb4b7695a7a,known,,CHIN,MG1655,2757510,2759670,2758590.0,1,1.0,
CHIN_63b64d89cb555a98,known,,CHIN,MG1655,2757510,2761530,2759520.0,1,1.0,
CHIN_f37a01bb149bdd2c,known,,CHIN,MG1655,2773010,2775530,2774270.0,1,1.0,
CHIN_78a1a7d17ac8e4e2,known,,CHIN,MG1655,2781040,2785900,2783470.0,1,0.8217130855945426,
CHIN_776dbab456673217,known,,CHIN,MG1655,2784290,2786430,2785360.0,1,0.8570975709330292,
CHIN_fa05997ad11be666,known,,CHIN,MG1655,2784290,2789230,2786760.0,-1,0.0,
CHIN_58d99e489f853d61,known,,CHIN,MG1655,2787400,2788660,2788030.0,-1,0.0,
CHIN_c51ed1b8c285d019,known,,CHIN,MG1655,2797390,2798750,2798070.0,1,1.0,
CHIN_0f07f9fdd2a69572,known,,CHIN,MG1655,2804290,2805810,2805050.0,1,1.0,
CHIN_1f7c5c2fafc1afc3,known,,CHIN,MG1655,2882580,2884780,2883680.0,1,1.0,
CHIN_f18d969785c78f39,known,,CHIN,MG1655,2899270,2900870,2900070.0,1,1.0,
CHIN_c2a33174c23c2960,known,,CHIN,MG1655,2903620,2906340,2904980.0,1,1.0,
CHIN_f5a8f41398ecafac,known,,CHIN,MG1655,2933470,2934890,2934180.0,1,1.0,
CHIN_4f3e820755d8686d,known,,CHIN,MG1655,2986330,2988010,2987170.0,1,1.0,
CHIN_7547f8c089f6bd2d,known,,CHIN,MG1655,2986330,2990830,2988580.0,-1,0.0,
CHIN_093ecf60a3c47f13,known,,CHIN,MG1655,2986330,2997430,2991880.0,-1,0.0,
CHIN_6c72f6379b7c7f83,known,,CHIN,MG1655,2993620,2996420,2995020.0,-1,0.0,
CHIN_bedc2ff69136d27c,known,,CHIN,MG1655,2995130,2999070,2997100.0,-1,0.0,
CHIN_faf91596d8b88128,known,,CHIN,MG1655,3053730,3055230,3054480.0,1,0.8978260353066068,
CHIN_bae49c2f837ce4c1,known,,CHIN,MG1655,3076900,3079440,3078170.0,1,0.7984401035647123,
CHIN_d0ab3e0d05bbc705,known,,CHIN,MG1655,3185610,3187830,3186720.0,2,1.0,
CHIN_1886affd5bea50b1,known,,CHIN,MG1655,3187520,3189020,3188270.0,2,1.0,
CHIN_409ced35971a8cee,known,,CHIN,MG1655,3187520,3191480,3189500.0,-1,0.0,
CHIN_57ae8a9564d86914,known,,CHIN,MG1655,3188660,3192060,3190360.0,1,0.9430372507796287,
CHIN_d00f6b0d05aa0dba,known,,CHIN,MG1655,3189930,3192250,3191090.0,1,0.8530659751636196,
CHIN_5fda4207a4e790f9,known,,CHIN,MG1655,3190810,3192830,3191820.0,1,0.9442373723779828,
CHIN_6575437f6319ebfd,known,,CHIN,MG1655,3205500,3206720,3206110.0,1,1.0,
CHIN_0a55e534fdc7545d,known,,CHIN,MG1655,3225680,3228200,3226940.0,1,1.0,
CHIN_ee3355b18d634b8e,known,,CHIN,MG1655,3262150,3263750,3262950.0,1,0.7631034147542225,
CHIN_9549903c064709e2,known,,CHIN,MG1655,3264890,3266490,3265690.0,-1,0.0,
CHIN_f1c1419569298f23,known,,CHIN,MG1655,3267680,3269860,3268770.0,-1,0.0,
CHIN_e60512525b58312d,known,,CHIN,MG1655,3286970,3288890,3287930.0,1,1.0,
CHIN_9461e74755c3f236,known,,CHIN,MG1655,3320530,3322310,3321420.0,1,0.9196180870191524,
CHIN_23a574b35aa4cad2,known,,CHIN,MG1655,3329880,3331180,3330530.0,1,0.960321053939604,
CHIN_890c4e23088449cc,known,,CHIN,MG1655,3360590,3362710,3361650.0,1,0.9442373723779828,
CHIN_0134e150bffadd1b,known,,CHIN,MG1655,3412610,3414130,3413370.0,1,1.0,
CHIN_5b1d05bc659d52ce,known,,CHIN,MG1655,3581640,3583480,3582560.0,1,1.0,
CHIN_db88dbeee4f734c5,known,,CHIN,MG1655,3582640,3585100,3583870.0,1,1.0,
CHIN_5d54f5e6e2eeaaf5,known,,CHIN,MG1655,3631380,3633920,3632650.0,1,1.0,
CHIN_276dc2f80d3fd17b,known,,CHIN,MG1655,3631380,3634760,3633070.0,1,1.0,
CHIN_597d783bf467e297,known,,CHIN,MG1655,3631380,3636320,3633850.0,1,1.0,
CHIN_c4faaae576113acc,known,,CHIN,MG1655,3634410,3635870,3635140.0,1,0.8429160720176095,
CHIN_07ca371a77ef3fd4,known,,CHIN,MG1655,3651080,3654040,3652560.0,2,1.0,
CHIN_f9636cb1066c7698,known,,CHIN,MG1655,3653170,3655470,3654320.0,2,0.9745209990904593,
CHIN_5fb265845cdfb063,known,,CHIN,MG1655,3655000,3658720,3656860.0,1,0.9442373723779828,
CHIN_8f4f3c87efab8e46,known,,CHIN,MG1655,3656690,3658770,3657730.0,1,0.8087983526324345,
CHIN_a0a5873995d492e4,known,,CHIN,MG1655,3664320,3665980,3665150.0,-1,0.0,
CHIN_27ec42e89ade22e5,known,,CHIN,MG1655,3673940,3675060,3674500.0,1,1.0,
CHIN_9d5f1985493ba5cc,known,,CHIN,MG1655,3720060,3722320,3721190.0,1,1.0,
CHIN_17d8930e9adab5f0,known,,CHIN,MG1655,3730830,3733310,3732070.0,1,1.0,
CHIN_71cfdc3af27cb741,known,,CHIN,MG1655,3743830,3746470,3745150.0,1,1.0,
CHIN_cfc9f22558808905,known,,CHIN,MG1655,3766010,3768530,3767270.0,-1,0.0,
CHIN_f860adadaee690b7,known,,CHIN,MG1655,3767450,3770090,3768770.0,-1,0.0,
CHIN_9f11e380cfc90784,known,,CHIN,MG1655,3788920,3790480,3789700.0,1,1.0,
CHIN_9d23c5f02dd7374e,known,,CHIN,MG1655,3796820,3799260,3798040.0,1,1.0,
CHIN_98acb48ba1e7481b,known,,CHIN,MG1655,3796820,3800060,3798440.0,1,1.0,
CHIN_20cbe6301103e773,known,,CHIN,MG1655,3796820,3801260,3799040.0,1,1.0,
CHIN_4be9a90f7551ea66,known,,CHIN,MG1655,3796820,3802940,3799880.0,1,1.0,
CHIN_b70b5bec64024ebb,known,,CHIN,MG1655,3796820,3804000,3800410.0,1,1.0,
CHIN_8cf1c5b9776a09cc,known,,CHIN,MG1655,3796820,3806500,3801660.0,1,1.0,
CHIN_de804d8b4eb4fa33,known,,CHIN,MG1655,3796820,3807720,3802270.0,1,1.0,
CHIN_7480d77a14ad4716,known,,CHIN,MG1655,3796820,3808240,3802530.0,1,1.0,
CHIN_3ed028798e697d9f,known,,CHIN,MG1655,3798700,3807820,3803260.0,1,1.0,
CHIN_2162125d7d40a72a,known,,CHIN,MG1655,3803270,3807830,3805550.0,1,0.8648136937195114,
CHIN_4290884d21f50f71,known,,CHIN,MG1655,3803910,3808030,3805970.0,1,0.7449551355716192,
CHIN_b60bcb6a563a796c,known,,CHIN,MG1655,3836700,3838100,3837400.0,1,1.0,
CHIN_4c746ab4abe6056d,known,,CHIN,MG1655,3842940,3844140,3843540.0,1,1.0,
CHIN_12faf31bfcc0dac1,known,,CHIN,MG1655,3874630,3876290,3875460.0,1,1.0,
CHIN_ffb342e7762c971b,known,,CHIN,MG1655,3900640,3902720,3901680.0,1,1.0,
CHIN_1eda231c69a32156,known,,CHIN,MG1655,3905540,3906960,3906250.0,1,1.0,
CHIN_7993abe94866773d,known,,CHIN,MG1655,4061600,4065400,4063500.0,1,1.0,
CHIN_74d847ba17a94412,known,,CHIN,MG1655,4063250,4065170,4064210.0,1,0.840119108310278,
CHIN_a93b99b46d39efb8,known,,CHIN,MG1655,4063900,4065500,4064700.0,1,0.9445780406436176,
CHIN_e5de6e56d385e2ef,known,,CHIN,MG1655,4214840,4216080,4215460.0,-1,0.0,
CHIN_7be712b5421ea380,known,,CHIN,MG1655,4220330,4222730,4221530.0,1,0.8373863074930381,
CHIN_992805e6506de16e,known,,CHIN,MG1655,4250240,4252640,4251440.0,-1,0.0,
CHIN_c1610920a984ce60,known,,CHIN,MG1655,4259950,4261730,4260840.0,1,1.0,
CHIN_40431770bb3161b3,known,,CHIN,MG1655,4268140,4269400,4268770.0,1,1.0,
CHIN_155c0872526c85bb,known,,CHIN,MG1655,4281710,4283310,4282510.0,1,0.9361851048734008,
CHIN_08c97d9eff842e36,known,,CHIN,MG1655,4310500,4312380,4311440.0,1,1.0,
CHIN_d2f86a32da053e28,known,,CHIN,MG1655,4336710,4338650,4337680.0,1,1.0,
CHIN_016dd7404328fa8e,known,,CHIN,MG1655,4359540,4361040,4360290.0,1,1.0,
CHIN_278875092b882687,known,,CHIN,MG1655,4383690,4384710,4384200.0,1,1.0,
CHIN_e1d457f01594d475,known,,CHIN,MG1655,4409780,4412680,4411230.0,1,0.9506317136852682,
CHIN_05391e6f08c9897f,known,,CHIN,MG1655,4426690,4427830,4427260.0,1,1.0,
CHIN_c36249e67a41eb04,known,,CHIN,MG1655,4475240,4477300,4476270.0,1,1.0,
CHIN_58e00648c4307690,known,,CHIN,MG1655,4479470,4480810,4480140.0,1,1.0,
CHIN_42b69aefb1e2f90e,known,,CHIN,MG1655,4495410,4497470,4496440.0,-1,0.0,
CHIN_2cf23c80facc9bd4,known,,CHIN,MG1655,4503670,4504910,4504290.0,1,0.8951341702526261,
CHIN_e2127c2e68c0c686,known,,CHIN,MG1655,4503670,4505470,4504570.0,1,0.8536901554529931,
CHIN_2f0656ffb562f4fc,known,,CHIN,MG1655,4524820,4526100,4525460.0,1,1.0,
CHIN_4b3800cf2fefec7c,known,,CHIN,MG1655,4537470,4539730,4538600.0,1,1.0,
CHIN_487a371c98e2d168,known,,CHIN,MG1655,4537470,4542770,4540120.0,1,1.0,
CHIN_4cef58bf54385ad0,known,,CHIN,MG1655,4540460,4542540,4541500.0,1,0.9288951340033501,
CHIN_4512d3902e0a850f,known,,CHIN,MG1655,4544360,4546580,4545470.0,1,0.9515602900953646,
CHIN_34efc001937deb79,known,,CHIN,MG1655,4555270,4556750,4556010.0,1,1.0,
CHIN_aa90853f07faf5ba,known,,CHIN,MG1655,4576950,4579290,4578120.0,1,1.0,
CHIN_6230ca4ce9b8e644,known,,CHIN,MG1655,4594330,4596410,4595370.0,1,1.0,
CHIN_67d1ad42ef37c115,known,,CHIN,MG1655,4602820,4604820,4603820.0,1,1.0,
CHIN_623e8fe7b2afd1a8,known,,CHIN,MG1655,4616400,4617480,4616940.0,1,1.0,
OPCID_a48ec8c6b5e6e38b,known,,OPCID,MG1655,49660,59940,54800.0,1,1.0,
OPCID_eaf35ae5cddf4c0d,known,,OPCID,MG1655,87820,93270,90545.0,1,1.0,
OPCID_a3c7ad9c66cf12f1,known,,OPCID,MG1655,106140,108980,107560.0,1,0.945970262061244,
OPCID_07d051796dc7059b,known,,OPCID,MG1655,121910,129450,125680.0,-1,0.0,
OPCID_ef9d936de4b62940,known,,OPCID,MG1655,182460,184370,183415.0,1,1.0,
OPCID_1612f8f2ea7e9f06,known,,OPCID,MG1655,192730,193950,193340.0,1,1.0,
OPCID_4c1cd6d81f6b0f95,known,,OPCID,MG1655,194470,198740,196605.0,1,0.9540141129681299,
OPCID_d003e176e8d23c63,known,,OPCID,MG1655,199310,201910,200610.0,1,1.0,
OPCID_36e0565260f2141f,known,,OPCID,MG1655,243140,249010,246075.0,1,1.0,
OPCID_392028707b8a2532,known,,OPCID,MG1655,321350,325140,323245.0,-1,0.0,
OPCID_4421803242064dec,known,,OPCID,MG1655,426840,441690,434265.0,1,0.9973447485447117,
OPCID_10f9269e6bda4947,known,,OPCID,MG1655,629820,632900,631360.0,1,1.0,
OPCID_9dc38e719d08f155,known,,OPCID,MG1655,699160,708860,704010.0,1,0.8695508177588992,
OPCID_69a72fb00fdc2938,known,,OPCID,MG1655,762610,765260,763935.0,1,1.0,
OPCID_17d26e5c8bdd11fa,known,,OPCID,MG1655,771270,774550,772910.0,-1,0.0,
OPCID_b1757a56703936d1,known,,OPCID,MG1655,932320,940780,936550.0,1,1.0,
OPCID_a6f2fecc54bc432d,known,,OPCID,MG1655,950090,955440,952765.0,1,1.0,
OPCID_9ac65fd4bf038173,known,,OPCID,MG1655,961460,964210,962835.0,1,1.0,
OPCID_430b7c0bb5fc530a,known,,OPCID,MG1655,1140560,1145010,1142785.0,1,1.0,
OPCID_0f71385a399dc767,known,,OPCID,MG1655,1186860,1190410,1188635.0,1,1.0,
OPCID_304b6ccbb191eb65,known,,OPCID,MG1655,1224080,1226150,1225115.0,1,0.876723301989437,
OPCID_7a866c11603150e7,known,,OPCID,MG1655,1247430,1251440,1249435.0,1,1.0,
OPCID_3045d21bebe98beb,known,,OPCID,MG1655,1295210,1310880,1303045.0,-1,0.0,
OPCID_414cf80847bd9929,known,,OPCID,MG1655,1337800,1341950,1339875.0,1,1.0,
OPCID_129f719ef537ae3f,known,,OPCID,MG1655,1350060,1357740,1353900.0,1,1.0,
OPCID_fa9e2c77b6424ea9,known,,OPCID,MG1655,1666390,1668580,1667485.0,1,1.0,
OPCID_1734fe040179910f,known,,OPCID,MG1655,1695830,1705800,1700815.0,1,1.0,
OPCID_029d6f79d3b495d7,known,,OPCID,MG1655,1732990,1737920,1735455.0,1,1.0,
OPCID_33579465745b0522,known,,OPCID,MG1655,1741110,1747490,1744300.0,1,1.0,
OPCID_ae970230ebbec9d2,known,,OPCID,MG1655,1798820,1802930,1800875.0,1,0.7168028088774002,
OPCID_9d9e69ad0ce51f11,known,,OPCID,MG1655,2139120,2147740,2143430.0,1,0.9457868944646225,
OPCID_8d5d9994a513fc11,known,,OPCID,MG1655,2211940,2215000,2213470.0,1,0.9571440048062584,
OPCID_c4aea9eca44028ce,known,,OPCID,MG1655,2259040,2263960,2261500.0,1,1.0,
OPCID_3a4aa0d0d21262a8,known,,OPCID,MG1655,2389410,2393000,2391205.0,-1,0.0,
OPCID_33b4f3a14ebbc59e,known,,OPCID,MG1655,2393000,2397570,2395285.0,-1,0.0,
OPCID_6abc058ae2242c3c,known,,OPCID,MG1655,2440390,2441890,2441140.0,1,0.8820475022003561,
OPCID_c0709bc7c08ec44f,known,,OPCID,MG1655,2529590,2532260,2530925.0,-1,0.0,
OPCID_c8522caa8fd83322,known,,OPCID,MG1655,2532990,2536410,2534700.0,-1,0.0,
OPCID_630c92ecf870fece,known,,OPCID,MG1655,2543000,2544750,2543875.0,1,1.0,
OPCID_adee45e8dfb40894,known,,OPCID,MG1655,2563220,2565610,2564415.0,1,0.8659122603016984,
OPCID_079060fd1545272e,known,,OPCID,MG1655,2637380,2643140,2640260.0,1,1.0,
OPCID_3808275a8edee593,known,,OPCID,MG1655,2647290,2653520,2650405.0,1,1.0,
OPCID_e946d7d808213e3f,known,,OPCID,MG1655,2661520,2663750,2662635.0,1,1.0,
OPCID_ee3461cf21068a4c,known,,OPCID,MG1655,2683840,2691680,2687760.0,1,1.0,
OPCID_210f8ff672fa4c9a,known,,OPCID,MG1655,2708310,2710490,2709400.0,1,1.0,
OPCID_e04790b97d37c16e,known,,OPCID,MG1655,2866350,2870610,2868480.0,1,1.0,
OPCID_149d0308ae463e46,known,,OPCID,MG1655,2917350,2922640,2919995.0,1,0.9813937925299313,
OPCID_8429a777f942f05d,known,,OPCID,MG1655,2939250,2942980,2941115.0,1,1.0,
OPCID_bb60f5d218faa929,known,,OPCID,MG1655,2964460,2969080,2966770.0,1,0.9749032453347756,
OPCID_dee7d45a8897305b,known,,OPCID,MG1655,3012260,3016260,3014260.0,1,1.0,
OPCID_ad7cb00f8c882c61,known,,OPCID,MG1655,3040170,3043170,3041670.0,1,1.0,
OPCID_b7f0a78b5bc75834,known,,OPCID,MG1655,3046160,3051090,3048625.0,-1,0.0,
OPCID_725a69a69963ad59,known,,OPCID,MG1655,3269380,3278780,3274080.0,-1,0.0,
OPCID_3b8eefccce2e36fc,known,,OPCID,MG1655,3375910,3384990,3380450.0,1,1.0,
OPCID_5c038f6d802a0373,known,,OPCID,MG1655,3439610,3448700,3444155.0,-1,0.0,
OPCID_3ca243441c0a5a91,known,,OPCID,MG1655,3547440,3552940,3550190.0,-1,0.0,
OPCID_6e5625e30f0c3e40,known,,OPCID,MG1655,3552940,3556260,3554600.0,-1,0.0,
OPCID_f124da0b3913d5c3,known,,OPCID,MG1655,3638960,3642850,3640905.0,1,1.0,
OPCID_a2fcb5ddde5dbcf6,known,,OPCID,MG1655,3735170,3740140,3737655.0,1,1.0,
OPCID_7a387ab67a4e089c,known,,OPCID,MG1655,3864340,3869140,3866740.0,1,1.0,
OPCID_22365f72e65106b5,known,,OPCID,MG1655,3911270,3927110,3919190.0,1,0.7935028619081405,
OPCID_092946eccc52a81c,known,,OPCID,MG1655,3986190,4002850,3994520.0,1,0.9570536783586464,
OPCID_f235f321095064d1,known,,OPCID,MG1655,4015990,4027660,4021825.0,1,0.9178355640407625,
OPCID_52757c7e517094bd,known,,OPCID,MG1655,4115250,4120550,4117900.0,1,1.0,
OPCID_4a51b9db831f2860,known,,OPCID,MG1655,4252060,4260210,4256135.0,1,1.0,
OPCID_b9f55508e75e487b,known,,OPCID,MG1655,4276470,4282120,4279295.0,-1,0.0,
OPCID_1d111d2805e7745b,known,,OPCID,MG1655,4480430,4488410,4484420.0,1,1.0,
OPCID_54d272e23bb92a3b,known,,OPCID,MG1655,4583060,4587140,4585100.0,1,0.9555334951907505,
CHID_10c0edbfd02353c9,known,,CHID,MG1655,149900,157060,153480.0,1,0.8252896962393035,
CHID_d5d6186c6918f2bb,known,,CHID,MG1655,310750,320090,315420.0,2,1.0,
CHID_21f48d066f082128,known,,CHID,MG1655,558100,572380,565240.0,-1,0.0,
CHID_85b41ba2b9c36824,known,,CHID,MG1655,574340,585760,580050.0,1,0.7780985071982328,
CHID_c16193a866007239,known,,CHID,MG1655,872940,876560,874750.0,1,1.0,
CHID_ddb48e888603fa31,known,,CHID,MG1655,1085960,1104240,1095100.0,-1,0.0,
CHID_9ee02f36e2c46f9c,known,,CHID,MG1655,1207850,1221040,1214445.0,1,1.0,
CHID_98a77fbf535246a2,known,,CHID,MG1655,1543310,1546830,1545070.0,1,0.7738314747219307,
CHID_5977802645c5a666,known,,CHID,MG1655,1586640,1590260,1588450.0,1,1.0,
CHID_2ca33fd28f8ff17d,known,,CHID,MG1655,1770410,1779620,1775015.0,1,1.0,
CHID_e99742d9fb1834b2,known,,CHID,MG1655,2101300,2110960,2106130.0,0,1.0,
CHID_3dbc3a51ad1f4a2e,known,,CHID,MG1655,2187180,2192430,2189805.0,1,1.0,
CHID_22cd1a298e3f8de6,known,,CHID,MG1655,2382590,2389020,2385805.0,1,1.0,
CHID_a3539b4c5da95bec,known,,CHID,MG1655,2480590,2492350,2486470.0,1,1.0,
CHID_242423613227795b,known,,CHID,MG1655,2757490,2761220,2759355.0,1,1.0,
CHID_bb5176753cf7c269,known,,CHID,MG1655,2780610,2788810,2784710.0,1,0.8562756019238554,
CHID_f834d1ac36e1b8fa,known,,CHID,MG1655,2986150,2998700,2992425.0,-1,0.0,
CHID_0fd794b4635bec68,known,,CHID,MG1655,3183500,3193050,3188275.0,2,1.0,
CHID_73f567423cf41748,known,,CHID,MG1655,3631260,3635950,3633605.0,1,1.0,
CHID_f06b787cca3dcb95,known,,CHID,MG1655,3650910,3658770,3654840.0,-1,0.0,
CHID_829be93d3f3a9719,known,,CHID,MG1655,3765970,3769680,3767825.0,-1,0.0,
CHID_2dad41c5a944685a,known,,CHID,MG1655,3797060,3808210,3802635.0,1,1.0,
CHID_719d61be1e7fecf1,known,,CHID,MG1655,4061010,4065490,4063250.0,1,1.0,
CHID_0def30026dacfa28,known,,CHID,MG1655,4503590,4507480,4505535.0,2,0.9745209990904593,
CHID_52339c707e099308,known,,CHID,MG1655,4533730,4546660,4540195.0,1,1.0,
CHID_299eef69ee510b9f,known,,CHID,MG1655,4576950,4581280,4579115.0,1,1.0,
