region_id,rep1_nearest_cluster,rep2_nearest_cluster,nearest_cluster_agreement
FREG_8b3b63cc3da721ad,1,1,True
FREG_79903927251dcee0,1,1,True
FREG_8b001013a888b1a1,1,1,True
FREG_a30994c0bfee6cb5,1,1,True
FREG_b96ff6000f97801f,1,1,True
FREG_c9e5776010a19d77,1,1,True
FREG_3c17a76c91ba3620,1,1,True
FREG_753c04c042d56855,1,1,True
FREG_dec59bcf830d2ee6,1,1,True
FREG_ad860f3d4752bd1d,1,1,True
FREG_647ab946884b4026,1,1,True
FREG_8814232e60629894,1,1,True
FREG_4b056190f9431017,2,2,True
FREG_3c0c965bf49bf58f,1,1,True
FREG_a7d017e8cfb1a69c,1,1,True
FREG_0a91cd1113f47b87,1,1,True
FREG_284850edfc48c40c,1,1,True
FREG_ea4389647e4ec2cd,1,1,True
FREG_4405dec493e25a84,1,1,True
FREG_10132b1169a31424,1,1,True
FREG_64eb9e44963b14eb,1,1,True
FREG_474fdcbc9e65ac97,1,1,True
FREG_70c0ff1525a8c939,1,1,True
FREG_6499c2593eae15c1,1,1,True
FREG_3d4a95743b89a9c1,1,1,True
FREG_1624931bb4079346,1,1,True
FREG_b047c0b64d8f6b65,1,1,True
FREG_b281c30546d2f2dd,1,1,True
FREG_0eaff5f92d811c81,1,1,True
FREG_f2730b027c33cc50,1,1,True
FREG_a4aad970926aefdc,1,1,True
FREG_f5ef0631b11a8bec,2,1,False
FREG_b80bb97bc30309d3,1,1,True
FREG_a4bcec0e05a4ae7e,2,2,True
FREG_927d40c86ef7b1d4,1,2,False
FREG_23a197fcaf4df8d6,1,1,True
FREG_c9d7ff0094b7ea19,1,1,True
FREG_bf274765f64dcf2e,2,2,True
FREG_a4e511e692667b31,1,1,True
FREG_0d155d5ff59aced5,1,1,True
FREG_1b9581ca537f3ca7,1,1,True
FREG_0b1a4fcdb4c6b0f0,1,1,True
FREG_c2261ccf4f321488,1,1,True
FREG_34dee77afce8adf5,1,1,True
FREG_7e5e958cbc9d5099,1,1,True
FREG_a200f3db7a36dfd1,1,1,True
FREG_42d3e2f15815267c,1,2,False
FREG_f777883f257cc56e,1,1,True
FREG_2b068766c74074b7,1,1,True
FREG_3b8ffec8bac8d1a0,1,1,True
FREG_e7c23e613d40791d,1,1,True
FREG_917de285b2fc037c,1,1,True
FREG_c707a50ab3cedf2a,1,1,True
FREG_a877dd5588b4011c,1,1,True
FREG_34492219a64a9959,1,2,False
FREG_fa4ddf1393df7982,1,1,True
FREG_32d3b2839ade9f00,1,1,True
FREG_a322968e0e091669,1,1,True
FREG_c8486e55b019f350,1,1,True
FREG_d3cda5ffb81c91a3,1,1,True
FREG_1c0d76b1f1c8404e,1,1,True
FREG_58716b8657663f82,1,1,True
FREG_419b90a75035f08a,1,1,True
FREG_53a68bc12f4553ab,1,1,True
FREG_ab8c4d5f9e40d1d7,1,1,True
FREG_18d6d6b9991c1e67,1,1,True
FREG_f58b946f4319d3b7,0,0,True
FREG_89050f1e4d87cbd9,1,1,True
FREG_7bfe94b0db3815e0,1,1,True
FREG_a35a88b667d2c36c,1,1,True
FREG_ddd616c6bc270d21,1,1,True
FREG_64e6e1a0f778ee71,1,1,True
FREG_cad61145e2da40c1,1,1,True
FREG_82a811abb2714642,1,1,True
FREG_0ec3deb6cb8e3a1f,1,1,True
FREG_7e16c0c4325e5d1d,2,2,True
FREG_72207fa128f1023c,1,1,True
FREG_d48616db2be0a1f1,1,1,True
FREG_6586b29a6604dd96,1,1,True
FREG_9949ed981f76b32e,1,1,True
FREG_f76cb7ab00f0aa90,1,1,True
FREG_80d3aa7e4fed4c3d,1,1,True
FREG_acd4b0f85d9048dc,1,1,True
FREG_87dd9aab1b6e66cd,1,1,True
FREG_5cce5084191e0890,1,1,True
FREG_843e663633f07293,1,1,True
FREG_e78028911b2a79a6,1,1,True
FREG_532acb0538fa2912,1,1,True
FREG_f489a38832c12330,1,1,True
FREG_2d76c2ca695e2900,1,1,True
FREG_ab86a89c0c0253b1,1,1,True
FREG_f73b30ea5e8a03ef,1,1,True
FREG_1ef71e5980620b76,1,1,True
FREG_b62702b2fe0600ff,1,1,True
FREG_03e105604d014ba6,1,1,True
FREG_b7fb4af7ec2dbec0,1,1,True
FREG_53c92e209ab0d7b9,1,1,True
FREG_7dc651ecec25e41d,1,1,True
FREG_3df70068feca0a70,1,1,True
FREG_f080d87158b570e1,1,1,True
FREG_060e46470534df49,1,1,True
FREG_c04ad4fa99531c81,1,1,True
FREG_a6342a0a229388f1,1,1,True
FREG_d2d392e1e3af249a,2,2,True
FREG_95eff5b76065dafb,1,1,True
FREG_1c5ace96ef187329,1,1,True
FREG_0d709798f3eacad9,1,1,True
FREG_1305eb571c3bb8a0,1,1,True
FREG_ca7f6a3e36c26bb0,1,1,True
FREG_f5914e2608a3139c,1,1,True
FREG_fee885b91f90be59,1,1,True
FREG_d9e613a6da1bbfde,1,1,True
FREG_9514e59659180f9c,1,1,True
FREG_b63f841473fa35dc,1,1,True
FREG_df9791c4a4cf8e2c,1,1,True
FREG_bf3e1676e954ae7d,1,1,True
FREG_7ea68c9c73985ae9,1,1,True
FREG_80b11d76af0e3f6f,1,1,True
FREG_cf3d3827bf6dd780,2,2,True
FREG_c7f534c19d17f43c,1,1,True
FREG_1903a600e364f832,1,1,True
FREG_9f6595c9a76c4a7b,2,2,True
FREG_70948b13141d0f2d,1,1,True
FREG_dca36ed12b2dee2f,1,1,True
FREG_a635ba46a50b3a49,1,1,True
FREG_75bd2653e4f8ca25,1,1,True
FREG_1a15ca20e427f05a,1,1,True
FREG_f14ea993e8b25b82,1,1,True
FREG_017c9e4604cf65bb,1,1,True
FREG_c80baf09873c8e2e,1,1,True
FREG_7e2826c8606a787c,1,1,True
FREG_8eb4220af86c952b,1,1,True
FREG_0af1ebaaab86f1c8,1,1,True
FREG_7089a736aaf0a1d4,1,1,True
FREG_2f3af1b9c3bbb05e,1,1,True
FREG_198036ee9f5a70c4,1,1,True
FREG_3371092db014576f,1,1,True
FREG_76f4c379538e5a04,1,1,True
FREG_6a4ab7070f8d4444,1,1,True
FREG_62da24bb51f1d2c2,1,1,True
FREG_2a1ab61af8043dae,1,1,True
FREG_cac735c8cf6e1d2e,1,1,True
FREG_9ebcb47776f94b87,1,1,True
FREG_6e09d3bd094c8b1d,1,1,True
FREG_11a5f6c7b97c1f4a,1,2,False
FREG_73e6e7465ad4e4c4,1,1,True
FREG_ff532581b24af75c,1,1,True
FREG_8e33a6d1e6f10e59,1,1,True
FREG_f3868eb02e0f55d5,1,1,True
FREG_f3510ef7f2432010,1,1,True
FREG_43ba383d41c336e2,1,1,True
FREG_3cabe6a4fbfe2392,1,1,True
FREG_d60cf0e71170ce7a,1,1,True
FREG_e072be4f0cf1ad67,1,1,True
FREG_4b7d0b5470bbacb2,1,1,True
FREG_d049a84b69583bb4,1,1,True
FREG_182d4c2fa8a9af54,1,1,True
FREG_b7c8fd0caa521c80,1,1,True
FREG_002f146b6f614245,1,1,True
FREG_be825ad8b6a2fe4e,1,1,True
FREG_71c429938c2bb421,1,1,True
FREG_d9565da6584d3377,1,1,True
FREG_5f42baef9d08ba56,1,1,True
FREG_89f933686190b586,1,1,True
FREG_19a4a9627a72c5ab,1,1,True
FREG_e6d786036463fc14,1,1,True
FREG_6df32034ec393913,2,1,False
FREG_50016c5459cdde46,2,2,True
FREG_5f65ee0fcb5cc0d3,1,1,True
FREG_197d91c30a21aa6d,1,1,True
FREG_673fd16dbc85d929,1,1,True
FREG_d8009ca77bbfd55b,1,1,True
FREG_e015e1cbb82f3fda,2,2,True
FREG_3c7065d27965c923,1,1,True
FREG_3fb3b4c0cc922b63,1,1,True
FREG_9160ea6e04d0fce4,1,1,True
FREG_592b8ee6e80c0332,1,1,True
FREG_a1f94ce6c9ac1856,1,1,True
FREG_3ac62dfe3e5c70a8,1,1,True
FREG_18308d8d16cb77ab,1,1,True
FREG_03698d335d449109,1,1,True
FREG_76c0f54100c00508,1,1,True
FREG_5e71eb22a239e0f3,1,1,True
FREG_b78622a8d089b9a6,2,2,True
FREG_71a1810f771bdea6,2,2,True
FREG_e5cc7b1efae1a138,1,1,True
FREG_7a99d7dca32569ea,1,1,True
FREG_ec68581bc4f6ef27,1,1,True
FREG_bc663b2769015222,1,1,True
FREG_1f5d6ce85d1ab652,1,1,True
FREG_0b60f99aaa90f305,1,1,True
FREG_e9ba2a9c562587f0,1,1,True
FREG_b75c71fb585afd01,1,2,False
FREG_5808f814db7aac35,1,1,True
FREG_5bfbb87dac6470f6,0,0,True
FREG_170bc6971c42582b,1,1,True
FREG_f22a9ca580a2c527,1,1,True
FREG_05a0cf3fde05e2f7,2,2,True
FREG_7bb0def6a7b76a96,1,1,True
FREG_8a7aa8e9ef61cfa1,2,2,True
FREG_c423410ef5466d80,1,1,True
FREG_19fafb389f6821c0,1,1,True
FREG_faad4173b025f5d3,1,1,True
FREG_5c4f510acea39341,1,1,True
FREG_a340ee223eb14a8b,1,1,True
FREG_be1e3265dcb6bee1,1,1,True
FREG_917948506f98694d,1,1,True
FREG_cad9757d375b2f54,1,1,True
FREG_8f9c3c98be313afa,1,1,True
FREG_07a2251bfd6d98e1,1,1,True
FREG_4bb24303d6e4e3ac,0,0,True
FREG_dd8ef6e92a048838,1,1,True
FREG_79aca59cc181d3d3,1,1,True
FREG_21b7d5ac1419bc39,2,2,True
FREG_a6c37a2014d77af9,1,1,True
FREG_e4f42f80b5c519e7,1,1,True
FREG_2fb66ea62d876021,1,1,True
FREG_e2b6e60709b341ec,2,2,True
FREG_1edcba645d0dd4a1,1,1,True
FREG_c33836512cd5bdc3,1,1,True
FREG_e35227c57fd34e9d,1,1,True
FREG_a356c920b79fd72a,1,1,True
FREG_9919e1fb6784c2a8,1,1,True
FREG_e5bab547e32c0095,1,1,True
FREG_2a458a4eb550141c,2,2,True
FREG_fe17dc505c3e4dc0,1,1,True
FREG_d0437ba01c05d49f,1,2,False
FREG_948b53bdbfa601a8,1,1,True
FREG_e79dd71d2c9d9f84,1,1,True
FREG_ca773dc177e53fd6,1,1,True
FREG_3f8b0de465607760,1,1,True
