reference_id,reference_kind,type,chrom,start,end,center,genomic_group,probe_label,pearson,spearman,cosine,nrmse,full_upper_pearson,full_upper_spearman,n_valid_pixels,finite_fraction,correlation_valid,invalid_reason,rep1_zero_axis,rep2_zero_axis,artifact_warning,matrix_bins,window_bp
BG_0001,Background,Background,MG1655,0,12800,6400.0,MG1655:0,0,0.5403566181926123,0.4889880000437211,0.8694538240536871,0.8340016738350337,0.5431982774740658,0.5055090290882321,1891,1.0,True,,False,False,False,64,6400
BG_0002,Background,Background,MG1655,4800,17600,11200.0,MG1655:0,0,0.6077124512547948,0.576749773778024,0.876965132347653,0.696072811954329,0.6114935615601471,0.5957218314889415,1891,1.0,True,,False,False,False,64,6400
BG_0003,Background,Background,MG1655,9600,22400,16000.0,MG1655:0,0,0.6903618327187605,0.7627173014854279,0.8369694616564266,0.49573643140506807,0.7146506735918705,0.7788007588872167,1891,1.0,True,,True,True,True,64,6400
BG_0004,Background,Background,MG1655,14400,27200,20800.0,MG1655:0,0,0.6756201399466629,0.6881533927303479,0.8838363662296862,0.5670138353533267,0.6822578243318614,0.6872300180885158,1891,1.0,True,,True,True,True,64,6400
BG_0005,Background,Background,MG1655,19200,32000,25600.0,MG1655:0,0,0.2953115152108546,0.2966784152574575,0.8962317009431989,0.9284018896573332,0.29893047575801135,0.30142839217674056,1891,1.0,True,,False,False,False,64,6400
BG_0006,Background,Background,MG1655,24000,36800,30400.0,MG1655:0,0,0.5750400852108867,0.51768991000598,0.8614567404947379,0.6617066317293403,0.5961582267556593,0.5648435482720887,1891,1.0,True,,False,False,False,64,6400
BG_0007,Background,Background,MG1655,28800,41600,35200.0,MG1655:0,0,0.6449527765700468,0.41322425447225625,0.8381993909753368,0.8618219555546034,0.6738433666928056,0.4964096316730842,1891,1.0,True,,False,False,False,64,6400
BG_0008,Background,Background,MG1655,33600,46400,40000.0,MG1655:0,0,0.40259853036444976,0.23103158700525683,0.7682725187253194,0.9658218390281416,0.5157645258727819,0.3480756147341613,1891,1.0,True,,False,False,False,64,6400
BG_0009,Background,Background,MG1655,60800,73600,67200.0,MG1655:0,0,0.4917502620609152,0.28462459771599874,0.7803488653836985,0.8886462925817938,0.5888004200651202,0.39487549836317937,1891,1.0,True,,False,False,False,64,6400
BG_0010,Background,Background,MG1655,65600,78400,72000.0,MG1655:0,0,0.4801804484107507,0.3587924215713076,0.8201094933348295,0.8037324663905951,0.5579818457079062,0.4528343245427353,1891,1.0,True,,False,False,False,64,6400
BG_0011,Background,Background,MG1655,70400,83200,76800.0,MG1655:0,0,0.40408270417927034,0.2567533628657506,0.7788331429357633,0.9468560313981678,0.5148551439913084,0.36795463087809094,1891,1.0,True,,False,False,False,64,6400
BG_0012,Background,Background,MG1655,129600,142400,136000.0,MG1655:1,0,0.36030862328650337,0.30821555031423076,0.8138047382172438,0.8560385134359905,0.409412703763785,0.3778627301837812,1891,1.0,True,,False,False,False,64,6400
BG_0013,Background,Background,MG1655,134400,147200,140800.0,MG1655:1,0,0.3467791953402902,0.34555091570404667,0.7932897080696892,0.8337188817321314,0.40268514848842346,0.41355346552137906,1891,1.0,True,,False,False,False,64,6400
BG_0014,Background,Background,MG1655,158400,171200,164800.0,MG1655:1,0,0.36935742217544515,0.3422197834732972,0.8234003427666029,0.8615668683266215,0.40394509923450456,0.40089276772255555,1891,1.0,True,,False,False,False,64,6400
BG_0015,Background,Background,MG1655,163200,176000,169600.0,MG1655:1,0,0.4048101259211166,0.3190907555650162,0.817336818628266,0.9038431235342427,0.45829137047177626,0.39722045420318036,1891,1.0,True,,False,False,False,64,6400
BG_0016,Background,Background,MG1655,203200,216000,209600.0,MG1655:1,0,0.3456950859199828,0.3277716133098246,0.8034415946683066,0.8276871881958713,0.40695684315660957,0.40088272324650115,1891,1.0,True,,False,False,False,64,6400
BG_0017,Background,Background,MG1655,208000,220800,214400.0,MG1655:1,0,0.2319418896843193,0.23908472165931854,0.771893420827371,0.9421451656432817,0.3043819822229338,0.32058217361205743,1891,1.0,True,,False,False,False,64,6400
BG_0018,Background,Background,MG1655,212800,225600,219200.0,MG1655:1,0,0.33284691597991883,0.2601018081064812,0.8285473303821281,0.9338543680136313,0.37832783324225405,0.33526103691487524,1891,1.0,True,,False,False,False,64,6400
BG_0019,Background,Background,MG1655,217600,230400,224000.0,MG1655:1,0,0.8566312667597741,0.8885060794691576,0.8821267365519677,1.9642611901162004,0.8769152286298507,0.9010826293553282,1891,1.0,True,,True,True,True,64,6400
BG_0020,Background,Background,MG1655,222400,235200,228800.0,MG1655:1,0,0.7784983893948652,0.8963045741011905,0.8240629433971652,1.096662355245252,0.8178293980971422,0.9079820162429729,1891,1.0,True,,True,True,True,64,6400
BG_0021,Background,Background,MG1655,264000,276800,270400.0,MG1655:2,0,0.5924949442131183,0.5942743940870628,0.7469965060829727,0.7269757532024648,0.6917019234075608,0.6546870012693039,1891,1.0,True,,True,True,True,64,6400
BG_0022,Background,Background,MG1655,268800,281600,275200.0,MG1655:2,0,0.6189712578740437,0.6237967329521504,0.7686454965818743,0.6680456396911459,0.697019090655427,0.6785517268177745,1891,1.0,True,,True,True,True,64,6400
BG_0023,Background,Background,MG1655,273600,286400,280000.0,MG1655:2,0,0.5878215398788843,0.5583262793042023,0.7685784270787441,0.6847600455273667,0.6623426507517943,0.6196695613705222,1891,1.0,True,,True,True,True,64,6400
BG_0024,Background,Background,MG1655,278400,291200,284800.0,MG1655:2,0,0.6955872472602067,0.32340944037361224,0.8352136484833168,0.8551051856601084,0.7551503026892319,0.4378372142964271,1891,1.0,True,,False,False,False,64,6400
BG_0025,Background,Background,MG1655,345600,358400,352000.0,MG1655:2,0,0.6142518671748091,0.3801944556995594,0.7697856334114668,0.9699286074268652,0.6655032670760104,0.478031037192512,1891,1.0,True,,False,False,False,64,6400
BG_0026,Background,Background,MG1655,360000,372800,366400.0,MG1655:2,0,0.41717794953779574,0.413264525893791,0.8400596525438598,0.7560214237472175,0.4434580554623774,0.4547920396034665,1891,1.0,True,,False,False,False,64,6400
BG_0027,Background,Background,MG1655,369600,382400,376000.0,MG1655:2,0,0.4157269247275304,0.3524439179041483,0.7490492134293162,0.8544367006941067,0.5308259408390739,0.44689371358292423,1891,1.0,True,,False,False,False,64,6400
BG_0028,Background,Background,MG1655,384000,396800,390400.0,MG1655:3,0,0.6144839410367633,0.6741838879210671,0.7806732556791478,0.6116365565422284,0.6835409640979988,0.7169432806873439,1891,1.0,True,,True,True,True,64,6400
BG_0029,Background,Background,MG1655,388800,401600,395200.0,MG1655:3,0,0.5825461988865421,0.6367865225840252,0.7834338807487943,0.5964888364658948,0.6662908804001118,0.6863797898640847,1891,1.0,True,,True,True,True,64,6400
BG_0030,Background,Background,MG1655,393600,406400,400000.0,MG1655:3,0,0.556569548427028,0.49364001664416796,0.8660860661983859,0.778885664203784,0.562835049168428,0.5165920692118536,1891,1.0,True,,False,False,False,64,6400
BG_0031,Background,Background,MG1655,398400,411200,404800.0,MG1655:3,0,0.7105591153720258,0.5102543417344897,0.8700878177341783,0.9298890396818552,0.7110571287950387,0.532244226076189,1891,1.0,True,,False,False,False,64,6400
BG_0032,Background,Background,MG1655,403200,416000,409600.0,MG1655:3,0,0.3780869155652709,0.3186447477147812,0.8028353898475062,0.9517714288115786,0.4030196079911369,0.3730665890730126,1891,1.0,True,,False,False,False,64,6400
BG_0033,Background,Background,MG1655,408000,420800,414400.0,MG1655:3,0,0.4032334154460068,0.2797493771208335,0.7875973901407348,0.9309474562298846,0.4921610446006689,0.3783875313925319,1891,1.0,True,,False,False,False,64,6400
BG_0034,Background,Background,MG1655,412800,425600,419200.0,MG1655:3,0,0.2364114232125195,0.24356872528510748,0.7876552409446509,0.9259160578185794,0.3018463482839754,0.31818460787787034,1891,1.0,True,,False,False,False,64,6400
BG_0035,Background,Background,MG1655,443200,456000,449600.0,MG1655:3,0,0.24084764058748528,0.2618674020156512,0.8499696971039866,0.9670123893359932,0.2518082231017183,0.2867214426912407,1891,1.0,True,,False,False,False,64,6400
BG_0036,Background,Background,MG1655,448000,460800,454400.0,MG1655:3,0,0.5989323503817042,0.5451149439580074,0.9003233613936235,0.7912319372656115,0.6035238511355778,0.5485065954259414,1891,1.0,True,,False,False,False,64,6400
BG_0037,Background,Background,MG1655,452800,465600,459200.0,MG1655:3,0,0.6720730462242521,0.6324022773945361,0.9247920791176414,0.7435637447976096,0.6843680914206963,0.6541626389400428,1891,1.0,True,,False,False,False,64,6400
BG_0038,Background,Background,MG1655,457600,470400,464000.0,MG1655:3,0,0.6302998178015314,0.6365352728568164,0.9085955093346494,0.6467706288784935,0.6369998668683463,0.64272537141758,1891,1.0,True,,False,False,False,64,6400
BG_0039,Background,Background,MG1655,462400,475200,468800.0,MG1655:3,0,0.13697466778199732,0.1501339550708442,0.7825090667271942,1.0053148479204856,0.19987943609658715,0.22926183181275198,1891,1.0,True,,False,False,False,64,6400
BG_0040,Background,Background,MG1655,481600,494400,488000.0,MG1655:3,0,0.27070578571013,0.2319257688013431,0.815940796334956,1.0344414153971457,0.30640324890922366,0.29712869399349917,1891,1.0,True,,False,False,False,64,6400
BG_0041,Background,Background,MG1655,486400,499200,492800.0,MG1655:3,0,0.3057430977566931,0.2739587624328167,0.8197575804071849,0.9282184614443918,0.35126466092078334,0.34456156387540815,1891,1.0,True,,False,False,False,64,6400
BG_0042,Background,Background,MG1655,491200,504000,497600.0,MG1655:3,0,0.37474750633751663,0.27469177932436434,0.804296849198618,0.9229301352217506,0.4391280527630327,0.36349150323755414,1891,1.0,True,,False,False,False,64,6400
BG_0043,Background,Background,MG1655,496000,508800,502400.0,MG1655:3,0,0.4391855617925169,0.4181026683600915,0.868202356700792,0.8212957325201907,0.44443523966353404,0.43333444733828735,1891,1.0,True,,False,False,False,64,6400
BG_0044,Background,Background,MG1655,587200,600000,593600.0,MG1655:4,0,0.34069281402503027,0.2129511155061375,0.7215052951572797,1.0005139282145887,0.4781886302189674,0.33005562715158177,1891,1.0,True,,False,False,False,64,6400
BG_0045,Background,Background,MG1655,592000,604800,598400.0,MG1655:4,0,0.35989438840223154,0.2543653252694026,0.7275772536045642,0.9442790917089814,0.49814518077842573,0.36652830919587204,1891,1.0,True,,False,False,False,64,6400
BG_0046,Background,Background,MG1655,596800,609600,603200.0,MG1655:4,0,0.3445747471747518,0.27186928287992096,0.7503965365102258,0.8941653357374428,0.45688877846311227,0.37527256084122135,1891,1.0,True,,False,False,False,64,6400
BG_0047,Background,Background,MG1655,601600,614400,608000.0,MG1655:4,0,0.4993134264247785,0.6006833625414498,0.7005082351725506,0.7160709020464718,0.6032685337684321,0.6533053860391408,1891,1.0,True,,True,True,True,64,6400
BG_0048,Background,Background,MG1655,640000,652800,646400.0,MG1655:5,0,0.570876104899139,0.41303254319390736,0.8172142002599859,0.8209290998642788,0.6330006749674478,0.4989544975198039,1891,1.0,True,,False,False,False,64,6400
BG_0049,Background,Background,MG1655,681600,694400,688000.0,MG1655:5,0,0.601570275001844,0.6858045193826984,0.8088565940658223,0.5121362060247798,0.6362340250958565,0.7072694869321553,1891,1.0,True,,True,True,True,64,6400
BG_0050,Background,Background,MG1655,776000,788800,782400.0,MG1655:6,0,0.5833164703177112,0.5888221266876438,0.8557212297916807,0.7951067607140078,0.5896061499878805,0.6047584764546472,1891,1.0,True,,False,False,False,64,6400
BG_0051,Background,Background,MG1655,780800,793600,787200.0,MG1655:6,0,0.2108438455907119,0.2149564842866645,0.8539105415562991,0.934339497757086,0.22344579575356294,0.24035981155082606,1891,1.0,True,,False,False,False,64,6400
BG_0052,Background,Background,MG1655,785600,798400,792000.0,MG1655:6,0,0.24608649404654004,0.24968300555781658,0.8124632418852025,0.9911583100183067,0.2822728353635716,0.30560246306634653,1891,1.0,True,,False,False,False,64,6400
BG_0053,Background,Background,MG1655,803200,816000,809600.0,MG1655:6,0,0.43115587600781863,0.28284422553615046,0.7483324185258676,0.9378256890023007,0.5558149480554639,0.39602348895256095,1891,1.0,True,,False,False,False,64,6400
BG_0054,Background,Background,MG1655,822400,835200,828800.0,MG1655:6,0,0.2689470232092565,0.27624597106009807,0.8291831940158628,0.8961717931788766,0.2976858264390225,0.3205855390908283,1891,1.0,True,,False,False,False,64,6400
BG_0055,Background,Background,MG1655,836800,849600,843200.0,MG1655:6,0,0.3355230118236128,0.2549313324918471,0.7401541009114957,0.9622911287440797,0.442580953907176,0.3585592682081572,1891,1.0,True,,False,False,False,64,6400
BG_0056,Background,Background,MG1655,841600,854400,848000.0,MG1655:6,0,0.49638025030983735,0.4623171661066779,0.8486380354963411,0.8196000233228498,0.5052962721276988,0.4843316589194504,1891,1.0,True,,False,False,False,64,6400
BG_0057,Background,Background,MG1655,846400,859200,852800.0,MG1655:6,0,0.5443568691035651,0.4716737973245851,0.8521122014032079,0.8766415225252333,0.5490708547559657,0.49418715173708216,1891,1.0,True,,False,False,False,64,6400
BG_0058,Background,Background,MG1655,851200,864000,857600.0,MG1655:6,0,0.36859069264510824,0.26999300621245614,0.762633052952089,0.9377417358470378,0.47270282985897144,0.3719848224467441,1891,1.0,True,,False,False,False,64,6400
BG_0059,Background,Background,MG1655,856000,868800,862400.0,MG1655:6,0,0.42415730095994186,0.38133549002317463,0.7745744597778813,0.8534290474755781,0.5016987493597436,0.4601542416510533,1891,1.0,True,,False,False,False,64,6400
BG_0060,Background,Background,MG1655,878400,891200,884800.0,MG1655:6,0,0.16920107841197546,0.2019952684135695,0.7631147670218928,0.9972686030962141,0.2308752117064213,0.27666288308094217,1891,1.0,True,,False,False,False,64,6400
BG_0061,Background,Background,MG1655,883200,896000,889600.0,MG1655:6,0,0.34138430883502086,0.2880437218004708,0.8330940765770727,0.9406156213834497,0.3535785054961281,0.31891885780142337,1891,1.0,True,,False,False,False,64,6400
BG_0062,Background,Background,MG1655,896000,908800,902400.0,MG1655:7,0,0.2946985274469977,0.30899914962183683,0.8359476212124154,0.9425277857281287,0.30858997247352765,0.3346462984873699,1891,1.0,True,,False,False,False,64,6400
BG_0063,Background,Background,MG1655,900800,913600,907200.0,MG1655:7,0,0.27257388009205774,0.3052607426347478,0.7966056092026675,0.8822950892397616,0.3206164200783658,0.36304997791415644,1891,1.0,True,,False,False,False,64,6400
BG_0064,Background,Background,MG1655,905600,918400,912000.0,MG1655:7,0,0.39950830887031946,0.25332895745572703,0.7334997886692031,0.9455982208971436,0.52960766168601,0.36655132638384685,1891,1.0,True,,False,False,False,64,6400
BG_0065,Background,Background,MG1655,910400,923200,916800.0,MG1655:7,0,0.37063302976983586,0.3535127310145584,0.7990108695983781,0.8199851852176201,0.41315312682636585,0.40608339094712564,1891,1.0,True,,False,False,False,64,6400
BG_0066,Background,Background,MG1655,915200,928000,921600.0,MG1655:7,0,0.7241772279666265,0.6564743566841815,0.9119798116043942,0.6355460748972338,0.7261984736226763,0.6569100168498521,1891,1.0,True,,False,False,False,64,6400
BG_0067,Background,Background,MG1655,964800,977600,971200.0,MG1655:7,0,0.2892734107083841,0.2790226007000521,0.8398819400662707,0.9651645677987813,0.30462843094842845,0.31300861225326104,1891,1.0,True,,False,False,False,64,6400
BG_0068,Background,Background,MG1655,969600,982400,976000.0,MG1655:7,0,0.3030361239866561,0.28055528629276066,0.8668086552171246,0.974548430175595,0.3116344505540539,0.3049241717079611,1891,1.0,True,,False,False,False,64,6400
BG_0069,Background,Background,MG1655,974400,987200,980800.0,MG1655:7,0,0.5174060844950512,0.4809297656386977,0.8915043358243112,0.8132078324509829,0.5193937739741321,0.486312906854761,1891,1.0,True,,False,False,False,64,6400
BG_0070,Background,Background,MG1655,979200,992000,985600.0,MG1655:7,0,0.751385905927475,0.7417813374997951,0.9476358269956326,0.5378997741670106,0.7693890124987508,0.771006625641511,1891,1.0,True,,False,False,False,64,6400
BG_0071,Background,Background,MG1655,984000,996800,990400.0,MG1655:7,0,0.3561183193547451,0.3858952708458304,0.886426100683842,0.9050115695272846,0.3662819768325799,0.4004712961878252,1891,1.0,True,,False,False,False,64,6400
BG_0072,Background,Background,MG1655,1000000,1012800,1006400.0,MG1655:7,0,0.3867592370462369,0.34986637755535455,0.8106315473875361,0.8364914458457892,0.4230350013516967,0.4049670515365586,1891,1.0,True,,False,False,False,64,6400
BG_0073,Background,Background,MG1655,1004800,1017600,1011200.0,MG1655:7,0,0.2735829152641075,0.22367345548845827,0.7668211884712763,0.9180241542135102,0.3698936521204459,0.3263110725401591,1891,1.0,True,,False,False,False,64,6400
BG_0074,Background,Background,MG1655,1009600,1022400,1016000.0,MG1655:7,0,0.4517445736110442,0.43230814034972176,0.8656770590728801,0.8712262534298113,0.4544787333762862,0.4454246289109125,1891,1.0,True,,False,False,False,64,6400
BG_0075,Background,Background,MG1655,1024000,1036800,1030400.0,MG1655:8,0,0.619737096099535,0.4822612836946059,0.8635096329117303,0.8003377711302215,0.6239872116442882,0.511582423946189,1891,1.0,True,,False,False,False,64,6400
BG_0076,Background,Background,MG1655,1028800,1041600,1035200.0,MG1655:8,0,0.4340546680424201,0.2540665616894461,0.7360468604212939,0.9112840931364825,0.5579249021080224,0.37202487733710554,1891,1.0,True,,False,False,False,64,6400
BG_0077,Background,Background,MG1655,1033600,1046400,1040000.0,MG1655:8,0,0.3987422119653919,0.2438818402136651,0.7202344445243957,0.9485463623583194,0.5524168382371741,0.36669886931504025,1891,1.0,True,,False,False,False,64,6400
BG_0078,Background,Background,MG1655,1067200,1080000,1073600.0,MG1655:8,0,0.44863417523872723,0.27866999965449984,0.7384917656702551,0.8623495953139507,0.5854555115470645,0.395637440744115,1891,1.0,True,,False,False,False,64,6400
BG_0079,Background,Background,MG1655,1072000,1084800,1078400.0,MG1655:8,0,0.36031206720585296,0.2207550016086733,0.6986959898454856,0.9276446037132271,0.5122819361386337,0.3416426325784979,1891,1.0,True,,False,False,False,64,6400
BG_0080,Background,Background,MG1655,1121600,1134400,1128000.0,MG1655:8,0,0.3374745317923352,0.3404933119867888,0.87907954107272,0.9138474509033517,0.3422467625057858,0.3487309576435495,1891,1.0,True,,False,False,False,64,6400
BG_0081,Background,Background,MG1655,1126400,1139200,1132800.0,MG1655:8,0,0.3364899181981058,0.33023273160575467,0.8992758685354869,0.911944854209495,0.3522590489992037,0.35039436245173256,1891,1.0,True,,False,False,False,64,6400
BG_0082,Background,Background,MG1655,1152000,1164800,1158400.0,MG1655:9,0,0.9480371844664026,0.842640737159422,0.9743310018459714,0.3721531752708852,0.9490461522942287,0.8391143578484457,1891,1.0,True,,False,False,False,64,6400
BG_0083,Background,Background,MG1655,1156800,1169600,1163200.0,MG1655:9,0,0.5602734748818525,0.41620825256580274,0.8767877182956136,0.9152634804831585,0.5613856559597914,0.4204656956402953,1891,1.0,True,,False,False,False,64,6400
BG_0084,Background,Background,MG1655,1161600,1174400,1168000.0,MG1655:9,0,0.6001725924328828,0.5759558575701684,0.8905532205871854,0.7169135667805024,0.6013568372915947,0.5785533527229549,1891,1.0,True,,False,False,False,64,6400
BG_0085,Background,Background,MG1655,1166400,1179200,1172800.0,MG1655:9,0,0.2584878267820892,0.2309692850694252,0.780067823798435,0.9372792348110937,0.3147103175112673,0.3097609944970892,1891,1.0,True,,False,False,False,64,6400
BG_0086,Background,Background,MG1655,1232000,1244800,1238400.0,MG1655:9,0,0.42837014295334513,0.3841099288119273,0.8387160038047272,0.9367533148698668,0.4357416542940168,0.4146274638296395,1891,1.0,True,,False,False,False,64,6400
BG_0087,Background,Background,MG1655,1252800,1265600,1259200.0,MG1655:9,0,0.8870861489312427,0.7917555107464406,0.9574880537608248,0.5084212889466175,0.890405705143142,0.7978837038502881,1891,1.0,True,,False,False,False,64,6400
BG_0088,Background,Background,MG1655,1267200,1280000,1273600.0,MG1655:9,0,0.6085562506718969,0.33590746491072365,0.8733748199507433,0.9003655045640077,0.6107175241782915,0.35442299437652797,1891,1.0,True,,False,False,False,64,6400
BG_0089,Background,Background,MG1655,1280000,1292800,1286400.0,MG1655:10,0,0.46494816105767334,0.4598702004558606,0.8101687630470806,0.7767268792358958,0.5043017970173114,0.5119944331322782,1891,1.0,True,,False,False,False,64,6400
BG_0090,Background,Background,MG1655,1316800,1329600,1323200.0,MG1655:10,0,0.2996802637267643,0.2771389603733632,0.7663408271504716,0.8806902572428129,0.3849924169836494,0.36479768142126123,1891,1.0,True,,False,False,False,64,6400
BG_0091,Background,Background,MG1655,1321600,1334400,1328000.0,MG1655:10,0,0.4104680739975389,0.3942899236743843,0.8323807465943933,0.8896397607021025,0.4200150762861369,0.4241658879729393,1891,1.0,True,,False,False,False,64,6400
BG_0092,Background,Background,MG1655,1420800,1433600,1427200.0,MG1655:11,0,0.6591085735334383,0.5257425725092099,0.8270237548220507,0.7227110838965943,0.6965096768081144,0.5904253168207245,1891,1.0,True,,False,False,False,64,6400
BG_0093,Background,Background,MG1655,1425600,1438400,1432000.0,MG1655:11,0,0.7956309616185271,0.7176287957854799,0.8348631782297088,0.951792686628218,0.8429259836238796,0.7584528437690525,1891,1.0,True,,True,True,True,64,6400
BG_0094,Background,Background,MG1655,1430400,1443200,1436800.0,MG1655:11,0,0.6832601231251517,0.649398011118084,0.8341537886551649,0.5499716900726407,0.7105218350321356,0.6889906483393256,1891,1.0,True,,True,True,True,64,6400
BG_0095,Background,Background,MG1655,1435200,1448000,1441600.0,MG1655:11,0,0.38156632167564747,0.3558012495065168,0.8315326798815558,0.8659951235736624,0.39735255150458515,0.3926115907927469,1891,1.0,True,,False,False,False,64,6400
BG_0096,Background,Background,MG1655,1440000,1452800,1446400.0,MG1655:11,0,0.43857597022101047,0.41597517066701717,0.7995675692694415,0.7830567401780377,0.4977691724109866,0.48225680173014224,1891,1.0,True,,False,False,False,64,6400
BG_0097,Background,Background,MG1655,1444800,1457600,1451200.0,MG1655:11,0,0.3261284732493488,0.23655801298345805,0.693096622018833,0.9104162338245865,0.4849314784237812,0.3543644649693563,1891,1.0,True,,False,False,False,64,6400
BG_0098,Background,Background,MG1655,1449600,1462400,1456000.0,MG1655:11,0,0.4174678503142842,0.25684952721813414,0.7155029499660462,0.8965344598685275,0.5636276457182872,0.3771712199431173,1891,1.0,True,,False,False,False,64,6400
BG_0099,Background,Background,MG1655,1454400,1467200,1460800.0,MG1655:11,0,0.4256284512304382,0.2493158536998592,0.7417288639044715,0.8938153075233062,0.5646171366612106,0.3727818951759804,1891,1.0,True,,False,False,False,64,6400
BG_0100,Background,Background,MG1655,1459200,1472000,1465600.0,MG1655:11,0,0.5603907334840333,0.580448301312393,0.7396911709719384,0.7188338559149294,0.6626153710886147,0.63903915176736,1891,1.0,True,,True,True,True,64,6400
BG_0101,Background,Background,MG1655,1480000,1492800,1486400.0,MG1655:11,0,0.28220701506794255,0.22490031193294194,0.768241352001627,0.937301223345499,0.3667133733400229,0.32112676765522896,1891,1.0,True,,False,False,False,64,6400
BG_0102,Background,Background,MG1655,1484800,1497600,1491200.0,MG1655:11,0,0.618160960795142,0.5439261351219042,0.8883518032495485,0.7407783823312564,0.6199121282747804,0.5524882956698873,1891,1.0,True,,False,False,False,64,6400
BG_0103,Background,Background,MG1655,1489600,1502400,1496000.0,MG1655:11,0,0.2991837630375947,0.2995566905273665,0.7842891960761428,0.9102506046929607,0.33509810667715245,0.3560380067092778,1891,1.0,True,,False,False,False,64,6400
BG_0104,Background,Background,MG1655,1494400,1507200,1500800.0,MG1655:11,0,0.3546208601047711,0.32164225615881353,0.8300152765411419,0.9723329221424668,0.36230084778702515,0.3460812445128308,1891,1.0,True,,False,False,False,64,6400
BG_0105,Background,Background,MG1655,1499200,1512000,1505600.0,MG1655:11,0,0.29032371504681226,0.2968703907026063,0.8156291297826321,0.9045048543848927,0.3231485493961417,0.34419151157708355,1891,1.0,True,,False,False,False,64,6400
BG_0106,Background,Background,MG1655,1504000,1516800,1510400.0,MG1655:11,0,0.1909943317100359,0.19899100502367742,0.7488309308864893,0.9883320621186396,0.27321283421069853,0.285563754853322,1891,1.0,True,,False,False,False,64,6400
BG_0107,Background,Background,MG1655,1547200,1560000,1553600.0,MG1655:12,0,0.3642089994519475,0.2890532190415698,0.7302716907736778,0.8517056789648354,0.49535749679547997,0.39314617184574197,1891,1.0,True,,False,False,False,64,6400
BG_0108,Background,Background,MG1655,1552000,1564800,1558400.0,MG1655:12,0,0.3012110550794796,0.2454037710654846,0.7132074641885353,0.9305748455634777,0.4380607656736798,0.35716260774530745,1891,1.0,True,,False,False,False,64,6400
BG_0109,Background,Background,MG1655,1600000,1612800,1606400.0,MG1655:12,0,0.22441283946420537,0.17321439160222982,0.6982906162336593,1.016495106186784,0.3607725319263711,0.28648186573839696,1891,1.0,True,,False,False,False,64,6400
BG_0110,Background,Background,MG1655,1617600,1630400,1624000.0,MG1655:12,0,0.30450001293931644,0.2864404705073921,0.7706080656341595,0.9636236547058946,0.3440195508126628,0.3469197200863717,1891,1.0,True,,False,False,False,64,6400
BG_0111,Background,Background,MG1655,1651200,1664000,1657600.0,MG1655:12,0,0.40836323187092727,0.40163825896008476,0.7907900614855008,0.8576891785884472,0.43857870984375263,0.44851729974610133,1891,1.0,True,,False,False,False,64,6400
BG_0112,Background,Background,MG1655,1668800,1681600,1675200.0,MG1655:13,0,0.39912292227843743,0.4056916861437838,0.8770783690104436,0.842142661932578,0.40402595113977435,0.41280012471447014,1891,1.0,True,,False,False,False,64,6400
BG_0113,Background,Background,MG1655,1673600,1686400,1680000.0,MG1655:13,0,0.2688704954398213,0.29945478930222047,0.8311402288645359,1.0307584750340408,0.2750661075563319,0.31956511626297046,1891,1.0,True,,False,False,False,64,6400
BG_0114,Background,Background,MG1655,1678400,1691200,1684800.0,MG1655:13,0,0.3570555602214352,0.37192527376725704,0.8403370612125979,0.8579712163970022,0.3636821679252542,0.39103409860555266,1891,1.0,True,,False,False,False,64,6400
BG_0115,Background,Background,MG1655,1707200,1720000,1713600.0,MG1655:13,0,0.4230104628445983,0.3145656673778703,0.8568903601362743,0.9496954981594397,0.4286980965348524,0.3381363404872506,1891,1.0,True,,False,False,False,64,6400
BG_0116,Background,Background,MG1655,1712000,1724800,1718400.0,MG1655:13,0,0.47236709383250125,0.41090887623636607,0.8695807717595786,0.8673268773460394,0.4742004021391271,0.4203082958540795,1891,1.0,True,,False,False,False,64,6400
BG_0117,Background,Background,MG1655,1716800,1729600,1723200.0,MG1655:13,0,0.5548832289456744,0.48408172692231866,0.8670650067890192,0.8723721393512973,0.5563040034510185,0.4916709766175116,1891,1.0,True,,False,False,False,64,6400
BG_0118,Background,Background,MG1655,1756800,1769600,1763200.0,MG1655:13,0,0.24712743675943089,0.23864520549675866,0.7371074066048215,0.9401957716667362,0.33680392327597297,0.3316171091891204,1891,1.0,True,,False,False,False,64,6400
BG_0119,Background,Background,MG1655,1806400,1819200,1812800.0,MG1655:14,0,0.47511647617572433,0.4400899079844851,0.811008924646651,0.784765506123165,0.5111928860832313,0.4952690830540308,1891,1.0,True,,False,False,False,64,6400
BG_0120,Background,Background,MG1655,1811200,1824000,1817600.0,MG1655:14,0,0.35806214839815165,0.32274054370277905,0.7927229729617132,0.8810196858202116,0.40507396888347336,0.3921310551643997,1891,1.0,True,,False,False,False,64,6400
BG_0121,Background,Background,MG1655,1816000,1828800,1822400.0,MG1655:14,0,0.38356077335482,0.35120703669549297,0.8284467566550264,0.9374020849710382,0.39706132689190343,0.3825208291719988,1891,1.0,True,,False,False,False,64,6400
BG_0122,Background,Background,MG1655,1820800,1833600,1827200.0,MG1655:14,0,0.4368220587713239,0.3365510915662285,0.7611495158424864,0.8682268007600594,0.5390851766071283,0.43496935670418996,1891,1.0,True,,False,False,False,64,6400
BG_0123,Background,Background,MG1655,1825600,1838400,1832000.0,MG1655:14,0,0.28782020237067885,0.202881786076123,0.7077234181156075,0.9668046243523161,0.420390301435689,0.31765556410644535,1891,1.0,True,,False,False,False,64,6400
BG_0124,Background,Background,MG1655,1830400,1843200,1836800.0,MG1655:14,0,0.3022118885260274,0.20185047252376553,0.7441111926956158,0.9904387419318718,0.42077545183131704,0.3162506000703054,1891,1.0,True,,False,False,False,64,6400
BG_0125,Background,Background,MG1655,1875200,1888000,1881600.0,MG1655:14,0,0.3963167134727102,0.4178789924560922,0.8337250556658565,0.829672363662351,0.40788822953761406,0.4407368869508782,1891,1.0,True,,False,False,False,64,6400
BG_0126,Background,Background,MG1655,1880000,1892800,1886400.0,MG1655:14,0,0.37291155707948154,0.2876757844768827,0.7621323883252695,0.9031115218609221,0.4791502936116846,0.3922574198838149,1891,1.0,True,,False,False,False,64,6400
BG_0127,Background,Background,MG1655,1884800,1897600,1891200.0,MG1655:14,0,0.28899246351722285,0.21976457772844465,0.7707555367419776,0.9623758222428729,0.3607791668428456,0.3106709475999679,1891,1.0,True,,False,False,False,64,6400
BG_0128,Background,Background,MG1655,1889600,1902400,1896000.0,MG1655:14,0,0.27881813982125314,0.3023691121318274,0.8265669485814339,0.9036086674469114,0.2908183183231573,0.32785347537717713,1891,1.0,True,,False,False,False,64,6400
BG_0129,Background,Background,MG1655,1894400,1907200,1900800.0,MG1655:14,0,0.9107534238995129,0.7958902607328934,0.9563983657627189,0.497912766486319,0.9118759764724981,0.7966579671299293,1891,1.0,True,,False,False,False,64,6400
BG_0130,Background,Background,MG1655,1899200,1912000,1905600.0,MG1655:14,0,0.9204764219702948,0.892478756640615,0.9732180211389092,0.3848283849007408,0.9245524008185229,0.9004038109652639,1891,1.0,True,,False,False,False,64,6400
BG_0131,Background,Background,MG1655,1904000,1916800,1910400.0,MG1655:14,0,0.7894135210806733,0.6549843248657717,0.9241006662754874,0.7125197587335604,0.7921863210565262,0.6548542841757872,1891,1.0,True,,False,False,False,64,6400
BG_0132,Background,Background,MG1655,1920000,1932800,1926400.0,MG1655:15,0,0.77806046592591,0.6340969675073248,0.9151426788283883,0.6653983290244989,0.7791947000258617,0.6362503338462521,1891,1.0,True,,False,False,False,64,6400
BG_0133,Background,Background,MG1655,1924800,1937600,1931200.0,MG1655:15,0,0.2784543164674939,0.26288844248133053,0.8020587030711578,0.9361928667741279,0.337040412570877,0.337137926256898,1891,1.0,True,,False,False,False,64,6400
BG_0134,Background,Background,MG1655,1929600,1942400,1936000.0,MG1655:15,0,0.5705629402504628,0.5456000267770832,0.8905049188851513,0.7005839473797187,0.5719002130029323,0.5476867596907042,1891,1.0,True,,False,False,False,64,6400
BG_0135,Background,Background,MG1655,1934400,1947200,1940800.0,MG1655:15,0,0.4328236473753426,0.45157733000366396,0.881671002539835,0.8295809414458897,0.4382877610785671,0.4555815549695687,1891,1.0,True,,False,False,False,64,6400
BG_0136,Background,Background,MG1655,1939200,1952000,1945600.0,MG1655:15,0,0.35659050629593264,0.3408050908430162,0.8525449056949596,0.9118555774518241,0.36308256650452264,0.35641775016516075,1891,1.0,True,,False,False,False,64,6400
BG_0137,Background,Background,MG1655,1944000,1956800,1950400.0,MG1655:15,0,0.5152045638523045,0.4828944226641739,0.8705601322856489,0.8234104363033443,0.5172148258889754,0.49318915202641744,1891,1.0,True,,False,False,False,64,6400
BG_0138,Background,Background,MG1655,1948800,1961600,1955200.0,MG1655:15,0,0.3484661483411013,0.3111815000325152,0.7647363637431737,0.9341565939728039,0.39542395492214916,0.3823323335866329,1891,1.0,True,,False,False,False,64,6400
BG_0139,Background,Background,MG1655,1953600,1966400,1960000.0,MG1655:15,0,0.7337230677248601,0.4742407011152314,0.870980209616952,0.9393056368447165,0.735464902406944,0.5130304661693301,1891,1.0,True,,False,False,False,64,6400
BG_0140,Background,Background,MG1655,1958400,1971200,1964800.0,MG1655:15,0,0.2665402940484305,0.2438563940016501,0.7749909139972813,0.9433838314888634,0.35470556200963566,0.3386591046534287,1891,1.0,True,,False,False,False,64,6400
BG_0141,Background,Background,MG1655,1963200,1976000,1969600.0,MG1655:15,0,0.24526724572161926,0.2666015401146852,0.8193612448641864,0.8869391793781439,0.2823945441394448,0.31802285063139485,1891,1.0,True,,False,False,False,64,6400
BG_0142,Background,Background,MG1655,1968000,1980800,1974400.0,MG1655:15,0,0.23580410159991172,0.24252483489160295,0.847335205336989,0.9721192206471944,0.2398249614800249,0.2578872396818224,1891,1.0,True,,False,False,False,64,6400
BG_0143,Background,Background,MG1655,1972800,1985600,1979200.0,MG1655:15,0,0.9366858032747171,0.6742497405616,0.9485987134958721,0.6208405338465431,0.9367624132329956,0.6883739146924001,1891,1.0,True,,True,True,True,64,6400
BG_0144,Background,Background,MG1655,1977600,1990400,1984000.0,MG1655:15,0,0.31307788597040603,0.27622589261346786,0.7689183836670566,1.0365899588794358,0.35368422027837826,0.35112684546833745,1891,1.0,True,,False,False,False,64,6400
BG_0145,Background,Background,MG1655,1982400,1995200,1988800.0,MG1655:15,0,0.781318614508059,0.6144871055526937,0.9101084237906706,0.8058024106545139,0.7828350829761823,0.6151281220734708,1891,1.0,True,,False,False,False,64,6400
BG_0146,Background,Background,MG1655,1987200,2000000,1993600.0,MG1655:15,0,0.8490192715296314,0.7296668685835762,0.9479018378484737,0.5370377194690925,0.8537143443134277,0.7372535412872189,1891,1.0,True,,False,False,False,64,6400
BG_0147,Background,Background,MG1655,1992000,2004800,1998400.0,MG1655:15,0,0.44033530517743313,0.3727174721504983,0.8330114741657041,0.9695461625404376,0.44701394675958794,0.40215325640152183,1891,1.0,True,,False,False,False,64,6400
BG_0148,Background,Background,MG1655,1996800,2009600,2003200.0,MG1655:15,0,0.2985703956914964,0.2878686846837451,0.8298211160363638,0.9281741390825229,0.3067960726611023,0.30789624258371884,1891,1.0,True,,False,False,False,64,6400
BG_0149,Background,Background,MG1655,2059200,2072000,2065600.0,MG1655:16,0,0.6641146458109339,0.7325968473023292,0.8296897245652554,0.5362377865956037,0.6770634124135818,0.7411098568510469,1891,1.0,True,,True,True,True,64,6400
BG_0150,Background,Background,MG1655,2064000,2076800,2070400.0,MG1655:16,0,0.6931249449204838,0.7607547366106199,0.8211248552679803,0.5751479921016188,0.7219794937611439,0.7828050891385933,1891,1.0,True,,True,True,True,64,6400
BG_0151,Background,Background,MG1655,2068800,2081600,2075200.0,MG1655:16,0,0.39494255715490867,0.31020513164393,0.8144232061522053,0.8460374009072178,0.45896963947257596,0.39467611119660484,1891,1.0,True,,False,False,False,64,6400
BG_0152,Background,Background,MG1655,2083200,2096000,2089600.0,MG1655:16,0,0.612617637716764,0.48741461012597154,0.8730059338842683,0.765775696415545,0.6175147621905288,0.5120029878301438,1891,1.0,True,,False,False,False,64,6400
BG_0153,Background,Background,MG1655,2088000,2100800,2094400.0,MG1655:16,0,0.3314252988933563,0.2902250471532918,0.801567567008734,0.8708987377656807,0.3989334564865058,0.37561538542638434,1891,1.0,True,,False,False,False,64,6400
BG_0154,Background,Background,MG1655,2148800,2161600,2155200.0,MG1655:16,0,0.6756167818120155,0.5571600717218784,0.8555351379195688,0.7453757857527976,0.6843446614870062,0.603557396068943,1891,1.0,True,,False,False,False,64,6400
BG_0155,Background,Background,MG1655,2153600,2166400,2160000.0,MG1655:16,0,0.35951951642907387,0.23892395129800684,0.7419556898028727,0.9509390439392371,0.48749090116136423,0.3555118012447977,1891,1.0,True,,False,False,False,64,6400
BG_0156,Background,Background,MG1655,2193600,2206400,2200000.0,MG1655:17,0,0.31690093503801386,0.2407167641428648,0.7035843890254346,0.9868805959345341,0.4509440815821185,0.3525865515367916,1891,1.0,True,,False,False,False,64,6400
BG_0157,Background,Background,MG1655,2198400,2211200,2204800.0,MG1655:17,0,0.33516569254498757,0.20996057799008025,0.7184357298813892,0.9167962201132277,0.4867214459722343,0.3347575556361325,1891,1.0,True,,False,False,False,64,6400
BG_0158,Background,Background,MG1655,2216000,2228800,2222400.0,MG1655:17,0,0.1793567876147339,0.2307260986560767,0.7833225022516994,1.0148202090396365,0.22798053202345192,0.292833402933823,1891,1.0,True,,False,False,False,64,6400
BG_0159,Background,Background,MG1655,2240000,2252800,2246400.0,MG1655:17,0,0.35476455734597007,0.3212719319880275,0.7780859853341867,0.9239053033554949,0.3964705237226623,0.38961382640107334,1891,1.0,True,,False,False,False,64,6400
BG_0160,Background,Background,MG1655,2264000,2276800,2270400.0,MG1655:17,0,0.8075265994833034,0.6846067681214763,0.9322783686880992,0.6107736497415798,0.8105840324540496,0.6794685777327197,1891,1.0,True,,False,False,False,64,6400
BG_0161,Background,Background,MG1655,2268800,2281600,2275200.0,MG1655:17,0,0.3931375831992873,0.3718919213545275,0.8529237684631847,0.9555837172046355,0.3948551364961862,0.3817291380611792,1891,1.0,True,,False,False,False,64,6400
BG_0162,Background,Background,MG1655,2273600,2286400,2280000.0,MG1655:17,0,0.25969301339202533,0.26978420034189543,0.83163160365064,0.9656787658115394,0.27225191659693226,0.2984404286606126,1891,1.0,True,,False,False,False,64,6400
BG_0163,Background,Background,MG1655,2288000,2300800,2294400.0,MG1655:17,0,0.29712782707080787,0.27081536856438043,0.7759791321347786,0.9170743168214601,0.3923908787423824,0.36734274291247226,1891,1.0,True,,False,False,False,64,6400
BG_0164,Background,Background,MG1655,2304000,2316800,2310400.0,MG1655:18,0,0.601496360768481,0.5398539711138538,0.8559820195300057,0.7017579695153657,0.611352197022917,0.5735206594847093,1891,1.0,True,,False,False,False,64,6400
BG_0165,Background,Background,MG1655,2308800,2321600,2315200.0,MG1655:18,0,0.4864033958446941,0.46033965586541076,0.894562062969627,0.8223040297054036,0.4901594750644561,0.46268714840871744,1891,1.0,True,,False,False,False,64,6400
BG_0166,Background,Background,MG1655,2313600,2326400,2320000.0,MG1655:18,0,0.31136003351127356,0.2544418340984419,0.8376537399069105,1.063722296400892,0.31650018194129753,0.2781504027287415,1891,1.0,True,,False,False,False,64,6400
BG_0167,Background,Background,MG1655,2318400,2331200,2324800.0,MG1655:18,0,0.3867336982615389,0.32977779116752337,0.755204385126595,0.8565850518945509,0.49351897044075643,0.42675573664365524,1891,1.0,True,,False,False,False,64,6400
BG_0168,Background,Background,MG1655,2323200,2336000,2329600.0,MG1655:18,0,0.3919294577946843,0.23131843225406276,0.717409029973606,0.9523931177165221,0.5493355929073864,0.3554957132329791,1891,1.0,True,,False,False,False,64,6400
BG_0169,Background,Background,MG1655,2328000,2340800,2334400.0,MG1655:18,0,0.3737741390494597,0.2541148230328137,0.73608153513287,0.9619126617299308,0.4969131035171197,0.3669307828053069,1891,1.0,True,,False,False,False,64,6400
BG_0170,Background,Background,MG1655,2345600,2358400,2352000.0,MG1655:18,0,0.4187671220725673,0.3850748360130428,0.8441705687576628,0.8164093969450721,0.42871915365147234,0.4117841167712999,1891,1.0,True,,False,False,False,64,6400
BG_0171,Background,Background,MG1655,2350400,2363200,2356800.0,MG1655:18,0,0.36867971680115785,0.27841368127908556,0.7533847002560367,0.9291336557886173,0.48045325166402253,0.3812093088572926,1891,1.0,True,,False,False,False,64,6400
BG_0172,Background,Background,MG1655,2364800,2377600,2371200.0,MG1655:18,0,0.40001269183558713,0.38823956971084334,0.7784986970648602,0.8230351312473762,0.4566115220668893,0.45845495982007617,1891,1.0,True,,False,False,False,64,6400
BG_0173,Background,Background,MG1655,2369600,2382400,2376000.0,MG1655:18,0,0.46409367539896096,0.39707192344150577,0.8111993899005475,0.8055996193114204,0.5115245014952103,0.46855695730332475,1891,1.0,True,,False,False,False,64,6400
BG_0174,Background,Background,MG1655,2398400,2411200,2404800.0,MG1655:18,0,0.8998889361094505,0.8880850483759103,0.9781338572938552,0.3396688375974769,0.9116802580244447,0.9066398415989713,1891,1.0,True,,False,False,False,64,6400
BG_0175,Background,Background,MG1655,2403200,2416000,2409600.0,MG1655:18,0,0.6245328020417925,0.547934635619841,0.9079077990657921,0.8169428043293854,0.6336819017970818,0.5574656698968512,1891,1.0,True,,False,False,False,64,6400
BG_0176,Background,Background,MG1655,2408000,2420800,2414400.0,MG1655:18,0,0.48729881612608605,0.49084247334158426,0.9063427870908093,0.8244560455842473,0.49279510130101073,0.49608026485957624,1891,1.0,True,,False,False,False,64,6400
BG_0177,Background,Background,MG1655,2412800,2425600,2419200.0,MG1655:18,0,0.3716643178985187,0.3131327811508003,0.812063614475165,0.9530374186421666,0.4007595327893726,0.3697979511332538,1891,1.0,True,,False,False,False,64,6400
BG_0178,Background,Background,MG1655,2417600,2430400,2424000.0,MG1655:18,0,0.4484180310305322,0.38232925943330476,0.8282465243740778,0.8013203029947075,0.47089090896331626,0.4304370077502864,1891,1.0,True,,False,False,False,64,6400
BG_0179,Background,Background,MG1655,2465600,2478400,2472000.0,MG1655:19,0,0.5885467736993503,0.5176319683000643,0.8272312566170712,0.8400101750482841,0.5977475501565659,0.5510504479774703,1891,1.0,True,,False,False,False,64,6400
BG_0180,Background,Background,MG1655,2494400,2507200,2500800.0,MG1655:19,0,0.5410331425285915,0.46516148398733076,0.8406374858687482,0.8233165996067797,0.5476552030239905,0.5002685702778393,1891,1.0,True,,False,False,False,64,6400
BG_0181,Background,Background,MG1655,2508800,2521600,2515200.0,MG1655:19,0,0.7949473689240971,0.8453683363477126,0.8799901458791695,0.5191141113485307,0.7991683267894669,0.8467654193283565,1891,1.0,True,,True,True,True,64,6400
BG_0182,Background,Background,MG1655,2513600,2526400,2520000.0,MG1655:19,0,0.7968342045364066,0.7464929993288486,0.923794080966648,0.5339497716333182,0.799087256292146,0.7451312744729146,1891,1.0,True,,False,False,False,64,6400
BG_0183,Background,Background,MG1655,2545600,2558400,2552000.0,MG1655:19,0,0.3183566691224383,0.2892772425781313,0.8172748819989548,0.9000012171981855,0.37132562010131764,0.3613126295600197,1891,1.0,True,,False,False,False,64,6400
BG_0184,Background,Background,MG1655,2566400,2579200,2572800.0,MG1655:20,0,0.6149035322877062,0.29570967974123524,0.8069922484698188,0.873323687886021,0.700505746850679,0.41316585556031515,1891,1.0,True,,False,False,False,64,6400
BG_0185,Background,Background,MG1655,2571200,2584000,2577600.0,MG1655:20,0,0.3790112560685376,0.25917724001542936,0.7758852789224967,0.9430022657634614,0.47943294736047487,0.3624060885646742,1891,1.0,True,,False,False,False,64,6400
BG_0186,Background,Background,MG1655,2576000,2588800,2582400.0,MG1655:20,0,0.3743893048135736,0.22778193405683966,0.7388723691275294,0.9505859444920735,0.5019056019692852,0.34633847378655924,1891,1.0,True,,False,False,False,64,6400
BG_0187,Background,Background,MG1655,2580800,2593600,2587200.0,MG1655:20,0,0.31866301943181546,0.2836627652497874,0.7702546072900337,0.9200387560677917,0.39745702103256764,0.3748214275354903,1891,1.0,True,,False,False,False,64,6400
BG_0188,Background,Background,MG1655,2585600,2598400,2592000.0,MG1655:20,0,0.5873511499813886,0.4346869422501622,0.8526339581822695,0.8513624864665795,0.5939947398279102,0.4740724748168744,1891,1.0,True,,False,False,False,64,6400
BG_0189,Background,Background,MG1655,2590400,2603200,2596800.0,MG1655:20,0,0.6447567987348731,0.66032551211693,0.9056354129295955,0.6057515061879007,0.6468009246326234,0.6648254492032865,1891,1.0,True,,False,False,False,64,6400
BG_0190,Background,Background,MG1655,2595200,2608000,2601600.0,MG1655:20,0,0.676031847895065,0.6135644944254538,0.8795852717738026,0.6278924417434197,0.6784738586903346,0.6303192988314463,1891,1.0,True,,False,False,False,64,6400
BG_0191,Background,Background,MG1655,2600000,2612800,2606400.0,MG1655:20,0,0.3864056065825226,0.24520737100557957,0.7417730903318718,0.9662491872068271,0.5227931274843665,0.364392690921353,1891,1.0,True,,False,False,False,64,6400
BG_0192,Background,Background,MG1655,2604800,2617600,2611200.0,MG1655:20,0,0.35054143084197065,0.24001239997753535,0.7423972060153993,0.9366387574808462,0.48860267572908167,0.3597020469877904,1891,1.0,True,,False,False,False,64,6400
BG_0193,Background,Background,MG1655,2609600,2622400,2616000.0,MG1655:20,0,0.3842124253305015,0.36377567295260016,0.8334084437348122,0.8857120721698266,0.40087737120042616,0.40151573353350445,1891,1.0,True,,False,False,False,64,6400
BG_0194,Background,Background,MG1655,2614400,2627200,2620800.0,MG1655:20,0,0.34430129941898424,0.3048017989241294,0.7852262949023646,0.9136296708818626,0.38678610694350846,0.3721273267627289,1891,1.0,True,,False,False,False,64,6400
BG_0195,Background,Background,MG1655,2664000,2676800,2670400.0,MG1655:20,0,0.3319602759600591,0.22495829655028546,0.7313352687073413,0.9473042006261859,0.4600405503670018,0.33982480391093295,1891,1.0,True,,False,False,False,64,6400
BG_0196,Background,Background,MG1655,2668800,2681600,2675200.0,MG1655:20,0,0.4018071014568265,0.25830525380834873,0.7365279177332653,0.944544556601489,0.5324448279968677,0.37332336475302424,1891,1.0,True,,False,False,False,64,6400
BG_0197,Background,Background,MG1655,2712000,2724800,2718400.0,MG1655:21,0,0.6147746610029096,0.5808822769582098,0.8843251529639501,0.674478351031718,0.6161214315221281,0.5897489321533875,1891,1.0,True,,False,False,False,64,6400
BG_0198,Background,Background,MG1655,2716800,2729600,2723200.0,MG1655:21,0,0.7142585894258633,0.6599970833272861,0.9396597710244169,0.5877833131962876,0.7315762248805113,0.7063490536221927,1891,1.0,True,,True,True,True,64,6400
BG_0199,Background,Background,MG1655,2721600,2734400,2728000.0,MG1655:21,0,0.9121579967936815,0.865407359422546,0.9165529340068407,147338755669.68887,0.9209396299221522,0.8860375028354116,1891,1.0,True,,True,True,True,64,6400
BG_0200,Background,Background,MG1655,2726400,2739200,2732800.0,MG1655:21,0,0.7912722832348859,0.8696298061366993,0.881623170870977,0.4396516517239188,0.7986638385585526,0.8695546765708403,1891,1.0,True,,True,True,True,64,6400
BG_0201,Background,Background,MG1655,2731200,2744000,2737600.0,MG1655:21,0,0.9137783026457883,0.7769556400256107,0.9600045155124978,0.4880582129318008,0.9150586878266775,0.77323685279653,1891,1.0,True,,False,False,False,64,6400
BG_0202,Background,Background,MG1655,2736000,2748800,2742400.0,MG1655:21,0,0.42293885035004797,0.42345347894903584,0.8677626796339367,0.8464681983336169,0.42705554184605593,0.4362363855865291,1891,1.0,True,,False,False,False,64,6400
BG_0203,Background,Background,MG1655,2740800,2753600,2747200.0,MG1655:21,0,0.5777938647560122,0.49088574948543445,0.9261339406143569,0.8032391602084226,0.5923943978361521,0.5159002364290091,1891,1.0,True,,False,False,False,64,6400
BG_0204,Background,Background,MG1655,2816000,2828800,2822400.0,MG1655:22,0,0.46033553369740715,0.43006926506147913,0.8551079149448425,0.8754264612434051,0.4687042436965837,0.4604418847978616,1891,1.0,True,,False,False,False,64,6400
BG_0205,Background,Background,MG1655,2820800,2833600,2827200.0,MG1655:22,0,0.8518598639731452,0.7887825628163716,0.9441210375921424,0.4737688569533639,0.8528253612044719,0.7899781954810601,1891,1.0,True,,False,False,False,64,6400
BG_0206,Background,Background,MG1655,2825600,2838400,2832000.0,MG1655:22,0,0.7791372544477077,0.5986145568187282,0.8992107349729939,0.6347828918325271,0.7836405499547145,0.641704223442048,1891,1.0,True,,False,False,False,64,6400
BG_0207,Background,Background,MG1655,2840000,2852800,2846400.0,MG1655:22,0,0.6210088094865437,0.29319503594486396,0.8063091686594004,0.8594903562108185,0.7042743654624932,0.4122253367902527,1891,1.0,True,,False,False,False,64,6400
BG_0208,Background,Background,MG1655,2844800,2857600,2851200.0,MG1655:22,0,0.540129691301237,0.377013899343771,0.8142816635680789,0.8088418925142016,0.6097228840926856,0.47060901890819157,1891,1.0,True,,False,False,False,64,6400
BG_0209,Background,Background,MG1655,2849600,2862400,2856000.0,MG1655:22,0,0.4437742800122156,0.2726490212466687,0.7654095701607696,0.9242534088694854,0.5569525627311875,0.38523801608732006,1891,1.0,True,,False,False,False,64,6400
BG_0210,Background,Background,MG1655,2884800,2897600,2891200.0,MG1655:22,0,0.4732234868834847,0.330536793030876,0.7801433059326449,0.8841304043889276,0.5609885524258873,0.4294225121558022,1891,1.0,True,,False,False,False,64,6400
BG_0211,Background,Background,MG1655,2944000,2956800,2950400.0,MG1655:23,0,0.46431994196619975,0.3128069272657497,0.793706563420224,0.8999913049655124,0.5238961678870996,0.40494490093890495,1891,1.0,True,,False,False,False,64,6400
BG_0212,Background,Background,MG1655,2948800,2961600,2955200.0,MG1655:23,0,0.3979991484747994,0.33441150269832554,0.7961281409786599,0.8093910305520748,0.47563677956868305,0.42323477538026955,1891,1.0,True,,False,False,False,64,6400
BG_0213,Background,Background,MG1655,2969600,2982400,2976000.0,MG1655:23,0,0.2999659605673961,0.2810486604873559,0.8184276930829798,0.874968710275856,0.36542845619104825,0.36023724752782355,1891,1.0,True,,False,False,False,64,6400
BG_0214,Background,Background,MG1655,3017600,3030400,3024000.0,MG1655:23,0,0.33443879613257615,0.20787214825221734,0.7298338277471744,1.0040631510876787,0.48493816897434827,0.33042103408431855,1891,1.0,True,,False,False,False,64,6400
BG_0215,Background,Background,MG1655,3027200,3040000,3033600.0,MG1655:23,0,0.31582598474381485,0.29522346798143956,0.8240505306542926,0.912778110491778,0.35680836151162165,0.3546889205554805,1891,1.0,True,,False,False,False,64,6400
BG_0216,Background,Background,MG1655,3056000,3068800,3062400.0,MG1655:23,0,0.40518555025008357,0.3675471807967256,0.8068756728714992,0.8391628079406278,0.4570583638585281,0.43932422027133833,1891,1.0,True,,False,False,False,64,6400
BG_0217,Background,Background,MG1655,3080000,3092800,3086400.0,MG1655:24,0,0.3163417551593322,0.29801546960318126,0.8245105626748054,0.8840632651398981,0.36632739850758306,0.36571038884225093,1891,1.0,True,,False,False,False,64,6400
BG_0218,Background,Background,MG1655,3084800,3097600,3091200.0,MG1655:24,0,0.3663959731944563,0.3314139406086849,0.8153384867438662,0.830034054482709,0.42774714403716624,0.408913843854715,1891,1.0,True,,False,False,False,64,6400
BG_0219,Background,Background,MG1655,3089600,3102400,3096000.0,MG1655:24,0,0.2873863133017606,0.27425893207990554,0.799822139179869,0.9158206902812983,0.3443971383511978,0.35068675119891574,1891,1.0,True,,False,False,False,64,6400
BG_0220,Background,Background,MG1655,3094400,3107200,3100800.0,MG1655:24,0,0.4082154465645727,0.36072097862114594,0.8104800523759057,0.8456779638406207,0.46100916175940376,0.43424834910764937,1891,1.0,True,,False,False,False,64,6400
BG_0221,Background,Background,MG1655,3108800,3121600,3115200.0,MG1655:24,0,0.4455766169803937,0.2923203465624848,0.7580762089118823,0.9259677231694428,0.5623234431637849,0.40176825830302276,1891,1.0,True,,False,False,False,64,6400
BG_0222,Background,Background,MG1655,3123200,3136000,3129600.0,MG1655:24,0,0.6678983046672081,0.6246551820568689,0.797854640440131,0.6466868662793167,0.7384941374110677,0.6810845136512371,1891,1.0,True,,True,True,True,64,6400
BG_0223,Background,Background,MG1655,3128000,3140800,3134400.0,MG1655:24,0,0.5354474522258569,0.39109310767637084,0.7883405401100844,0.9188227569568649,0.5770644646991568,0.4671799756160279,1891,1.0,True,,False,False,False,64,6400
BG_0224,Background,Background,MG1655,3132800,3145600,3139200.0,MG1655:24,0,0.37641108362822284,0.29511905622844986,0.812612869166941,0.8406594619203368,0.43491897033372406,0.373462611927444,1891,1.0,True,,False,False,False,64,6400
BG_0225,Background,Background,MG1655,3137600,3150400,3144000.0,MG1655:24,0,0.391079991947522,0.39945634949125297,0.8873045628694176,0.8436417806312214,0.3934787708271409,0.4045575311861562,1891,1.0,True,,False,False,False,64,6400
BG_0226,Background,Background,MG1655,3152000,3164800,3158400.0,MG1655:24,0,0.2954585699527359,0.2171698256707048,0.7509337625549791,0.9752366971769387,0.4019298029426881,0.3248651932010427,1891,1.0,True,,False,False,False,64,6400
BG_0227,Background,Background,MG1655,3156800,3169600,3163200.0,MG1655:24,0,0.3774262998794939,0.3449119705484156,0.8348631425115577,0.8058124555895795,0.4194153858086057,0.4055444671217793,1891,1.0,True,,False,False,False,64,6400
BG_0228,Background,Background,MG1655,3161600,3174400,3168000.0,MG1655:24,0,0.3062288742656645,0.2708694756335525,0.7850126120069735,0.9311550788216421,0.40536812016618906,0.368267852551621,1891,1.0,True,,False,False,False,64,6400
BG_0229,Background,Background,MG1655,3166400,3179200,3172800.0,MG1655:24,0,0.6535924751768656,0.5384318737671174,0.8621746528034879,0.763102543946207,0.6601891511234246,0.5795466173973259,1891,1.0,True,,False,False,False,64,6400
BG_0230,Background,Background,MG1655,3208000,3220800,3214400.0,MG1655:25,0,0.395885217305171,0.2555042466524618,0.8302318740488623,0.9581118540950689,0.4411178647217575,0.3381873669020505,1891,1.0,True,,False,False,False,64,6400
BG_0231,Background,Background,MG1655,3212800,3225600,3219200.0,MG1655:25,0,0.32279938552366605,0.24593643480179214,0.758478075879566,0.9515739307337245,0.4251361144647489,0.3502323035937317,1891,1.0,True,,False,False,False,64,6400
BG_0232,Background,Background,MG1655,3228800,3241600,3235200.0,MG1655:25,0,0.524515226570858,0.44087841330265193,0.8203944325530249,0.8182059683837245,0.5478505417044702,0.49630454368479393,1891,1.0,True,,False,False,False,64,6400
BG_0233,Background,Background,MG1655,3233600,3246400,3240000.0,MG1655:25,0,0.5611244975992772,0.4752364601959635,0.8869441792084478,0.839439394825215,0.5619502469917543,0.4829732320364673,1891,1.0,True,,False,False,False,64,6400
BG_0234,Background,Background,MG1655,3238400,3251200,3244800.0,MG1655:25,0,0.6230959256644786,0.48167275036758284,0.9087980557995062,0.8730985316367359,0.6258574183776742,0.4819347556088078,1891,1.0,True,,False,False,False,64,6400
BG_0235,Background,Background,MG1655,3243200,3256000,3249600.0,MG1655:25,0,0.5265850514234081,0.5265242226072065,0.8833054512282429,0.7657988928685324,0.5280252111560718,0.5296576789753045,1891,1.0,True,,False,False,False,64,6400
BG_0236,Background,Background,MG1655,3248000,3260800,3254400.0,MG1655:25,0,0.3228690180577267,0.31649565016286135,0.8260189081333084,0.9371722593319908,0.3391626296104313,0.34821475134549273,1891,1.0,True,,False,False,False,64,6400
BG_0237,Background,Background,MG1655,3289600,3302400,3296000.0,MG1655:25,0,0.4236298227749542,0.41255630642328756,0.8750915797966586,0.7881955411156283,0.4291635913150804,0.4278234393647288,1891,1.0,True,,False,False,False,64,6400
BG_0238,Background,Background,MG1655,3294400,3307200,3300800.0,MG1655:25,0,0.48034162164904354,0.41945226018476417,0.8414145542835803,0.7885001305892343,0.5138182489080536,0.47874093155596653,1891,1.0,True,,False,False,False,64,6400
BG_0239,Background,Background,MG1655,3299200,3312000,3305600.0,MG1655:25,0,0.888792388270282,0.7355922722345968,0.93985921958315,0.5218362564080703,0.8889790082123077,0.7571603890123403,1891,1.0,True,,False,False,False,64,6400
BG_0240,Background,Background,MG1655,3304000,3316800,3310400.0,MG1655:25,0,0.8946197530317772,0.8340266417404885,0.9643979100005178,0.4049350852872419,0.8988642501305211,0.8370366253355885,1891,1.0,True,,False,False,False,64,6400
BG_0241,Background,Background,MG1655,3331200,3344000,3337600.0,MG1655:26,0,0.35327601869159564,0.3774701634151935,0.8930142507789307,0.9130574522844834,0.3650522123132813,0.39176700093371153,1891,1.0,True,,False,False,False,64,6400
BG_0242,Background,Background,MG1655,3336000,3348800,3342400.0,MG1655:26,0,0.41642960315161404,0.42383146069034305,0.9098825287721233,0.8567966956433793,0.43760924411468843,0.451560294981474,1891,1.0,True,,False,False,False,64,6400
BG_0243,Background,Background,MG1655,3340800,3353600,3347200.0,MG1655:26,0,0.6282480572052158,0.6340037589969454,0.9532214806544251,0.6302875603473005,0.6726558091362642,0.6885763938386414,1891,1.0,True,,False,False,False,64,6400
BG_0244,Background,Background,MG1655,3345600,3358400,3352000.0,MG1655:26,0,0.8042972728929739,0.7964794121419067,0.9542217867252321,0.48064170781031573,0.8176696884279226,0.820304574053883,1891,1.0,True,,False,False,False,64,6400
BG_0245,Background,Background,MG1655,3385600,3398400,3392000.0,MG1655:26,0,0.49511696427689944,0.4986332453637011,0.8850809265836278,0.7741770167472778,0.5004494256736398,0.5029596399344572,1891,1.0,True,,False,False,False,64,6400
BG_0246,Background,Background,MG1655,3390400,3403200,3396800.0,MG1655:26,0,0.2701941939004233,0.27471567220066234,0.8698789500989623,1.0072505743331952,0.2722268049888448,0.28271985989264947,1891,1.0,True,,False,False,False,64,6400
BG_0247,Background,Background,MG1655,3395200,3408000,3401600.0,MG1655:26,0,0.2726679102750597,0.29541022919416243,0.8564584184129977,0.9175455571244773,0.28081003884502953,0.31524018417735783,1891,1.0,True,,False,False,False,64,6400
BG_0248,Background,Background,MG1655,3414400,3427200,3420800.0,MG1655:26,0,0.3706672523978178,0.3716312916344928,0.7567198472074005,0.8946369895149402,0.4722645507163757,0.4518373178111501,1891,1.0,True,,True,True,True,64,6400
BG_0249,Background,Background,MG1655,3419200,3432000,3425600.0,MG1655:26,0,0.9698528345238756,0.9624264049356752,0.9705631441823642,31894155001.288906,0.9812950736591202,0.967971936385634,1891,1.0,True,,True,True,True,64,6400
BG_0250,Background,Background,MG1655,3424000,3436800,3430400.0,MG1655:26,0,0.919867433874024,0.9581622838728466,0.9487480841096986,0.34058569387041243,0.9208247792796148,0.9550519099523122,1891,1.0,True,,True,True,True,64,6400
BG_0251,Background,Background,MG1655,3456000,3468800,3462400.0,MG1655:27,0,0.4117383684325054,0.263971447343679,0.7746685172035382,0.9363373258367127,0.5269210042134316,0.37802777884133837,1891,1.0,True,,False,False,False,64,6400
BG_0252,Background,Background,MG1655,3460800,3473600,3467200.0,MG1655:27,0,0.3430732022845884,0.32709990354177354,0.8005071368185879,0.8628926602966529,0.4047360991120549,0.40145481522251947,1891,1.0,True,,True,True,True,64,6400
BG_0253,Background,Background,MG1655,3465600,3478400,3472000.0,MG1655:27,0,0.8112080415238647,0.8456717932950562,0.9205564652626429,0.3494769304959738,0.8141749601902452,0.8465904318401622,1891,1.0,True,,True,True,True,64,6400
BG_0254,Background,Background,MG1655,3470400,3483200,3476800.0,MG1655:27,0,0.48641460295773625,0.4672858101520759,0.8960857107816279,0.8102367309827118,0.4883807270299425,0.4693531865214531,1891,1.0,True,,False,False,False,64,6400
BG_0255,Background,Background,MG1655,3475200,3488000,3481600.0,MG1655:27,0,0.4292342451934376,0.3901006386558285,0.8350307581371251,0.8853052990018107,0.44970161242491513,0.4393239196720103,1891,1.0,True,,False,False,False,64,6400
BG_0256,Background,Background,MG1655,3480000,3492800,3486400.0,MG1655:27,0,0.8421144176562194,0.7943531361686448,0.9529645391695291,0.4581441080377613,0.8472807202298891,0.7945425458680103,1891,1.0,True,,False,False,False,64,6400
BG_0257,Background,Background,MG1655,3494400,3507200,3500800.0,MG1655:27,0,0.45291061068167393,0.3495457806006176,0.8199572543973093,0.7973266650244684,0.5156804943313987,0.4314624364034139,1891,1.0,True,,False,False,False,64,6400
BG_0258,Background,Background,MG1655,3508800,3521600,3515200.0,MG1655:27,0,0.5112042728901656,0.48763517257014044,0.9136837038398979,0.791194562143159,0.5212214919908227,0.49547300733095184,1891,1.0,True,,False,False,False,64,6400
BG_0259,Background,Background,MG1655,3513600,3526400,3520000.0,MG1655:27,0,0.5851017150101837,0.525560230469217,0.8732237044651334,0.72762924535224,0.5890356390344084,0.5438551798806737,1891,1.0,True,,False,False,False,64,6400
BG_0260,Background,Background,MG1655,3518400,3531200,3524800.0,MG1655:27,0,0.35647577260951346,0.3626048815564428,0.8417857497083948,0.832005018743437,0.3880265137608732,0.4151814680967355,1891,1.0,True,,False,False,False,64,6400
BG_0261,Background,Background,MG1655,3523200,3536000,3529600.0,MG1655:27,0,0.4238538420207576,0.3856062623891921,0.8592902196405647,0.9431727412235629,0.42601893292886245,0.4026086227526239,1891,1.0,True,,False,False,False,64,6400
BG_0262,Background,Background,MG1655,3528000,3540800,3534400.0,MG1655:27,0,0.8664244119562637,0.8387159900408864,0.9640938543258096,0.3944844004105217,0.8740861229683909,0.8492572072441551,1891,1.0,True,,False,False,False,64,6400
BG_0263,Background,Background,MG1655,3532800,3545600,3539200.0,MG1655:27,0,0.5285577110993733,0.4901142149524403,0.8583751707934321,0.7544019369105553,0.5442218584436582,0.5299115150467394,1891,1.0,True,,False,False,False,64,6400
BG_0264,Background,Background,MG1655,3556800,3569600,3563200.0,MG1655:27,0,0.20564339666400733,0.21695521104826673,0.8391069227194111,0.9791741272434683,0.22490467469347342,0.2555324201608023,1891,1.0,True,,False,False,False,64,6400
BG_0265,Background,Background,MG1655,3561600,3574400,3568000.0,MG1655:27,0,0.21912259008908905,0.22640067673092276,0.8928876401884425,0.9943753806472984,0.22633401104443945,0.2376728501025585,1891,1.0,True,,False,False,False,64,6400
BG_0266,Background,Background,MG1655,3566400,3579200,3572800.0,MG1655:27,0,0.44007227414208594,0.43964261906191016,0.9014664730858722,0.8600350850998605,0.44278830979792805,0.4413990039724384,1891,1.0,True,,False,False,False,64,6400
BG_0267,Background,Background,MG1655,3585600,3598400,3592000.0,MG1655:28,0,0.4793127177788426,0.29370006164667256,0.803458995394828,0.8969893744746146,0.5627838094277157,0.4008738482913816,1891,1.0,True,,False,False,False,64,6400
BG_0268,Background,Background,MG1655,3590400,3603200,3596800.0,MG1655:28,0,0.44495478580647585,0.44359260017507834,0.8392725662185461,0.7834839592883585,0.46416634257418754,0.4836891181349272,1891,1.0,True,,False,False,False,64,6400
BG_0269,Background,Background,MG1655,3595200,3608000,3601600.0,MG1655:28,0,0.7757289814463081,0.6916249814533189,0.9499069036997655,0.5785477714890139,0.7855714397446136,0.7083773275490106,1891,1.0,True,,False,False,False,64,6400
BG_0270,Background,Background,MG1655,3600000,3612800,3606400.0,MG1655:28,0,0.37833039974148175,0.37006705349294694,0.8949483061750888,0.8684109195542519,0.38241805893108793,0.3767577998746401,1891,1.0,True,,False,False,False,64,6400
BG_0271,Background,Background,MG1655,3614400,3627200,3620800.0,MG1655:28,0,0.7868153799888057,0.7782623930970537,0.8135967637461483,180762043542.9064,0.835737417414722,0.8131703328385602,1891,1.0,True,,True,True,True,64,6400
BG_0272,Background,Background,MG1655,3675200,3688000,3681600.0,MG1655:28,0,0.5426047824126773,0.4901979542013024,0.8930466393393793,0.7990751089540079,0.5430750301359644,0.4917896356249463,1891,1.0,True,,False,False,False,64,6400
BG_0273,Background,Background,MG1655,3680000,3692800,3686400.0,MG1655:28,0,0.5914354899596007,0.5360140833484874,0.8674777279629269,0.6864576723216029,0.6039936266885781,0.5712640664205014,1891,1.0,True,,False,False,False,64,6400
BG_0274,Background,Background,MG1655,3684800,3697600,3691200.0,MG1655:28,0,0.5006997107415692,0.2763875471825321,0.809001239243089,0.9084076712158374,0.5853691598438204,0.3905636418871592,1891,1.0,True,,False,False,False,64,6400
BG_0275,Background,Background,MG1655,3689600,3702400,3696000.0,MG1655:28,0,0.5242505863801459,0.5061387819646496,0.8647913534992877,0.7201446488121547,0.5367744829544907,0.5376988972595663,1891,1.0,True,,False,False,False,64,6400
BG_0276,Background,Background,MG1655,3694400,3707200,3700800.0,MG1655:28,0,0.4072568832799036,0.39200651075143306,0.8491084584524565,0.8198523701454109,0.43310052972104235,0.43946956880695265,1891,1.0,True,,False,False,False,64,6400
BG_0277,Background,Background,MG1655,3699200,3712000,3705600.0,MG1655:28,0,0.8386069939100972,0.7394289992233956,0.9395291684593359,0.5444280945523717,0.8397956324416775,0.7365391884067514,1891,1.0,True,,False,False,False,64,6400
BG_0278,Background,Background,MG1655,3747200,3760000,3753600.0,MG1655:29,0,0.29462223844946533,0.2630590623651546,0.8024395674310109,0.8891206398415926,0.35443679783380566,0.3429999957771468,1891,1.0,True,,False,False,False,64,6400
BG_0279,Background,Background,MG1655,3752000,3764800,3758400.0,MG1655:29,0,0.4540479184236753,0.3147658141264775,0.8100686169163112,0.8647288886413641,0.5359190616687837,0.414120536322503,1891,1.0,True,,False,False,False,64,6400
BG_0280,Background,Background,MG1655,3771200,3784000,3777600.0,MG1655:29,0,0.43550182383370295,0.42044840324493676,0.8616176716468407,0.7433811553412719,0.4525987447843504,0.4532905816014534,1891,1.0,True,,False,False,False,64,6400
BG_0281,Background,Background,MG1655,3776000,3788800,3782400.0,MG1655:29,0,0.6739312090265931,0.6252311759278986,0.9142635398990712,0.6263908619510604,0.6749143419167618,0.6250979029599084,1891,1.0,True,,False,False,False,64,6400
BG_0282,Background,Background,MG1655,3809600,3822400,3816000.0,MG1655:29,0,0.4030901228433594,0.34327760265920765,0.8464076835670967,0.848254259472115,0.43261679160508937,0.4017936431664986,1891,1.0,True,,False,False,False,64,6400
BG_0283,Background,Background,MG1655,3814400,3827200,3820800.0,MG1655:29,0,0.5004777354644164,0.46094604115281784,0.886539418231266,0.788619828653752,0.5021426566199381,0.47222360416960707,1891,1.0,True,,False,False,False,64,6400
BG_0284,Background,Background,MG1655,3819200,3832000,3825600.0,MG1655:29,0,0.5192831438885835,0.4696293412462541,0.8824470792685535,0.8024962026783597,0.5205734908347188,0.48546147661573713,1891,1.0,True,,False,False,False,64,6400
BG_0285,Background,Background,MG1655,3844800,3857600,3851200.0,MG1655:30,0,0.5795521726868084,0.4720352548940527,0.8657998735928527,0.7327947514587323,0.5897319681382507,0.5134268353418784,1891,1.0,True,,False,False,False,64,6400
BG_0286,Background,Background,MG1655,3849600,3862400,3856000.0,MG1655:30,0,0.7727093111718562,0.5902701571860168,0.9112130482698905,0.7280996597928879,0.77309285971972,0.6045104428425074,1891,1.0,True,,False,False,False,64,6400
BG_0287,Background,Background,MG1655,3876800,3889600,3883200.0,MG1655:30,0,0.511558298276514,0.5152271036349383,0.926550004095547,0.7348008871401288,0.5304536252314004,0.5391546398823817,1891,1.0,True,,False,False,False,64,6400
BG_0288,Background,Background,MG1655,3886400,3899200,3892800.0,MG1655:30,0,0.9730978640666703,0.8212432315621622,0.9822878041242616,0.568263327578305,0.9734225490276407,0.8174974047741003,1891,1.0,True,,False,False,False,64,6400
BG_0289,Background,Background,MG1655,3928000,3940800,3934400.0,MG1655:30,0,0.7729801200643468,0.780779504897503,0.9385565221991099,0.46437624447345904,0.7786730655685237,0.7796869540675687,1891,1.0,True,,False,False,False,64,6400
BG_0290,Background,Background,MG1655,3932800,3945600,3939200.0,MG1655:30,0,0.7858721384076308,0.8002457772725882,0.9185212726898191,0.4198116402218298,0.7891204576447624,0.8014629662322633,1891,1.0,True,,True,True,True,64,6400
BG_0291,Background,Background,MG1655,3937600,3950400,3944000.0,MG1655:30,0,0.8691555762004284,0.8145198372997543,0.8719012925684648,163352159196.46753,0.8813384283693901,0.8474893484370598,1891,1.0,True,,True,True,True,64,6400
BG_0292,Background,Background,MG1655,3952000,3964800,3958400.0,MG1655:30,0,0.4271039007832259,0.27830160427513634,0.8402391058699911,0.9102599293821356,0.46405099892532986,0.35822841827986923,1891,1.0,True,,False,False,False,64,6400
BG_0293,Background,Background,MG1655,3968000,3980800,3974400.0,MG1655:31,0,0.30704822091643147,0.29659056432566216,0.8455114753627562,0.946344782502194,0.33182975818251315,0.34714822799557726,1891,1.0,True,,False,False,False,64,6400
BG_0294,Background,Background,MG1655,3972800,3985600,3979200.0,MG1655:31,0,0.4558139570766837,0.3087762064390301,0.8587236706261808,0.9913347748328832,0.46044692182214453,0.3395721086526319,1891,1.0,True,,False,False,False,64,6400
BG_0295,Background,Background,MG1655,4028800,4041600,4035200.0,MG1655:31,0,0.9240821740395101,0.963353909253943,0.94069284664211,1.0715593318740175,0.928727486370928,0.965301533902913,1891,1.0,True,,True,True,True,64,6400
BG_0296,Background,Background,MG1655,4033600,4046400,4040000.0,MG1655:31,0,0.8606785768188208,0.9036333813091715,0.8806773034098797,155263249588.61447,0.8906905350194472,0.9123941022012039,1891,1.0,True,,True,True,True,64,6400
BG_0297,Background,Background,MG1655,4038400,4051200,4044800.0,MG1655:31,0,0.3038262784694939,0.26322607625415106,0.8287333679326965,0.9855526285578221,0.3201766964977706,0.3083943219901489,1891,1.0,True,,False,False,False,64,6400
BG_0298,Background,Background,MG1655,4043200,4056000,4049600.0,MG1655:31,0,0.38643778555474023,0.3976312849835918,0.8675521832536568,0.8212769238568611,0.3926473655638404,0.41381919210541895,1891,1.0,True,,False,False,False,64,6400
BG_0299,Background,Background,MG1655,4048000,4060800,4054400.0,MG1655:31,0,0.4679060894407405,0.4437458220482646,0.8789409916599095,0.8251549301996018,0.47070212658262656,0.45662230780020213,1891,1.0,True,,False,False,False,64,6400
BG_0300,Background,Background,MG1655,4065600,4078400,4072000.0,MG1655:31,0,0.40342960289236146,0.3729069606193504,0.8409039896794129,0.9182393852430714,0.42345104909889575,0.41975612396576145,1891,1.0,True,,False,False,False,64,6400
BG_0301,Background,Background,MG1655,4080000,4092800,4086400.0,MG1655:31,0,0.5703192409515694,0.5456263593293226,0.9070062552485937,0.6815568714901625,0.5735510850593244,0.5492329316749804,1891,1.0,True,,False,False,False,64,6400
BG_0302,Background,Background,MG1655,4096000,4108800,4102400.0,MG1655:32,0,0.3885370419147674,0.37012180760611163,0.8435608995498705,0.8322257731097646,0.41573143482462727,0.4189351183685613,1891,1.0,True,,False,False,False,64,6400
BG_0303,Background,Background,MG1655,4100800,4113600,4107200.0,MG1655:32,0,0.516782707491023,0.4567135796213033,0.8919285625331187,0.7911750712482384,0.5188041322680786,0.46715155324239094,1891,1.0,True,,False,False,False,64,6400
BG_0304,Background,Background,MG1655,4121600,4134400,4128000.0,MG1655:32,0,0.4225132222986072,0.3557903087541544,0.8382346446575494,0.8107354137775479,0.4659269520640879,0.4261262085318381,1891,1.0,True,,False,False,False,64,6400
BG_0305,Background,Background,MG1655,4136000,4148800,4142400.0,MG1655:32,0,0.42532030205664945,0.28307566218145525,0.8093508892393129,0.8738429637768413,0.5097191979950313,0.3893152443233979,1891,1.0,True,,False,False,False,64,6400
BG_0306,Background,Background,MG1655,4150400,4163200,4156800.0,MG1655:32,0,0.3820045913284411,0.3675187602941297,0.822378269069522,0.8416535178174602,0.42376185520658605,0.4304584725489216,1891,1.0,True,,False,False,False,64,6400
BG_0307,Background,Background,MG1655,4155200,4168000,4161600.0,MG1655:32,0,0.5244703895196048,0.4802140270536293,0.9053644201177922,0.8102014520671502,0.5300866779734241,0.4844515529460383,1891,1.0,True,,False,False,False,64,6400
BG_0308,Background,Background,MG1655,4160000,4172800,4166400.0,MG1655:32,0,0.8925225059371196,0.9532577462534902,0.9165179331148655,0.5729759219592515,0.8991162276789395,0.9565613779767083,1891,1.0,True,,True,True,True,64,6400
BG_0309,Background,Background,MG1655,4164800,4177600,4171200.0,MG1655:32,0,0.8904761908860213,0.9208337733819668,0.906753818802206,181801580942.39877,0.905656440293622,0.9299556079780221,1891,1.0,True,,True,True,True,64,6400
BG_0310,Background,Background,MG1655,4169600,4182400,4176000.0,MG1655:32,0,0.9012805594807983,0.9069336172330837,0.9552850298648169,0.29156419441027515,0.9033540442679548,0.914206840036349,1891,1.0,True,,True,True,True,64,6400
BG_0311,Background,Background,MG1655,4174400,4187200,4180800.0,MG1655:32,0,0.8432078362352676,0.8013211073531092,0.966163648635258,0.44944439295364297,0.8559472235508635,0.8263784059958919,1891,1.0,True,,False,False,False,64,6400
BG_0312,Background,Background,MG1655,4179200,4192000,4185600.0,MG1655:32,0,0.3358788185771058,0.3476859579036345,0.9339450447099711,0.9075480752123195,0.37832046581316936,0.40596465050643504,1891,1.0,True,,False,False,False,64,6400
BG_0313,Background,Background,MG1655,4184000,4196800,4190400.0,MG1655:32,0,0.6858906426931006,0.6364370194736737,0.902983167921424,0.5990626081009679,0.6865439228413568,0.6431249897016872,1891,1.0,True,,False,False,False,64,6400
BG_0314,Background,Background,MG1655,4188800,4201600,4195200.0,MG1655:32,0,0.46095377931860537,0.40583929269550073,0.8327883837840984,0.783760799255939,0.5047638951627579,0.47232167597455804,1891,1.0,True,,False,False,False,64,6400
BG_0315,Background,Background,MG1655,4193600,4206400,4200000.0,MG1655:32,0,0.44455991928307015,0.445803761477125,0.8837475417239228,0.8304878021815183,0.4461774746470597,0.45221376741135877,1891,1.0,True,,False,False,False,64,6400
BG_0316,Background,Background,MG1655,4198400,4211200,4204800.0,MG1655:32,0,0.5472303575993569,0.5104801065937249,0.8748138794032558,0.7430769640928709,0.5533298741225244,0.5298158557198608,1891,1.0,True,,False,False,False,64,6400
BG_0317,Background,Background,MG1655,4224000,4236800,4230400.0,MG1655:33,0,0.2999900718893024,0.29009125142807407,0.8344285188945021,0.9012929016770475,0.3302777707488208,0.34426611580311983,1891,1.0,True,,False,False,False,64,6400
BG_0318,Background,Background,MG1655,4228800,4241600,4235200.0,MG1655:33,0,0.39894524690850897,0.3445392107966446,0.8341259153209979,0.8575205676597685,0.448474624244519,0.41522333387054294,1891,1.0,True,,False,False,False,64,6400
BG_0319,Background,Background,MG1655,4233600,4246400,4240000.0,MG1655:33,0,0.8437445905124206,0.5181301177485994,0.9209260066612562,0.7939726577338254,0.8452686542255079,0.557686041813188,1891,1.0,True,,False,False,False,64,6400
BG_0320,Background,Background,MG1655,4284800,4297600,4291200.0,MG1655:33,0,0.5619814313708671,0.30808001706785393,0.8129547940742095,0.9223538049381408,0.6323094643296749,0.4160034529899677,1891,1.0,True,,False,False,False,64,6400
BG_0321,Background,Background,MG1655,4289600,4302400,4296000.0,MG1655:33,0,0.5738440101630629,0.5557590301525428,0.8395273924980239,0.6794092656558087,0.6033458963485494,0.5990531121079813,1891,1.0,True,,True,True,True,64,6400
BG_0322,Background,Background,MG1655,4294400,4307200,4300800.0,MG1655:33,0,0.4265258864551673,0.29106742687679393,0.7904554677054817,0.8927435748010506,0.5111200038302486,0.3933836108836095,1891,1.0,True,,False,False,False,64,6400
BG_0323,Background,Background,MG1655,4313600,4326400,4320000.0,MG1655:33,0,0.6992551898285606,0.3217020020915803,0.8486241845716822,0.8720698383107364,0.7468260195417846,0.4347711287641109,1891,1.0,True,,False,False,False,64,6400
BG_0324,Background,Background,MG1655,4318400,4331200,4324800.0,MG1655:33,0,0.63788702279705,0.4758652373959574,0.8263300576787855,0.7982236482033909,0.6903132856295601,0.5518797291536793,1891,1.0,True,,False,False,False,64,6400
BG_0325,Background,Background,MG1655,4323200,4336000,4329600.0,MG1655:33,0,0.4706851377954881,0.44283919921883225,0.8609434609081544,0.7860508757422298,0.48133557390989956,0.4711167667127873,1891,1.0,True,,False,False,False,64,6400
BG_0326,Background,Background,MG1655,4339200,4352000,4345600.0,MG1655:33,0,0.32736923317481115,0.34689752408492086,0.807850478912662,0.8635035375630066,0.37761462070787616,0.40965695625494547,1891,1.0,True,,False,False,False,64,6400
BG_0327,Background,Background,MG1655,4361600,4374400,4368000.0,MG1655:34,0,0.9715498560261924,0.9315787375748437,0.9871450581626092,0.23239135468387317,0.9727606994364182,0.9362598029507517,1891,1.0,True,,False,False,False,64,6400
BG_0328,Background,Background,MG1655,4366400,4379200,4372800.0,MG1655:34,0,0.7253280304343871,0.5936033886196314,0.9242395738003066,0.7101483287690159,0.7289956824634651,0.5931852416598213,1891,1.0,True,,False,False,False,64,6400
BG_0329,Background,Background,MG1655,4385600,4398400,4392000.0,MG1655:34,0,0.3828973350545048,0.36738389994956866,0.8898287092943784,0.8790069709192918,0.3879698052381183,0.3729002766290064,1891,1.0,True,,False,False,False,64,6400
BG_0330,Background,Background,MG1655,4390400,4403200,4396800.0,MG1655:34,0,0.46643222459885086,0.4046109833103566,0.8889370204553766,0.922367110212552,0.46749246879467055,0.4127702312607399,1891,1.0,True,,False,False,False,64,6400
BG_0331,Background,Background,MG1655,4395200,4408000,4401600.0,MG1655:34,0,0.7321488462732636,0.6972531008271456,0.9466223314823687,0.6178087505830996,0.7495657155964115,0.7294553265793938,1891,1.0,True,,False,False,False,64,6400
BG_0332,Background,Background,MG1655,4412800,4425600,4419200.0,MG1655:34,0,0.793174627861113,0.717726505938853,0.9104907111655672,0.6655086058208889,0.793516451287771,0.7306527822515448,1891,1.0,True,,False,False,False,64,6400
BG_0333,Background,Background,MG1655,4428800,4441600,4435200.0,MG1655:34,0,0.24246749448571753,0.2443616240048239,0.8133992895556266,0.9856889379742537,0.27092123075091007,0.29509560624485404,1891,1.0,True,,False,False,False,64,6400
BG_0334,Background,Background,MG1655,4443200,4456000,4449600.0,MG1655:34,0,0.4735050160161517,0.43866308774817636,0.8567685346301794,0.7689782350145098,0.49083839142075714,0.4778918772512019,1891,1.0,True,,False,False,False,64,6400
BG_0335,Background,Background,MG1655,4448000,4460800,4454400.0,MG1655:34,0,0.3989851794066474,0.3719412444737303,0.8398120761416905,0.8727141518204202,0.4272376911294138,0.4258376391235502,1891,1.0,True,,False,False,False,64,6400
BG_0336,Background,Background,MG1655,4452800,4465600,4459200.0,MG1655:34,0,0.4753292202538751,0.435355755943857,0.891412048444894,0.889755470420321,0.4769853605257447,0.4358352285433287,1891,1.0,True,,False,False,False,64,6400
BG_0337,Background,Background,MG1655,4457600,4470400,4464000.0,MG1655:34,0,0.9780914945868844,0.9588447093358845,0.9905327994572536,0.20354278407878862,0.9792219216041997,0.9622858996081046,1891,1.0,True,,False,False,False,64,6400
BG_0338,Background,Background,MG1655,4462400,4475200,4468800.0,MG1655:34,0,0.9257060479777403,0.833533307532656,0.9636584520652685,0.5310516836847116,0.9271626886293862,0.8287388245266262,1891,1.0,True,,False,False,False,64,6400
BG_0339,Background,Background,MG1655,4508800,4521600,4515200.0,MG1655:35,0,0.534356645948087,0.4921033701739383,0.8701729286208505,0.7534994335073992,0.5470922575880224,0.5288027943795979,1891,1.0,True,,False,False,False,64,6400
BG_0340,Background,Background,MG1655,4556800,4569600,4563200.0,MG1655:35,0,0.33241799768809627,0.27176316426960045,0.7957499957866994,0.8964536837597795,0.4103607988753318,0.36159573825069513,1891,1.0,True,,False,False,False,64,6400
BG_0341,Background,Background,MG1655,4561600,4574400,4568000.0,MG1655:35,0,0.2980188025600374,0.26186348580247076,0.7753388981814198,0.9774634012488872,0.3651946517020104,0.34796710230710454,1891,1.0,True,,False,False,False,64,6400
BG_0342,Background,Background,MG1655,4617600,4630400,4624000.0,MG1655:36,0,0.4412118212345911,0.3396874435970328,0.8237347259949336,0.8083172591162435,0.5055648641443111,0.4278870349098505,1891,1.0,True,,False,False,False,64,6400
BG_0343,Background,Background,MG1655,4622400,4635200,4628800.0,MG1655:36,0,0.4289207874329816,0.32024778735781934,0.8258391865371444,0.8456126602864925,0.4891700175609657,0.40835115644473724,1891,1.0,True,,False,False,False,64,6400
BG_0344,Background,Background,MG1655,4627200,4640000,4633600.0,MG1655:36,0,0.4815484680437634,0.4745243287151566,0.8793656399534722,0.7963367875573879,0.4841320950435841,0.4854039566367308,1891,1.0,True,,False,False,False,64,6400
