region_id,chrom,start,end,center,length_bp,representative_window_id,best_p,best_scale,best_branch,from_small_density,from_small_shape,from_medium_density,from_medium_shape,from_large_density,from_large_shape,n_support_channels,n_support_proposals,rep1_support,rep2_support,zero_axis_flag,known_center_overlap,known_interval_overlap,known_types,known_structure_ids,support_channels,known_overlap,cnn_replicate_cosine,small_replicate_cosine,medium_replicate_cosine,large_replicate_cosine,fused_replicate_cosine,padded_any_replicate,cluster_id,membership_probability,outlier_score,nearest_known_id,nearest_known_type,nearest_known_distance,nearest_CHIN_distance,nearest_OPCID_distance,nearest_CHID_distance,candidate_status,cluster_annotation,novel_like_cluster_candidate,representative_distance,candidate_id,primary_window_bp,primary_pearson,primary_spearman,primary_cosine,primary_nrmse,primary_full_upper_pearson,primary_full_upper_spearman,primary_n_valid_pixels,primary_finite_fraction,primary_correlation_valid,primary_invalid_reason,primary_rep1_zero_axis,primary_rep2_zero_axis,primary_artifact_warning,primary_matrix_bins,canonical_pearson,canonical_spearman,canonical_cosine,canonical_nrmse,canonical_full_upper_pearson,canonical_full_upper_spearman,canonical_n_valid_pixels,canonical_finite_fraction,canonical_correlation_valid,canonical_invalid_reason,canonical_rep1_zero_axis,canonical_rep2_zero_axis,canonical_artifact_warning,canonical_matrix_bins,n_valid_pixels,finite_fraction,correlation_valid,invalid_reason,rep1_zero_axis,rep2_zero_axis,artifact_warning,candidate_pool,pearson_floor,spearman_floor,reproducible_by_known_floor,strict_novel_candidate,final_status,evidence_note
FREG_647ab946884b4026,MG1655,230800,234000,232400,3200,WIN_small_d274d07f5b7f007f,0.0331618117242386,small,shape,False,True,False,False,False,False,1,1,1,1,False,False,False,,,small_shape,False,0.1630992175541273,0.9605899086811436,0.9771829034484218,0.997808210630986,0.9326579215145993,False,-1,0.0,,CHIN_d45c7c6f4a11fa68,CHIN,8.046411657775446,8.046411657775446,13.213219611767943,13.347381737010762,noise,noise,False,,FREG_647ab946884b4026,3200,0.36635650344261556,0.40213939874761095,0.8977751996109223,0.9634258633076631,0.37885760686579956,0.4288445763388547,435,1.0,True,,False,False,False,32,0.36600618054518463,0.3531149097507873,0.8370784089843595,0.9191617984463202,0.37925625382617983,0.38403258119228934,1891,1.0,True,,False,False,False,64,435,1.0,True,,False,False,False,UNANNOTATED_NOISE,0.31186150698910403,0.27573844201209236,True,False,UNANNOTATED_NOISE_REPRODUCIBLE,"Reproducible unclustered candidate, not a new structure class."
FREG_b281c30546d2f2dd,MG1655,606400,612800,609600,6400,WIN_medium_2074db0063e642ec,0.0080187537387447,medium,shape,False,False,False,True,False,False,1,1,1,1,True,False,False,,,medium_shape,False,0.9518126119882812,0.9999443593766516,0.9950747035341848,0.9816469951647327,0.9942424808019004,False,-1,0.0,,CHIN_a8c0513faced91e6,CHIN,10.05508387354066,10.05508387354066,24.30526130835603,13.496913646900774,noise,noise,False,,FREG_b281c30546d2f2dd,6400,0.5408941374671722,0.596469439723059,0.7068016671097667,0.7920363271985152,0.6356933872455957,0.6526663957259204,1891,1.0,True,,True,True,True,64,0.5408941374671722,0.596469439723059,0.7068016671097667,0.7920363271985152,0.6356933872455957,0.6526663957259204,1891,1.0,True,,True,True,True,64,1891,1.0,True,,True,True,True,UNANNOTATED_NOISE,0.31186150698910403,0.27573844201209236,True,False,UNANNOTATED_NOISE_REPRODUCIBLE,"Reproducible unclustered candidate, not a new structure class."
FREG_f5ef0631b11a8bec,MG1655,685600,688800,687200,3200,WIN_small_e583ca740188b29e,0.0288282584374308,small,shape,False,True,False,False,False,False,1,1,0,1,True,False,False,,,small_shape,False,0.5363323301908752,0.7889699889003553,0.997405418873198,0.9372316393606897,0.693215247682368,False,-1,0.0,,CHIN_db627b41dbbead17,CHIN,31.63544395778928,31.63544395778928,42.489795212844975,38.69897915167669,noise,noise,False,,FREG_f5ef0631b11a8bec,3200,0.8926003135687807,0.9304668438081994,0.9372168731705909,0.28430787232522026,0.914001656995495,0.9399101134940521,435,1.0,True,,True,True,True,32,0.6101628953536294,0.7048498900454444,0.8109360845656832,0.5216533504234204,0.6409994624688325,0.7258034080123384,1891,1.0,True,,True,True,True,64,435,1.0,True,,True,True,True,UNANNOTATED_NOISE,0.31186150698910403,0.27573844201209236,True,False,UNANNOTATED_NOISE_REPRODUCIBLE,"Reproducible unclustered candidate, not a new structure class."
FREG_a4bcec0e05a4ae7e,MG1655,727600,730800,729200,3200,WIN_small_d81c0d27448fb05c,0.0323388096857477,small,shape,False,True,False,False,False,False,1,1,1,0,True,False,False,,,small_shape,False,0.9762053177863796,0.9919744189820406,0.9999516723889744,0.9999703128625282,0.9935190661159484,False,-1,0.0,,CHIN_101609e6a031b5b2,CHIN,7.133401101116869,7.133401101116869,33.223461994774745,29.44930487436363,noise,noise,False,,FREG_a4bcec0e05a4ae7e,3200,0.8633421293528574,0.7689026264729982,0.9066203456106161,0.5136431566846117,0.9167139014680064,0.8314829149919999,435,1.0,True,,True,True,True,32,0.672135957911305,0.5730303695516239,0.7717335628256378,0.799410607410548,0.7678857078440606,0.6363468249686469,1891,1.0,True,,True,True,True,64,435,1.0,True,,True,True,True,UNANNOTATED_NOISE,0.31186150698910403,0.27573844201209236,True,False,UNANNOTATED_NOISE_REPRODUCIBLE,"Reproducible unclustered candidate, not a new structure class."
FREG_82a811abb2714642,MG1655,1422400,1435200,1428800,12800,WIN_large_c0422c2cbe2c565e,0.0067567567567567,large,shape,False,False,False,False,False,True,1,1,1,1,True,False,False,,,large_shape,False,0.9104988621432476,0.7953095016683739,0.9419597299193296,0.9982389680576804,0.9662149692514866,False,-1,0.0,,CHID_829be93d3f3a9719,CHID,26.115262285685144,30.809521272512978,42.38876381409828,26.115262285685144,noise,noise,False,,FREG_82a811abb2714642,12800,0.5367459986527621,0.544709900990472,0.6869793632027313,0.9095802147432984,0.5710682053240443,0.573561702777278,7875,1.0,True,,True,True,True,128,0.6092669179939664,0.3831578538704214,0.7943493980210238,0.8195044773766413,0.683956596976818,0.47712537249050646,1891,1.0,True,,False,False,False,64,7875,1.0,True,,True,True,True,UNANNOTATED_NOISE,0.31186150698910403,0.27573844201209236,True,False,UNANNOTATED_NOISE_REPRODUCIBLE,"Reproducible unclustered candidate, not a new structure class."
FREG_d2d392e1e3af249a,MG1655,1896000,1910000,1903200,14000,WIN_small_59ceaf23fa91788a,0.0009478672985781,small,density,True,True,True,False,True,False,4,9,9,7,False,False,False,,,small_density;small_shape;medium_density;large_density,False,0.9769218377128448,0.9866063054552556,0.9989015446819416,0.966013514527501,0.9713608011461892,False,-1,0.0,,CHIN_ee3355b18d634b8e,CHIN,6.02957430810253,6.02957430810253,9.445256810746976,18.875439252461465,noise,noise,False,,FREG_d2d392e1e3af249a,3200,0.9477205415459803,0.9471430298474319,0.9872358703815721,0.2746944384038872,0.9556219763176474,0.953310970229287,435,1.0,True,,False,False,False,32,0.9503613496955856,0.9220685625125944,0.9781886076647851,0.2769233714632764,0.9517325853397329,0.9187834364142595,1891,1.0,True,,False,False,False,64,435,1.0,True,,False,False,False,UNANNOTATED_NOISE,0.31186150698910403,0.27573844201209236,True,False,UNANNOTATED_NOISE_REPRODUCIBLE,"Reproducible unclustered candidate, not a new structure class."
FREG_7ea68c9c73985ae9,MG1655,2060000,2064800,2063200,4800,WIN_small_e38100101a92cbc1,0.0018957345971563,small,shape,False,True,False,False,False,False,1,2,2,2,False,False,False,,,small_shape,False,0.6031920516327843,0.9408824480357336,0.9841339015037236,0.990179050309091,0.905968065683663,False,-1,0.0,,CHIN_d45c7c6f4a11fa68,CHIN,6.999668725937691,6.999668725937691,10.007321595987856,10.72038055039078,noise,noise,False,,FREG_7ea68c9c73985ae9,3200,0.19893393645105428,0.2202843024749445,0.8668242107594917,1.0331911656065993,0.2753262396703437,0.3241852657088263,435,1.0,True,,False,False,False,32,0.36005188804100585,0.32296219399771664,0.8102772027981138,1.007364943359686,0.3750371831317493,0.3511527374255699,1891,1.0,True,,True,True,True,64,435,1.0,True,,False,False,False,UNANNOTATED_NOISE,0.31186150698910403,0.27573844201209236,False,False,UNANNOTATED_NOISE_LOW_REPRODUCIBILITY,HDBSCAN noise; no novel-class inference.
FREG_0af1ebaaab86f1c8,MG1655,2512000,2515200,2513600,3200,WIN_small_a7dfd4d1eb0e9940,0.0253632003038091,small,shape,False,True,False,False,False,False,1,1,1,0,True,False,False,,,small_shape,False,0.859524703553332,0.975292063101148,0.9934192313183448,0.9956369118549068,0.9586101910333744,False,-1,0.0,,CHIN_db627b41dbbead17,CHIN,24.03447290130728,24.03447290130728,35.51238731036837,30.565073534376328,noise,noise,False,,FREG_0af1ebaaab86f1c8,3200,0.8661395954971282,0.9149706790633343,0.9204406942907102,0.334734784589329,0.8949344295588446,0.9290587527612596,435,1.0,True,,True,True,True,32,0.614147609100795,0.7479946326806096,0.7966653277946976,0.5530534264207615,0.651595839343825,0.7654615104048842,1891,1.0,True,,True,True,True,64,435,1.0,True,,True,True,True,UNANNOTATED_NOISE,0.31186150698910403,0.27573844201209236,True,False,UNANNOTATED_NOISE_REPRODUCIBLE,"Reproducible unclustered candidate, not a new structure class."
FREG_7089a736aaf0a1d4,MG1655,2518000,2521200,2519600,3200,WIN_small_636726740420b9ed,0.0479774435444312,small,density,True,False,False,False,False,False,1,1,1,0,False,False,False,,,small_density,False,0.0333684894521283,0.7434917695399004,0.8254218129485542,0.998001350628567,0.7762862782710321,False,-1,0.0,,CHIN_5fb265845cdfb063,CHIN,6.606301767696697,6.606301767696697,9.372792938633838,9.369897033821486,noise,noise,False,,FREG_7089a736aaf0a1d4,3200,0.8598511653813778,0.8330835150089101,0.962864712704399,0.47682931943639834,0.8682213896541898,0.8455557662541608,435,1.0,True,,False,False,False,32,0.7790384738766116,0.7224087542559039,0.9216510443555851,0.5750647606105791,0.7819163576633101,0.7215014301295157,1891,1.0,True,,False,False,False,64,435,1.0,True,,False,False,False,UNANNOTATED_NOISE,0.31186150698910403,0.27573844201209236,True,False,UNANNOTATED_NOISE_REPRODUCIBLE,"Reproducible unclustered candidate, not a new structure class."
FREG_6e09d3bd094c8b1d,MG1655,2719200,2725600,2721600,6400,WIN_small_d800c25b4ba41ebd,0.0227290593521929,small,density,True,False,True,False,False,False,2,3,3,3,False,False,False,,,small_density;medium_density,False,0.9720079622579606,0.902493320750826,0.96121374122148,0.9995597592236242,0.9708200522745484,False,-1,0.0,,OPCID_c0709bc7c08ec44f,OPCID,9.664494502891957,12.592069643177036,9.664494502891957,20.272380066844228,noise,noise,False,,FREG_6e09d3bd094c8b1d,3200,0.7297339140322275,0.72783213918529,0.9632606529014093,0.5839314883536973,0.7849299571866515,0.8131387702612067,435,1.0,True,,False,False,False,32,0.6716365021172055,0.6794067460999044,0.9364512270024162,0.5794715895979666,0.6898402884885979,0.7036349263580766,1891,1.0,True,,False,False,False,64,435,1.0,True,,False,False,False,UNANNOTATED_NOISE,0.31186150698910403,0.27573844201209236,True,False,UNANNOTATED_NOISE_REPRODUCIBLE,"Reproducible unclustered candidate, not a new structure class."
FREG_5f65ee0fcb5cc0d3,MG1655,3342400,3355200,3348800,12800,WIN_medium_7a7e2500d2d731a8,0.0056701151453313,medium,density,True,False,True,False,True,False,3,8,8,8,False,False,False,,,small_density;medium_density;large_density,False,0.9977559339954676,0.8933340857697032,0.9044095748723474,0.9825264660353764,0.9741294230138589,False,-1,0.0,,OPCID_22365f72e65106b5,OPCID,6.259006732013902,9.389741721674431,6.259006732013902,22.21398341365052,noise,noise,False,,FREG_5f65ee0fcb5cc0d3,6400,0.7074081728020785,0.6632855682074802,0.9600844521973917,0.6062246705823475,0.7460460603739126,0.7172416023164137,1891,1.0,True,,False,False,False,64,0.7074081728020785,0.6632855682074802,0.9600844521973917,0.6062246705823475,0.7460460603739126,0.7172416023164137,1891,1.0,True,,False,False,False,64,1891,1.0,True,,False,False,False,UNANNOTATED_NOISE,0.31186150698910403,0.27573844201209236,True,False,UNANNOTATED_NOISE_REPRODUCIBLE,"Reproducible unclustered candidate, not a new structure class."
FREG_3fb3b4c0cc922b63,MG1655,3471200,3474400,3472800,3200,WIN_small_e3fb416d7211bd54,0.0454581187043859,small,density,True,False,False,False,False,False,1,1,1,1,False,False,False,,,small_density,False,0.9287205367483636,0.9192126953553876,0.9935465073591216,0.986577990598271,0.9503934386398112,False,-1,0.0,,OPCID_9d9e69ad0ce51f11,OPCID,8.530649440613905,8.661153842132952,8.530649440613905,12.369117495451295,noise,noise,False,,FREG_3fb3b4c0cc922b63,3200,0.5630204406643029,0.5411886999981402,0.9576952962899411,0.7338299787307245,0.6262784060094035,0.6341246935499165,435,1.0,True,,False,False,False,32,0.8026370700526823,0.8082680798925646,0.9246412993087838,0.35961250990441357,0.8061847080179367,0.8118279595357928,1891,1.0,True,,True,True,True,64,435,1.0,True,,False,False,False,UNANNOTATED_NOISE,0.31186150698910403,0.27573844201209236,True,False,UNANNOTATED_NOISE_REPRODUCIBLE,"Reproducible unclustered candidate, not a new structure class."
FREG_b78622a8d089b9a6,MG1655,3623200,3626400,3624800,3200,WIN_small_e9c1111aeff044a7,0.0435193944388586,small,shape,False,True,False,False,False,False,1,1,1,0,True,False,False,,,small_shape,False,0.986630520229721,0.9745827245972812,0.9998250301929466,0.9998934066654074,0.988728264002874,False,-1,0.0,,CHIN_101609e6a031b5b2,CHIN,12.16615119502818,12.16615119502818,30.79355636027697,26.962458391772717,noise,noise,False,,FREG_b78622a8d089b9a6,3200,0.7955556063081173,0.8155891478216332,0.8655557597680227,0.5713091960942965,0.8296997527397539,0.8437936801925034,435,1.0,True,,True,True,True,32,0.7588765067374689,0.8050327104004608,0.8383252108997438,0.5865087370584716,0.786238426417549,0.8233932475895631,1891,1.0,True,,True,True,True,64,435,1.0,True,,True,True,True,UNANNOTATED_NOISE,0.31186150698910403,0.27573844201209236,True,False,UNANNOTATED_NOISE_REPRODUCIBLE,"Reproducible unclustered candidate, not a new structure class."
FREG_8a7aa8e9ef61cfa1,MG1655,3930000,3941200,3939600,11200,WIN_small_e7d4e924b22990d1,0.0214058574230069,small,shape,True,True,True,False,False,False,3,5,5,5,False,False,False,,,small_density;small_shape;medium_density,False,0.828605134880367,0.9628394216564414,0.9994006339700854,0.9991513604670272,0.991507699175411,False,-1,0.0,,CHIN_e5de6e56d385e2ef,CHIN,13.274486401515588,13.274486401515588,19.304980553020236,22.40573620224223,noise,noise,False,,FREG_8a7aa8e9ef61cfa1,3200,0.4435339935678481,0.4420730722818713,0.9330557262950702,0.9065643453886721,0.45853469301015914,0.45940748920410246,435,1.0,True,,False,False,False,32,0.8323891258835479,0.8694816353103924,0.9217017838427801,0.34405480941316774,0.8350419149479124,0.868694055801703,1891,1.0,True,,True,True,True,64,435,1.0,True,,False,False,False,UNANNOTATED_NOISE,0.31186150698910403,0.27573844201209236,True,False,UNANNOTATED_NOISE_REPRODUCIBLE,"Reproducible unclustered candidate, not a new structure class."
FREG_be1e3265dcb6bee1,MG1655,4031200,4034400,4032800,3200,WIN_small_579f841240675e74,0.0061428821785853,small,shape,False,True,False,False,False,False,1,1,1,1,False,False,False,,,small_shape,False,0.9618875852237422,0.943866406527768,0.9919368878639534,0.9998424356678958,0.971399042268967,False,-1,0.0,,CHIN_e5de6e56d385e2ef,CHIN,13.066240872773074,13.066240872773074,22.393826158358635,21.568221725719223,noise,noise,False,,FREG_be1e3265dcb6bee1,3200,0.3732241459416176,0.3752004225542145,0.9354698010420128,0.9338201111921419,0.37770987729003813,0.38913016631789543,435,1.0,True,,False,False,False,32,0.7402935381137465,0.7640820387922342,0.8998582416007673,0.44780486952422344,0.7468909259619747,0.7624553088798474,1891,1.0,True,,True,True,True,64,435,1.0,True,,False,False,False,UNANNOTATED_NOISE,0.31186150698910403,0.27573844201209236,True,False,UNANNOTATED_NOISE_REPRODUCIBLE,"Reproducible unclustered candidate, not a new structure class."
FREG_4bb24303d6e4e3ac,MG1655,4172800,4190400,4179600,17600,WIN_small_c7d9ff7433cc1203,0.0013404867889791,small,density,True,True,True,False,True,False,4,12,9,10,True,False,False,,,small_density;small_shape;medium_density;large_density,False,0.9990156239876724,0.9775113527434252,0.963101697820642,0.9943600894092516,0.9871307472808084,False,-1,0.0,,CHIN_9549903c064709e2,CHIN,10.20312933839337,10.20312933839337,10.577502929648364,21.4451403493622,noise,noise,False,,FREG_4bb24303d6e4e3ac,3200,0.8950881101925318,0.8819898108428988,0.9829402285793829,0.37416922047801127,0.9214175835045588,0.9192653610133253,435,1.0,True,,False,False,False,32,0.9098870236104702,0.9019876831981551,0.9695514280705846,0.3357033166519509,0.9142921920965494,0.917001775212813,1891,1.0,True,,True,True,True,64,435,1.0,True,,False,False,False,UNANNOTATED_NOISE,0.31186150698910403,0.27573844201209236,True,False,UNANNOTATED_NOISE_REPRODUCIBLE,"Reproducible unclustered candidate, not a new structure class."
