group,metric,N,mean,median,std,Q1,Q3
overall,pearson_upper,344,0.9956772143139776,0.9957125777910502,0.0004874862368915207,0.9953745311144753,0.9960237023024181
overall,spearman_upper,344,0.8337847034616168,0.841577202704993,0.07746636787147126,0.7760775904246731,0.8925100977336303
overall,pearson_offdiag,344,0.9961585964382411,0.9961628647033336,0.0004537620646134261,0.9958799793349711,0.9964715162789122
overall,spearman_offdiag,344,0.8175258344844974,0.8260840565781382,0.08523598982032288,0.7539862846458276,0.8820446650919901
overall,pearson_exclude_band2,344,0.9941397877718274,0.994402819958185,0.0014887818018072562,0.9934140408837486,0.9951886443462155
overall,spearman_exclude_band2,344,0.778854359329949,0.7893106839075474,0.10368596659337945,0.7015966841442778,0.8572851487059646
CHIN,pearson_upper,250,0.9957051009567054,0.9957345492854309,0.0004785138676163882,0.995401598974033,0.996029044104235
CHIN,spearman_upper,250,0.8177314156762022,0.8191383208842389,0.0757609829927224,0.7628400895656728,0.8738684481098697
CHIN,pearson_offdiag,250,0.9961961562078816,0.9961896969902844,0.00043939618540880793,0.9959300909586077,0.9964894037727701
CHIN,spearman_offdiag,250,0.7998909116081777,0.80256921298681,0.08342151846552501,0.7394227949569598,0.862048052725125
CHIN,pearson_exclude_band2,250,0.9941302916455419,0.994372883433905,0.001483897172526458,0.9934252835333922,0.995170123423417
CHIN,spearman_exclude_band2,250,0.7574447240277113,0.762230959571452,0.10158425931751598,0.68387583540541,0.8332235198393956
OPCID,pearson_upper,68,0.9956301169192788,0.9956782912657502,0.0005299216182856791,0.9954290997469193,0.9959518981942869
OPCID,spearman_upper,68,0.8820959184289127,0.8899812513680577,0.06648754620062483,0.8431410652317162,0.936503894152813
OPCID,pearson_offdiag,68,0.996066545169735,0.9961424037050718,0.0005010593149072863,0.9957881521868279,0.9964168144025919
OPCID,spearman_offdiag,68,0.8705330874253936,0.8791893836707009,0.07305461813102727,0.8277281950201059,0.9302936719648642
OPCID,pearson_exclude_band2,68,0.9944987217509613,0.9948489715986467,0.0014243015871434868,0.9942540480837502,0.995422226152343
OPCID,spearman_exclude_band2,68,0.8431017009780004,0.8536490465096926,0.08860436564141655,0.7912073658394775,0.915556336932156
CHID,pearson_upper,26,0.9955322513200378,0.9954685213245245,0.0004377318850088076,0.995271507599929,0.9957111339939937
CHID,spearman_upper,26,0.8617908314838278,0.8499115409378957,0.05981780966463406,0.8324820109738189,0.8997046146291453
CHID,pearson_offdiag,26,0.9960381942785606,0.9960464603416144,0.0004206033880653372,0.9958357412823421,0.996205977263959
CHID,spearman_offdiag,26,0.8484580467575363,0.8351620911389377,0.06568413915009996,0.8160365251219521,0.8898649291858078
CHID,pearson_exclude_band2,26,0.9932923462714531,0.9933718369098501,0.001394130938186019,0.9924818534928244,0.9942881972324237
CHID,spearman_exclude_band2,26,0.8166847283104051,0.800207452275971,0.0798772810807225,0.7769692088825422,0.8665441354813236
