structure_id,type,pearson_upper,spearman_upper,pearson_offdiag,spearman_offdiag,pearson_exclude_band2,spearman_exclude_band2
CHIN_d2deb5271c6a5cdd,CHIN,0.996356707693689,0.8019158771131384,0.9967127101044888,0.7823980575213259,0.9956105869808592,0.7361109309482594
CHIN_e75b43fe8984729d,CHIN,0.9958347771262518,0.7623732343831816,0.9962465603353292,0.738930973712569,0.9945249075695258,0.683330915397106
CHIN_ec0a221413a0122f,CHIN,0.9957361552474743,0.8595402869635809,0.9961181883099416,0.845726998591352,0.994176369025067,0.8130173662175022
CHIN_813ba6e5d823057e,CHIN,0.9956244646142298,0.8558508780950903,0.9960919539551352,0.8416763642073831,0.9933011462134527,0.8080952521264401
CHIN_72b6b435a0910cba,CHIN,0.9957959039033052,0.8379517535814831,0.9962024848957723,0.8220132293896099,0.9939037024622307,0.7842634589806119
CHIN_8bc99ad127e36986,CHIN,0.9961112214549456,0.7688988801339219,0.9964431440377441,0.746107132668384,0.9941699479537452,0.6920716730883961
CHIN_7f578107de94ae33,CHIN,0.995830799854309,0.740978698530874,0.9961326043653805,0.7153628624883055,0.9946651792620768,0.6545835304013898
CHIN_ebff8dd814b0e30d,CHIN,0.9948962044653507,0.7548597174281473,0.9956720028431453,0.7307129309493547,0.9939941201092273,0.6734697720331193
CHIN_5e96eb45b53473d8,CHIN,0.9958310117958669,0.805008464555307,0.9964604449289438,0.7860774437218058,0.9949238000590269,0.7405338042064279
CHIN_6f0fc226dcac97e0,CHIN,0.9961750441934737,0.7825503924912977,0.99665075461955,0.7611088332256583,0.9951064831253956,0.71023602438012
CHIN_95865e7aff35770d,CHIN,0.9963133271919461,0.8632404617455975,0.9967623666560186,0.8500937817337464,0.995666425659328,0.818532838344491
CHIN_347c5b87a6218f43,CHIN,0.9955353520131455,0.8578698957932631,0.9959246150628416,0.8444742615907717,0.9943517900385743,0.8121848130649083
CHIN_5a72ba4e9470db3b,CHIN,0.9956625750936956,0.7693249325910916,0.9959969807361407,0.7465112704936313,0.9944875957995616,0.6923278610038542
CHIN_4c5f156d9cc89829,CHIN,0.9956375913219893,0.904143362624264,0.9961356689225365,0.8949503635472202,0.9948852619008768,0.8730755615872845
CHIN_845f263abdb730a3,CHIN,0.9959266088648966,0.8487407098412139,0.9963158375099375,0.8338331948198947,0.9936414216329347,0.7984729934672576
CHIN_041bcc227cd53ba1,CHIN,0.9963678197573724,0.7691390583156505,0.9966754730599262,0.7462526281811028,0.99599036778952,0.6919408060255092
CHIN_532567826674af80,CHIN,0.9962264839980102,0.7096514981260285,0.9965909021138665,0.6806580436427284,0.99566208557621,0.6116579751252149
CHIN_7398738e11297691,CHIN,0.9948733807558376,0.9362877257010157,0.9955203829725332,0.930351377373043,0.9934405062693646,0.9165582817720083
CHIN_b10a121ad52a995a,CHIN,0.9962344773192714,0.9006742663866237,0.996839027906322,0.8909691165358643,0.9954301432536814,0.8679408736938291
CHIN_312a74a025dbb29e,CHIN,0.9959139291450507,0.7257452305629843,0.9963288034064517,0.6984652406825703,0.9945988315907555,0.6336264740757687
CHIN_28ce20abf9be7e23,CHIN,0.995162113410817,0.8144558828930287,0.9956860886741099,0.7961508896911457,0.9944362394727949,0.752693235679195
CHIN_0dd4c64ce8f39b0c,CHIN,0.9960384715293256,0.8860193552394068,0.9964909526458365,0.8748510152631448,0.9944727057595035,0.8483774503257567
CHIN_fba1a86abad8c7a7,CHIN,0.995188745404887,0.8187842244367831,0.995837421030812,0.800971575276695,0.993464815505121,0.758724128059051
CHIN_71efee1581148a83,CHIN,0.9955814830577014,0.7588183893554076,0.9960628346064658,0.7350232093518806,0.9952331168685337,0.6785927021486436
CHIN_80c12c16922655e6,CHIN,0.995977908086689,0.8408150566411957,0.9965081446282389,0.8259872735415283,0.9938138163661521,0.7909507360051139
CHIN_8eb17f66486b0cb3,CHIN,0.9959589148962402,0.7560630900275318,0.9967252639241928,0.7318602231781098,0.9947786739663684,0.6743396793424573
CHIN_756380c51ed71de1,CHIN,0.9963901930188483,0.7445203642540125,0.9970809608588307,0.719144200448363,0.9952058582965527,0.6588452335037559
CHIN_765ae5aaa92eba4c,CHIN,0.9963792054440213,0.6820104225193396,0.9968834023557318,0.6502201225061317,0.9953339524899368,0.5745412194836769
CHIN_0665f54cdc25bc86,CHIN,0.9958293587744217,0.8097941565020265,0.9965086488182144,0.7910149155094115,0.993842651861187,0.7464717692107513
CHIN_24c69819d9eb0ea3,CHIN,0.9959539526742367,0.7997403418845217,0.9963923713928616,0.779971852571326,0.9951239550530365,0.7330986180993782
CHIN_7f52b12dfe4fe133,CHIN,0.9954860962227989,0.7642406551131465,0.9959331428731011,0.7408982586901321,0.9941018019769676,0.6855105954303221
CHIN_7a803da6ac58d221,CHIN,0.9962138194080599,0.860189391070931,0.9966803813449668,0.8476734890782047,0.9948555222281078,0.8174838007193098
CHIN_a63720d7766d7461,CHIN,0.9961853780763837,0.9320000170058564,0.9967961118229951,0.9259290017346432,0.9918144650764533,0.911543347609345
CHIN_8df27ebe669975c4,CHIN,0.995899301574707,0.826609058691432,0.9963445815157078,0.80969909917778,0.9927362705327339,0.7696033124889446
CHIN_33fec0705cfb277a,CHIN,0.9961411488660996,0.8048645933122656,0.9966564492466071,0.7856791403813845,0.9925105092005008,0.7401716762656633
CHIN_a1e86caa5ea8ad7a,CHIN,0.9953282262515275,0.8079264428881527,0.995906624599695,0.7895478647339854,0.9929370250269485,0.744783595464658
CHIN_037eac2ae9ec84b3,CHIN,0.9962784329702301,0.6750574563959912,0.9967330899439941,0.6425331104213624,0.9960214948892874,0.5650272195206557
CHIN_79b92fd133c7aa25,CHIN,0.9956163917172667,0.7197110273989411,0.996121906670282,0.6919630113692251,0.9954032216535225,0.6260856110137195
CHIN_03da8349566fc478,CHIN,0.9954265247390509,0.8421363438524272,0.9957467995879372,0.8265950560984606,0.9937191085910658,0.7897459057954476
CHIN_f93cc107dd51e45a,CHIN,0.9963739576033499,0.7532851958713681,0.9967916821460053,0.7289249503705558,0.9956868536921901,0.6711550566324058
CHIN_5112515e92b132f5,CHIN,0.9959910262841726,0.7575066799725177,0.9964571715930794,0.7335773183048683,0.9941003195043514,0.6768359449247313
CHIN_12300449726e7c4d,CHIN,0.9958251724690255,0.7265523506543928,0.9961822184240438,0.6995179610784912,0.9940183916221756,0.635393811682945
CHIN_f6dd7eecdc24d3c3,CHIN,0.9955821612121986,0.772957326964097,0.9960764062900959,0.7505429895294189,0.9941531972454943,0.6973903987171005
CHIN_71544cab6749d657,CHIN,0.996325194541279,0.6733801528975675,0.9968899279556503,0.6408101632234569,0.9962150530331254,0.5633019192315896
CHIN_101609e6a031b5b2,CHIN,0.995231234362042,0.819180465529282,0.9955754842743274,0.8076431416481868,0.993310144403095,0.7711486646361658
CHIN_31f753a6c5032426,CHIN,0.9960202574218842,0.8156766887956324,0.9964113354226404,0.8017802733575874,0.9954600100475168,0.7654971851649751
CHIN_d09cbcfd88a8bdfb,CHIN,0.9960430340254018,0.6625165487998937,0.9966186180960932,0.6289738006186378,0.9941694364367939,0.5492470737548949
CHIN_d42479337ed2ab90,CHIN,0.9961156554498258,0.7284711861470468,0.9967338679707745,0.7015966398296217,0.9952063535503608,0.6377875794850404
CHIN_0f74c85e412d80b9,CHIN,0.9960693549105416,0.7111654602296009,0.9964180900847176,0.6825684733730625,0.9938177579926437,0.6147029943467889
CHIN_ca0f2dc213c43b19,CHIN,0.9959785764333965,0.6946407853326224,0.9963071600221547,0.6643387050088443,0.9956520593528971,0.5923488136432332
CHIN_8110991a73e48713,CHIN,0.9950979925249659,0.8480091593132648,0.9955960727653926,0.8330449034294442,0.994159766542269,0.7975534208120852
CHIN_be03a3bd16796038,CHIN,0.9957171712060611,0.6624441751299286,0.9961823425113612,0.628673798838045,0.995347083161403,0.5482778088868164
CHIN_3b157ef6413ebd3b,CHIN,0.9952661556170782,0.6780888655215166,0.9956900275925599,0.6459354613480741,0.9943033158668291,0.5694378049865634
CHIN_a61eedfc4b0326fc,CHIN,0.9950046600084395,0.8629228882061869,0.9955643475765309,0.851355946305845,0.9947876370352191,0.8211908433043679
CHIN_04e54383f38f765c,CHIN,0.9955979328493418,0.8724650107350773,0.9962079074291009,0.8605542714126981,0.9943940226355065,0.8326633775294573
CHIN_bc4243d412e56afc,CHIN,0.9956036658530545,0.8064754739812073,0.9960768514055417,0.7874112706808537,0.9947506385817633,0.7421981909661672
CHIN_73e1a314282c7e31,CHIN,0.9959376154042225,0.7950336304438785,0.9963933573874321,0.7747539003638954,0.9947324807304948,0.7266356052229694
CHIN_a305212f1c632ac0,CHIN,0.9956945295809112,0.7282013385747645,0.9963259867838062,0.7013597810442677,0.9927809013674094,0.6377161275821269
CHIN_f8eacba8473838ef,CHIN,0.9959739409863458,0.7734455612681281,0.996335648417408,0.7510667515814264,0.9939524026580483,0.6980130310933954
CHIN_f03aad61ac30b982,CHIN,0.9952803295145893,0.917757159169341,0.9957435295800596,0.9101430122832054,0.9917872436060973,0.8924514610787301
CHIN_f2eb436a00c8388f,CHIN,0.9955797323652276,0.9406305859951979,0.9961331493968764,0.9360084007329732,0.9921651281589937,0.9244516585481577
CHIN_ed327955a26354f8,CHIN,0.9955499399339796,0.7763560030229639,0.995920275699103,0.754283817795223,0.9936835667660479,0.7019475230752175
CHIN_5d2c28e9756edcc4,CHIN,0.9952516175363154,0.7656381946815226,0.9962257478714562,0.742501719644014,0.993472650565564,0.6876203288202846
CHIN_81761ead4e5babcc,CHIN,0.9956723712471062,0.7107065839636173,0.9963648516898524,0.6821104455594197,0.993929757260228,0.6142718572678015
CHIN_eece7eddb47ce44c,CHIN,0.9951931293588738,0.7151889128738692,0.9959307085852432,0.6870400308701391,0.9949268687124168,0.6202400369827111
CHIN_c7e63e408c4c9165,CHIN,0.9950816581897995,0.7825724073889577,0.9954956334389555,0.7611562320712327,0.9947201428143995,0.7103884672791962
CHIN_30fa1007486e99c0,CHIN,0.9954968646613991,0.8269138208039593,0.995820442019651,0.809869966422986,0.9933754427369991,0.7694718548574522
CHIN_0b96404ea31c5cc5,CHIN,0.995184290451822,0.8215408674120954,0.995712188724237,0.8039748333170748,0.9927426766117695,0.7623198529942693
CHIN_887aeb65ed02a486,CHIN,0.9960257237187633,0.7330903301972312,0.996410792465053,0.7066721151963796,0.9953085384193847,0.6439511915121348
CHIN_a67bc4a756886582,CHIN,0.9948460184254277,0.7925292279596076,0.9954230921927922,0.7723961941064932,0.9935061034465336,0.7239607686199975
CHIN_66b05ab570831b8a,CHIN,0.9954916301995668,0.8101997910136998,0.9961712065424457,0.791525105534324,0.9934890462337488,0.7472373028697298
CHIN_3ae2b7f708e898a3,CHIN,0.9957356092999134,0.8564074605529763,0.9962941302637323,0.8422980770833423,0.9928989228332504,0.808852442954663
CHIN_48fed281505db35a,CHIN,0.9954148424274496,0.8565220876655356,0.9961716593209734,0.8424321154788825,0.9915764054387098,0.809011552782812
CHIN_1da809bfbf2865bd,CHIN,0.9951938572637984,0.8647627620301048,0.9957800112992163,0.8514744183157309,0.9908828078199737,0.8199757845850492
CHIN_39d26f4e365a3b6a,CHIN,0.9955229631997553,0.8307943943828402,0.9960899285217206,0.8141368440178123,0.9927527115783511,0.7746317167693975
CHIN_f6588d529a4d5c83,CHIN,0.9953445413520466,0.6962942654179387,0.9958543231225289,0.6663101827919644,0.9946267970714392,0.5951862611184668
CHIN_6de429ae4e16dc37,CHIN,0.9957693934986768,0.7766079263213322,0.9961995084589483,0.7545534537431816,0.994864996342785,0.7022174358303671
CHIN_8d5285e73ae7443e,CHIN,0.9960306644617165,0.7896226546004331,0.9963894692112716,0.7688284314045737,0.9948343699799784,0.7194687305499408
CHIN_a4b9b499b72e0971,CHIN,0.9963136763946442,0.7375096501946593,0.9965801890426813,0.7114711399084946,0.9941388006020051,0.6496601616974031
CHIN_ca43f16bb916c0f9,CHIN,0.9954215408122851,0.9420238597761372,0.9959739144683648,0.9364372769028634,0.9943008402219423,0.9232550239425504
CHIN_fc815dfb8c7f111c,CHIN,0.9953426956375125,0.6793702088385999,0.9958631588094444,0.6474844760655161,0.995321647958306,0.5717229365832398
CHIN_ca2ad0322ec77659,CHIN,0.9956598999438566,0.6682327043687578,0.9961706693646439,0.6351954721914808,0.9949942732030789,0.5566173798992026
CHIN_c194cc436f91eadf,CHIN,0.9958509510782405,0.7863097359448119,0.9961776680092304,0.7651865770144725,0.9953205409121768,0.7150664929763965
CHIN_080a3fd4b9cab15f,CHIN,0.9959600649628371,0.7694698642146532,0.9964511828394257,0.7467101338423009,0.995187345379001,0.6927030848148767
CHIN_b62b5345635fb8d8,CHIN,0.9957190384892535,0.8622012747092112,0.9961561123142703,0.8486478353114717,0.9934513042784909,0.8164887107094447
CHIN_20739850c2069452,CHIN,0.9952405580725845,0.8484663960693531,0.9957357267589865,0.8335520768703061,0.9933738769685095,0.7981760555830578
CHIN_9c9130eaf8d782b3,CHIN,0.996106737802259,0.7212739699570289,0.9964363454147955,0.6936289598692513,0.9948261185103712,0.6280023516266372
CHIN_db627b41dbbead17,CHIN,0.9953976885393365,0.871121860927468,0.9959263964611091,0.8591047897962638,0.9928719182599755,0.8308943504349608
CHIN_a8c0513faced91e6,CHIN,0.9952173640465463,0.8735856489238042,0.9958185611849384,0.8630270059351772,0.9931423016047417,0.8394481313304015
CHIN_bdc62f0b6d196924,CHIN,0.9956547594998373,0.6530299769531139,0.9962370198641636,0.6180844022294055,0.9935145458244975,0.5346618381360972
CHIN_d45c7c6f4a11fa68,CHIN,0.9947431464879716,0.6444544422185566,0.9955029940168771,0.6087627455898482,0.9930553836703035,0.5236687304590703
CHIN_a836f1c637e50e10,CHIN,0.9946400836705245,0.8273602142186094,0.995160652018551,0.8103359820789894,0.991515527541952,0.7699433958853875
CHIN_76e05e2f594dedf6,CHIN,0.9949514845447822,0.8418488616692072,0.9956313255106196,0.8262768842752335,0.9926190499445916,0.7893252374272652
CHIN_65f6e92014e70d27,CHIN,0.9960173075459178,0.8190961762391956,0.9965906295087368,0.8012309537712475,0.9937414829832721,0.7588297907824805
CHIN_bc406ed7cc5a05e9,CHIN,0.9953989023983734,0.6856241865723197,0.9959453130298392,0.6542463657516474,0.9941736837959261,0.5796002790455603
CHIN_43f7d66b2dcd0645,CHIN,0.9955363510575961,0.6619749845046167,0.9960053587142585,0.6282046328778648,0.9945617989852639,0.5478037814745501
CHIN_db385658b1636eac,CHIN,0.996235540112475,0.9236165468400341,0.9966267344777527,0.9196655964478988,0.9952219465684607,0.9043621565860384
CHIN_a11de8d01a5ecd10,CHIN,0.9947154356589953,0.8170316427687868,0.9955252044810977,0.8022887982328284,0.9940123659758888,0.7622425634403521
CHIN_437d690d7167424d,CHIN,0.9956706712199503,0.864456486146435,0.9960942637263616,0.8513459396839594,0.9935277637718917,0.8202365743002474
CHIN_ea1e5b49df376026,CHIN,0.9949000317926876,0.7824671668131028,0.9955734104138179,0.7609951509932796,0.9932743208873699,0.7100557627192332
CHIN_c6c62ce7bb03095b,CHIN,0.9952088393418315,0.7954047590692224,0.9957282072949349,0.7752555935330973,0.9930153552649152,0.7274815538236135
CHIN_4fb329424e3dad09,CHIN,0.9960270933829574,0.6998210476608447,0.9965050306900847,0.6700987876924341,0.9943228048204049,0.5994960494571274
CHIN_0aff14c0f8d8b7e0,CHIN,0.9955861869550007,0.840577156302508,0.9960233278764948,0.8249120401356942,0.9943985574238908,0.7877978954253502
CHIN_1181d296a9d4466d,CHIN,0.9962362013320984,0.793625829012089,0.9965444361446939,0.7732850646824386,0.995960743591696,0.7250724576344634
CHIN_2f14634f1542e0cf,CHIN,0.9954725962247581,0.7358626222154355,0.9962197443519546,0.7097831709351111,0.9945235120097341,0.6478886577791291
CHIN_2a056e8d00f0d57e,CHIN,0.9956089680947362,0.6690587245520536,0.9960973789015724,0.6363408620528256,0.993100964503958,0.5587368357475926
CHIN_1b43b15c8ca43bcc,CHIN,0.9952791886092264,0.824642593161527,0.9956846543905638,0.8073774241872709,0.9942295179479873,0.7664633080001947
CHIN_413c7aed4a1f2e45,CHIN,0.9953536720835292,0.8205021920411597,0.9959508984281473,0.8028496277407916,0.9938631749567259,0.7609808776755067
CHIN_e79e0f2a30775d13,CHIN,0.9956019073017421,0.760048200747289,0.9961211821804672,0.7363319393036605,0.9949976807860038,0.6800290017770434
CHIN_75bef55d7e6d8415,CHIN,0.9960487746637197,0.7442317694195458,0.9964762267965459,0.718950529404256,0.9954122986604043,0.6589272227813489
CHIN_3316498dc3a118cd,CHIN,0.9953018980722699,0.7912088091626253,0.9956920037563841,0.7706164922036423,0.9925461908398174,0.7217970375912248
CHIN_ac3eded02b4ccf68,CHIN,0.9957899881229895,0.8128803017487789,0.996163125908427,0.7943919640046679,0.9945701606073755,0.7505389241701874
CHIN_ae3487f724c72e24,CHIN,0.9956652853309322,0.7926191009823864,0.9961879618318494,0.7722075757500444,0.9940977928184211,0.7238071174093199
CHIN_9336b6dd24567a55,CHIN,0.995847318651244,0.9720691152441376,0.9963308438519256,0.9694703077428575,0.9925681454284027,0.9633203476981781
CHIN_4c5b118b76314438,CHIN,0.9959893328758453,0.9714922829870758,0.9961914321487192,0.9690452201547748,0.9915226195976358,0.9626324403259494
CHIN_27fcb8c59cdd19ed,CHIN,0.9961504073000746,0.9687155068033553,0.9964847571535709,0.9657415880416607,0.9914479672086697,0.9586828804612891
CHIN_cb62ec523cd9aabf,CHIN,0.9957810077802829,0.928821649320594,0.9961547761047135,0.9218483363602831,0.9903356421818653,0.9053168380584187
CHIN_4bd6df699a4a442d,CHIN,0.9956016275772718,0.890259432853836,0.9958839613639641,0.8794956462545538,0.9897356601249918,0.8539935333666671
CHIN_6a1a24c637d17f3b,CHIN,0.9952511319970404,0.8772629518741754,0.9956296634288474,0.8652205260061195,0.989684035214341,0.8366972428460921
CHIN_aafbbc0179d18cd3,CHIN,0.9953709651298632,0.8447771775343391,0.9957454024335591,0.8295451474879373,0.9906127282674085,0.7934587417994374
CHIN_ca9b1395fa31ca60,CHIN,0.9953142187039952,0.8555501048233779,0.9957452914663976,0.8413676585086497,0.9911125024453685,0.8077754358232819
CHIN_838823b66ebc9485,CHIN,0.9961674414154369,0.7969153405806203,0.9966504778197272,0.7768353192017513,0.9948978868501063,0.729181555139617
CHIN_efd3b9f350308704,CHIN,0.9956979582786025,0.7342570940447725,0.9960989895488048,0.7078808079635509,0.9955388702169801,0.6451884067793991
CHIN_7342c9e2862bcb5d,CHIN,0.9952440214989837,0.91434703393273,0.9959511213309589,0.9063870136763511,0.9940764607093147,0.8885929800369763
CHIN_ce6a7185cf5fa235,CHIN,0.9953175699575196,0.9104133742493487,0.9958378824172879,0.9021771789092008,0.9939170279993347,0.8822783381310833
CHIN_1c70d1a650016e04,CHIN,0.9967654350559461,0.9517681660172849,0.9970797467362268,0.9470858762781068,0.9952667636294972,0.9359820259536369
CHIN_2d7af64b36b410f4,CHIN,0.9967762373131754,0.9071411097133949,0.9970873277773311,0.8980597938695895,0.9950571674327495,0.8764816399173788
CHIN_a291d6c5e031b26b,CHIN,0.995105509283482,0.8486772128081884,0.9955790584391765,0.8337849698305521,0.9924214756024995,0.7984647856004985
CHIN_adea01451cb1d0a7,CHIN,0.995532931331819,0.8355739139010399,0.9960074708952482,0.8194194477061156,0.9907822291051024,0.7811435259507525
CHIN_c6b545edf6771073,CHIN,0.9951772249045752,0.8935850058496011,0.9956908838520411,0.8831404529988562,0.9924466930241643,0.8583782188729833
CHIN_21ff4711ee55e68c,CHIN,0.9954096887010119,0.8703783184967256,0.9959548290965309,0.8576573580320592,0.992869721013559,0.8274817225220101
CHIN_170b0a1b9643a8db,CHIN,0.9959117897822873,0.8536729038100973,0.9964124775231639,0.839315401399555,0.9944592203250617,0.8052572519070733
CHIN_a50686a688e4cb02,CHIN,0.9960434107005081,0.7692017225202109,0.9964777945642752,0.7464440065596798,0.9944618034086075,0.6924916310775348
CHIN_57f596abaeaccae4,CHIN,0.9960393538005058,0.6965218895367883,0.9965069135316061,0.6664143308281277,0.9945258217408014,0.5949215861983769
CHIN_072974e2927b123b,CHIN,0.9938259230655417,0.8881573350473096,0.9942899384813855,0.8771896243454718,0.9911370175799896,0.8511614032018081
CHIN_13ce252fbae0cbfe,CHIN,0.9958501629601991,0.701316457813508,0.9962965409746188,0.671668560274632,0.9943401282137385,0.6012549148276151
CHIN_dd92f5d829bb4be0,CHIN,0.995846119490296,0.8216416467802611,0.9963349267085424,0.8040653459086782,0.9943939768292356,0.7623898436186148
CHIN_91904b7e5910e56c,CHIN,0.9951170704468347,0.7798996223547745,0.9956858896524217,0.7582348972374072,0.9935212344642751,0.7068982623928548
CHIN_0d7c2ca69d1c63c8,CHIN,0.995545347790657,0.7951742599603164,0.995843877293126,0.7749938699858232,0.9958217292485819,0.7271721862348601
CHIN_8996a4742f03d7bd,CHIN,0.9965903180620855,0.7693703329598771,0.9970070500172831,0.746542762181361,0.9953464932664648,0.6923505500860431
CHIN_ec6956bb3f5f4be0,CHIN,0.9957670985385594,0.7725345084019443,0.9963666634758692,0.750025023476865,0.9958262349341488,0.6966275786977192
CHIN_d39507f936616600,CHIN,0.9954416692050422,0.9053122700028275,0.9961173007897158,0.8960067127184176,0.9931391141183633,0.8739552721647946
CHIN_22e07f81f47f41b7,CHIN,0.9960389837163219,0.8572087958812259,0.9966628286205057,0.8431852825958231,0.9910182778785276,0.8099626682692459
CHIN_a5786a3ebf4f757f,CHIN,0.9958068696449079,0.8624142298087321,0.9963672620116537,0.8489097119695217,0.9913523832374226,0.8169095989228127
CHIN_7166ae9780b2f33d,CHIN,0.9951327392393302,0.8369793566357184,0.9958933535856584,0.8209617972241803,0.9924410905417848,0.7830064136007169
CHIN_dc7847370035ae4b,CHIN,0.9955993496194127,0.7752423526298002,0.9964442447565043,0.7530936851976416,0.9945906616951598,0.7005441673514585
CHIN_327765acd5ab2895,CHIN,0.9954655036725931,0.7313188691010022,0.9959439589678609,0.7048075266140619,0.9933387842069353,0.6419459456077552
CHIN_bfb5f6f7a0a0aa2e,CHIN,0.996361646839903,0.7009903419809248,0.9968295013254956,0.6713872150422237,0.9955671005389498,0.6011279335651865
CHIN_7c7199f99f57f610,CHIN,0.9962398941255735,0.7883350294305892,0.9966691617342067,0.7675253219380198,0.9951748267122826,0.7181789937283272
CHIN_d1bcd25223375bb6,CHIN,0.9957281463115871,0.7252576183247624,0.9961593204829565,0.698147770267493,0.9958620191477638,0.6338563271431172
CHIN_31f41fb4b7695a7a,CHIN,0.995341253945073,0.8477760366071997,0.9957626938728668,0.8328958790866356,0.9920549472810631,0.7985102820124046
CHIN_63b64d89cb555a98,CHIN,0.9957948598869142,0.8284340030272609,0.996197080659444,0.8117714341514576,0.9943210723883894,0.7717785700057962
CHIN_f37a01bb149bdd2c,CHIN,0.9960411805774395,0.7325577004454971,0.9966251914185338,0.7059834425298325,0.9952263236007662,0.6428277873172906
CHIN_78a1a7d17ac8e4e2,CHIN,0.9957307655956296,0.8183271954493366,0.9961160750654329,0.8004119404671994,0.9929513186009283,0.7579496422232512
CHIN_776dbab456673217,CHIN,0.9953245689234581,0.8382987051020692,0.9959835526512991,0.8223743454349141,0.9916095751270355,0.7846239030755034
CHIN_fa05997ad11be666,CHIN,0.9952304008439405,0.8123037789939147,0.9959473234869753,0.793796783507289,0.992103296272764,0.7499065909909252
CHIN_58d99e489f853d61,CHIN,0.9955561522892474,0.8138172910980385,0.9959899956832899,0.7954065035102276,0.9937422226550371,0.7517175026856248
CHIN_c51ed1b8c285d019,CHIN,0.9957120160705302,0.8163440988663054,0.9961446762940056,0.7982484884875707,0.9944155141697576,0.7553468222177314
CHIN_0f07f9fdd2a69572,CHIN,0.9955971123629807,0.8020683339173778,0.9960371145042859,0.7825532539612933,0.9950123914195065,0.7362624396208712
CHIN_1f7c5c2fafc1afc3,CHIN,0.9959178794776617,0.7286170462425929,0.9964330915768524,0.7017172445741209,0.9949555361756722,0.6378979345923796
CHIN_f18d969785c78f39,CHIN,0.9958489610951515,0.759264558552126,0.9965200178653726,0.7354023409079866,0.9947636968630422,0.6787158730365082
CHIN_c2a33174c23c2960,CHIN,0.9962752733336461,0.779299509583522,0.996645980612676,0.7575250213178203,0.9956477780792917,0.7059099708443715
CHIN_f5a8f41398ecafac,CHIN,0.9961155352872249,0.7843473191432746,0.9966324448839827,0.763100240461824,0.9951177557118033,0.7126904502941933
CHIN_4f3e820755d8686d,CHIN,0.9954402186202529,0.8529596737020189,0.9960367187710673,0.8384687843347945,0.994017159059739,0.8041226975800939
CHIN_7547f8c089f6bd2d,CHIN,0.9947892915015231,0.841749876570035,0.9955460713157073,0.826180839614748,0.9936451280613281,0.7892961303878295
CHIN_093ecf60a3c47f13,CHIN,0.9957436206279877,0.8464589440565979,0.9963640044735701,0.8313677635662725,0.991022059170811,0.7956112035758118
CHIN_6c72f6379b7c7f83,CHIN,0.9962759556967139,0.9340718723210251,0.9969417654417715,0.9279912791716848,0.9933637315506274,0.9136151659019136
CHIN_bedc2ff69136d27c,CHIN,0.995901731630724,0.9262060265941303,0.99642826597767,0.919926379939655,0.9951216550290843,0.9047783533608698
CHIN_faf91596d8b88128,CHIN,0.994925513716071,0.9103909837583887,0.995523971800548,0.9016336350496736,0.9950617122269062,0.8808874524036955
CHIN_bae49c2f837ce4c1,CHIN,0.9956649600849085,0.7842290640253203,0.9960679791830084,0.7629569421776742,0.9951925412478589,0.7125435855618779
CHIN_d0ab3e0d05bbc705,CHIN,0.9964018366397066,0.9390746551263517,0.9969180397584867,0.9332884542391062,0.9945281811936687,0.9195615982870567
CHIN_1886affd5bea50b1,CHIN,0.9962895941193249,0.9493122479211479,0.9967692819126572,0.9444413659878803,0.9940844929329548,0.9330759373611622
CHIN_409ced35971a8cee,CHIN,0.9957494762874066,0.9417161231822786,0.9965619196170954,0.936003763857895,0.9928466884536686,0.9224075898871431
CHIN_57ae8a9564d86914,CHIN,0.9958853827098461,0.8587271465428354,0.9964699461063675,0.8448616074251414,0.9937487562227757,0.8120249504396806
CHIN_d00f6b0d05aa0dba,CHIN,0.9959616025354243,0.8767503576464531,0.9966732633020152,0.8646478757308131,0.9949296380459939,0.8359527173266973
CHIN_5fda4207a4e790f9,CHIN,0.9954240081420105,0.8673595598929,0.9959827739639793,0.8543212841009702,0.9948823188934891,0.8234237001567767
CHIN_6575437f6319ebfd,CHIN,0.9966184684142569,0.7326031178519412,0.9969962101207395,0.7061721621169345,0.9964002137810194,0.6434339602659624
CHIN_0a55e534fdc7545d,CHIN,0.9966842684434957,0.7155496488781224,0.9970659068893066,0.6872759889151142,0.996195670317014,0.6200956895912157
CHIN_ee3355b18d634b8e,CHIN,0.9939281538135512,0.9556071040617707,0.9944003692427659,0.9512876472710207,0.9898499483411799,0.9410200480607452
CHIN_9549903c064709e2,CHIN,0.9943332390810795,0.9581070655001593,0.9949954037947604,0.9540348946010347,0.9886192095529944,0.9443295705647307
CHIN_f1c1419569298f23,CHIN,0.9939432597589857,0.9209922604264417,0.9949036310716577,0.9136419221249873,0.9891874076253612,0.8954469728342916
CHIN_e60512525b58312d,CHIN,0.9958492377873327,0.7398497992471867,0.9963318571961948,0.7141552793443614,0.9946133343217317,0.6531904148536477
CHIN_9461e74755c3f236,CHIN,0.9955553950974679,0.8752752973517185,0.9959300463149123,0.8630341721594026,0.9955158806119895,0.834039501884715
CHIN_23a574b35aa4cad2,CHIN,0.9960267113103327,0.7899669287953156,0.9964058199851429,0.7693339025410774,0.9950717610595226,0.7204303382114843
CHIN_890c4e23088449cc,CHIN,0.995482912155021,0.7852654396762591,0.9959302248896937,0.7640564866994192,0.9943387478330602,0.7137578224531109
CHIN_0134e150bffadd1b,CHIN,0.9960099304606037,0.7253206607400445,0.9963481631098244,0.6981128754849992,0.9965790011722989,0.6335431623543987
CHIN_5b1d05bc659d52ce,CHIN,0.9962456307712175,0.8926675466040657,0.9968144548924296,0.8823759710742999,0.994615536636813,0.8579721972709279
CHIN_db88dbeee4f734c5,CHIN,0.9958965926896411,0.8896732976674985,0.9964185325040338,0.8790565343152512,0.9953024449069242,0.8538787955516842
CHIN_5d54f5e6e2eeaaf5,CHIN,0.9948964323000615,0.9194650639002455,0.9954190530309721,0.911582824575132,0.9936715283410661,0.8928692059869999
CHIN_276dc2f80d3fd17b,CHIN,0.9956487697894465,0.9097052514251441,0.995998143234679,0.9008521055333173,0.9940806346298254,0.8798599913558558
CHIN_597d783bf467e297,CHIN,0.995243633093567,0.906179516174207,0.9957854593149531,0.8969821702021279,0.9933123592802573,0.8751769082117504
CHIN_c4faaae576113acc,CHIN,0.995117340913412,0.899569616880858,0.9955250921789847,0.8897070304190313,0.9938148764483431,0.8663333953155439
CHIN_07ca371a77ef3fd4,CHIN,0.9962194137410902,0.931235819875767,0.9966993238584997,0.9248922910730938,0.9948521205585398,0.9099223500066752
CHIN_f9636cb1066c7698,CHIN,0.9957362038653026,0.9428434580205498,0.9962303713448347,0.9377182498988383,0.9938152414711925,0.9246897576852593
CHIN_5fb265845cdfb063,CHIN,0.9957253281124727,0.8817329481054704,0.9963035413705952,0.870114915141368,0.9947862802973608,0.8425712032955092
CHIN_8f4f3c87efab8e46,CHIN,0.9957066301765521,0.8570673775177079,0.9961943454314258,0.8430096085830996,0.9934684976612057,0.8096557799165155
CHIN_a0a5873995d492e4,CHIN,0.9967551529878786,0.8896184739293016,0.9969690174867242,0.8795294584403155,0.9961368253534624,0.8554824080408446
CHIN_27ec42e89ade22e5,CHIN,0.9963555530362269,0.7579627894605381,0.9966893226614387,0.734087861678867,0.9959655158260442,0.6774986383072665
CHIN_9d5f1985493ba5cc,CHIN,0.9958570759248233,0.8622056341321219,0.9961009270152019,0.8486630136345283,0.9958382858410882,0.8165856541645811
CHIN_17d8930e9adab5f0,CHIN,0.9963608146694716,0.7773469602357488,0.9967480283895281,0.7553892073226268,0.9953055763011783,0.7033150715219634
CHIN_71cfdc3af27cb741,CHIN,0.9962607724830305,0.752106924262026,0.996694447218931,0.7276206174325909,0.99654301743276,0.6694794401779984
CHIN_cfc9f22558808905,CHIN,0.9957644913444097,0.9633931027861294,0.9962643870567877,0.9610514335490016,0.9921283847931267,0.9546378531942213
CHIN_f860adadaee690b7,CHIN,0.9962102785254012,0.8726957448744453,0.9966433660613689,0.8608157399416215,0.9941795952333923,0.8332880318643608
CHIN_9f11e380cfc90784,CHIN,0.9956722253957804,0.8068551855966457,0.9961822288409428,0.7878641641928901,0.9964870864069063,0.7428391107734723
CHIN_9d23c5f02dd7374e,CHIN,0.9952569124664312,0.897520619189608,0.9956981627688722,0.8874621602694943,0.9946390040208111,0.8636253724033853
CHIN_98acb48ba1e7481b,CHIN,0.9949962422813193,0.9054779393383126,0.9956551639899137,0.8962051894645463,0.9945278347658958,0.8742276526511351
CHIN_20cbe6301103e773,CHIN,0.995264108024499,0.9089281247632216,0.995940145580439,0.8999945071833665,0.9941519399188754,0.8788249995149703
CHIN_4be9a90f7551ea66,CHIN,0.9962605426203015,0.886499266898069,0.9969868378725331,0.875360413207985,0.9924218369367144,0.84896458591192
CHIN_b70b5bec64024ebb,CHIN,0.9960066776929782,0.873962714505225,0.9964073301989189,0.861585016925262,0.9921526689397769,0.8322758484351587
CHIN_8cf1c5b9776a09cc,CHIN,0.9958008248445194,0.8863902109501773,0.9964267143658622,0.8752376181615646,0.9922241175278075,0.8488261758788143
CHIN_de804d8b4eb4fa33,CHIN,0.9957995308390871,0.8917000377200712,0.9964112459892749,0.8810706752683174,0.992147756977664,0.8558946211845595
CHIN_7480d77a14ad4716,CHIN,0.9955263675458799,0.8745232012678312,0.995948407201732,0.8622023979917459,0.992014276466866,0.8330299837645
CHIN_3ed028798e697d9f,CHIN,0.995581133231254,0.8698089155280047,0.996231985753216,0.8570278566096177,0.9919219928704157,0.8267576200816644
CHIN_2162125d7d40a72a,CHIN,0.9957334892709484,0.9120385660113529,0.9961054662905549,0.903407240210433,0.9940762243611853,0.8829723695214592
CHIN_4290884d21f50f71,CHIN,0.9951756123416164,0.9188485318865831,0.9958276468568725,0.9108974554784866,0.9934202092880681,0.8920501716849947
CHIN_b60bcb6a563a796c,CHIN,0.9958472388823914,0.822188584897497,0.9963462231863789,0.8046850463599817,0.9948060606254636,0.7632007938823676
CHIN_4c746ab4abe6056d,CHIN,0.9964961038265958,0.7242271095433742,0.9969180946249963,0.6969651153927919,0.9965966813480056,0.6323018461687396
CHIN_12faf31bfcc0dac1,CHIN,0.995845393709238,0.7664394295857778,0.9962637844475901,0.7434381736900136,0.9962672206297117,0.6889440355836298
CHIN_ffb342e7762c971b,CHIN,0.9964951026618889,0.7591130221550966,0.9968942097703224,0.7353553428275285,0.9960096394437215,0.6789873618608802
CHIN_1eda231c69a32156,CHIN,0.996499442533062,0.7773935821057608,0.9969039735789194,0.7554398066394813,0.996535996844603,0.7033884744660206
CHIN_7993abe94866773d,CHIN,0.9957150666487666,0.8816353042854593,0.996117471819142,0.8700068363817555,0.9943085392193449,0.8424589894794816
CHIN_74d847ba17a94412,CHIN,0.9953100384384828,0.8903705843884904,0.9958282946428632,0.8796055523398637,0.9936042582633428,0.8540924475895677
CHIN_a93b99b46d39efb8,CHIN,0.9957369765258869,0.8761835384467678,0.9961448814302858,0.8640079116057238,0.9949914606644976,0.8351446768880567
CHIN_e5de6e56d385e2ef,CHIN,0.9958559265249907,0.900191437140232,0.996277644858041,0.8905625258550083,0.9966422870402171,0.8676454514387919
CHIN_7be712b5421ea380,CHIN,0.9960296943446609,0.8187819111985573,0.9965514232812542,0.8009608909143864,0.9958665073875087,0.7587073414189867
CHIN_992805e6506de16e,CHIN,0.9953650752676741,0.9225837707413892,0.9958054623158389,0.915026499957354,0.995405633310582,0.8970570886244095
CHIN_c1610920a984ce60,CHIN,0.9957536915620055,0.8303470102926086,0.9961217116601209,0.8136937677884869,0.9954601618647296,0.7741938286973246
CHIN_40431770bb3161b3,CHIN,0.9959920014961181,0.9004202361086846,0.9963446635005017,0.8906623800407277,0.9959641122559871,0.8675272007334878
CHIN_155c0872526c85bb,CHIN,0.9958340482107585,0.8237230930202152,0.9960980652632702,0.8063221658845391,0.995529296715422,0.7650630215347121
CHIN_08c97d9eff842e36,CHIN,0.9963069029743353,0.7569876656210158,0.9967527751972033,0.7329844745865087,0.9950289784099016,0.676017910028501
CHIN_d2f86a32da053e28,CHIN,0.9961516908194903,0.735213372180987,0.9965462242812393,0.7090513134384323,0.9951032241348182,0.646986511128967
CHIN_016dd7404328fa8e,CHIN,0.9952731131230934,0.8532352669259989,0.9957010031017319,0.8388124999255128,0.9953497951826668,0.8046474617502077
CHIN_278875092b882687,CHIN,0.9956334165201214,0.7739464864723005,0.9961635357979904,0.7516891130194023,0.9951560135568202,0.6989369741338601
CHIN_e1d457f01594d475,CHIN,0.9961930800191435,0.7480742803137373,0.9965547003968145,0.7232205927370116,0.9960268497782501,0.6642922299967581
CHIN_05391e6f08c9897f,CHIN,0.9956985967301377,0.8461118682681569,0.996078400598553,0.8309759320808376,0.9946276278613628,0.7951135065911452
CHIN_c36249e67a41eb04,CHIN,0.9955861463121662,0.797848861359585,0.9961752733203528,0.777954510708972,0.9941232989358268,0.7307449026949121
CHIN_58e00648c4307690,CHIN,0.9958943473014401,0.8214633881673171,0.9962279439875679,0.8038840437873207,0.9961688647175355,0.762219355702552
CHIN_42b69aefb1e2f90e,CHIN,0.9961830336889997,0.938563175167565,0.9966429029686412,0.9327192645893192,0.9952844018035878,0.9188814419494599
CHIN_2cf23c80facc9bd4,CHIN,0.9953037118746795,0.8895137895871771,0.9957365819782474,0.8786549658156231,0.9946767651749002,0.8529355486966048
CHIN_e2127c2e68c0c686,CHIN,0.9953486331448645,0.9207629247652255,0.9956993301180738,0.9131061567498931,0.9950270206266836,0.8948230752266924
CHIN_2f0656ffb562f4fc,CHIN,0.9962258318970942,0.7360500968654713,0.9966016430286762,0.7099596263082918,0.9962475999374673,0.6480230448731611
CHIN_4b3800cf2fefec7c,CHIN,0.9954382873435429,0.836451910518054,0.9958857551896602,0.8203786364084221,0.9932626732683993,0.7822812657368258
CHIN_487a371c98e2d168,CHIN,0.9958172720783565,0.8521626857119243,0.9963391215840725,0.8376290023674677,0.9935793887793606,0.803181860798754
CHIN_4cef58bf54385ad0,CHIN,0.9951834150630176,0.8503922589327645,0.9957657316416437,0.8356771943710686,0.9944059744871012,0.8011012357778545
CHIN_4512d3902e0a850f,CHIN,0.9950730646622519,0.7696643564554638,0.9957327115175651,0.7468905224983311,0.9938373402686896,0.6932180149188205
CHIN_34efc001937deb79,CHIN,0.9961411323926848,0.768709050102144,0.9965141798232895,0.7458533515371076,0.9964448091094008,0.691617862250483
CHIN_aa90853f07faf5ba,CHIN,0.9954638856098174,0.8533916048102163,0.996150234070049,0.8389771627675083,0.9940479575642963,0.804775521347243
CHIN_6230ca4ce9b8e644,CHIN,0.9962402728256893,0.7410194738218312,0.9966540002630336,0.7154711198445579,0.9957589468135524,0.6548745446652928
CHIN_67d1ad42ef37c115,CHIN,0.996008114439669,0.7360130592576423,0.9963021502132146,0.7098966372709603,0.9945583649552265,0.6479364048081377
CHIN_623e8fe7b2afd1a8,CHIN,0.99613105858592,0.718038186205653,0.996381761759404,0.6901647390534346,0.9964558407009148,0.62401040937774
OPCID_a48ec8c6b5e6e38b,OPCID,0.9961665465923084,0.8563563945846834,0.9965186549803693,0.8422515218351473,0.9948633275939981,0.8088398942281807
OPCID_eaf35ae5cddf4c0d,OPCID,0.995291811003368,0.9108859522542073,0.9957890635220601,0.902163659671148,0.9946041345572139,0.8814932819771553
OPCID_a3c7ad9c66cf12f1,OPCID,0.9958398187015038,0.9479390152143099,0.9961516601157627,0.9428605499392695,0.9949666432588011,0.9308233077978446
OPCID_07d051796dc7059b,OPCID,0.9941492509942376,0.9261740228121179,0.9944604944797492,0.9189805279361694,0.9934087185117014,0.9019401117319455
OPCID_ef9d936de4b62940,OPCID,0.994387278240916,0.874342824003047,0.9949830165728921,0.8619990177456983,0.9919741558579519,0.8327612696911931
OPCID_1612f8f2ea7e9f06,OPCID,0.9956826446682683,0.8539383860799543,0.9960578309319273,0.8395908025180722,0.995557795481594,0.8056342128418009
OPCID_4c1cd6d81f6b0f95,OPCID,0.9956127408140603,0.8591839370050711,0.9961546776881829,0.8453671919449395,0.9943426523912946,0.8126620111614051
OPCID_d003e176e8d23c63,OPCID,0.9958792007185673,0.9034718038508472,0.9962241004048805,0.8940204334811983,0.9948346156032953,0.8716360271799164
OPCID_36e0565260f2141f,OPCID,0.9956359585370537,0.7913816636512797,0.9963053059813802,0.7708195956387047,0.9953618271333441,0.7220458182654842
OPCID_392028707b8a2532,OPCID,0.9956454870912903,0.9582993276543406,0.9961356271945409,0.954273568036479,0.9931088563713576,0.944612694798648
OPCID_4421803242064dec,OPCID,0.9962158163162355,0.8264007909031491,0.9965977068935791,0.8093620046376052,0.9943996654292688,0.768970718244383
OPCID_10f9269e6bda4947,OPCID,0.9962563444292855,0.8875048879592969,0.9965511241430951,0.8764445375768483,0.9957471806093723,0.8502419605017416
OPCID_9dc38e719d08f155,OPCID,0.9956739378632322,0.8349350216849258,0.9960629413297328,0.8187313317676488,0.9943212087733635,0.7803513317897365
OPCID_69a72fb00fdc2938,OPCID,0.9947277012698379,0.8635082770796562,0.9954044036597673,0.8501157487875113,0.9915833758742159,0.8183902285157774
OPCID_17d26e5c8bdd11fa,OPCID,0.9967453223683587,0.9736440856920907,0.9969772317897582,0.9712427565090364,0.9956029039138868,0.9651778966475132
OPCID_b1757a56703936d1,OPCID,0.9960998686147693,0.8696679304674128,0.9965653320694505,0.8568850183897976,0.9942953966915772,0.8265955280509968
OPCID_a6f2fecc54bc432d,OPCID,0.9951889427478832,0.9368605554192753,0.9955351273150723,0.930681505879082,0.9950101400513912,0.9160247849238148
OPCID_9ac65fd4bf038173,OPCID,0.9962305996930123,0.8346151341980966,0.99659430834079,0.8183355041645778,0.9955144999638557,0.7797525295353086
OPCID_430b7c0bb5fc530a,OPCID,0.99541892129255,0.9338309096785232,0.9957300035150128,0.9273510924338432,0.9943859731918394,0.9120020702206635
OPCID_0f71385a399dc767,OPCID,0.9957304888192262,0.8273578250314155,0.9961145134408905,0.8103813447956921,0.9959462668873008,0.7701461604139953
OPCID_304b6ccbb191eb65,OPCID,0.9952089953079777,0.8437199106956378,0.9957509104782251,0.8283568290402009,0.9930876060023772,0.7919445351873848
OPCID_7a866c11603150e7,OPCID,0.9954498338736524,0.8354319560565773,0.9959843004613294,0.8192662981130356,0.9950563868100004,0.7809155418446821
OPCID_3045d21bebe98beb,OPCID,0.9952129920081412,0.9859341434795644,0.9956239029173708,0.9845837337244525,0.9928841163566314,0.981326274896456
OPCID_414cf80847bd9929,OPCID,0.9956397935521131,0.8935714195551443,0.9961575952690018,0.8831390828238024,0.994614099159157,0.8583943194363477
OPCID_129f719ef537ae3f,OPCID,0.9959726136357216,0.6970490376620968,0.9964801244337658,0.6671898617315596,0.9954772983168219,0.5963252661552951
OPCID_fa9e2c77b6424ea9,OPCID,0.9960644244916448,0.8450963500702137,0.996476505783353,0.8298661211241758,0.9947426010298323,0.7937591678372845
OPCID_1734fe040179910f,OPCID,0.9960437522221937,0.7288691667145238,0.996544622850893,0.7021661989044407,0.9952505321407754,0.6388437924051664
OPCID_029d6f79d3b495d7,OPCID,0.9955070238118816,0.846287008997039,0.9958546804950033,0.8311890051782636,0.9956958949199203,0.7953982493558663
OPCID_33579465745b0522,OPCID,0.996155566214657,0.8604945961876456,0.996652884257725,0.8468248978197025,0.9946355578000672,0.8143732303927415
OPCID_ae970230ebbec9d2,OPCID,0.9958161504314342,0.955924967744904,0.9961406756432539,0.9516333400990771,0.9943480795348351,0.9414173889379771
OPCID_9d9e69ad0ce51f11,OPCID,0.9958699189227831,0.7954443628093448,0.9963246993538704,0.7753218908360162,0.9946885389874732,0.7276334408280547
OPCID_8d5d9994a513fc11,OPCID,0.9957585573742095,0.8511784709098693,0.9964494853098658,0.8365636353349611,0.9948039432067989,0.8018625453061133
OPCID_c4aea9eca44028ce,OPCID,0.9947347766230239,0.9363850070639922,0.9952892160580722,0.9301643939934583,0.9920349121627673,0.915400187601603
OPCID_3a4aa0d0d21262a8,OPCID,0.9954183386773615,0.970292442314472,0.9957119016859848,0.9674277955037118,0.9947347327878309,0.9605655170890179
OPCID_33b4f3a14ebbc59e,OPCID,0.9953454546313909,0.9565208244064138,0.9955151147921474,0.9522887998291438,0.9941300022602693,0.9422889942896445
OPCID_6abc058ae2242c3c,OPCID,0.9957131395115701,0.8952096456469049,0.9961045179756599,0.8849423353586845,0.9954337618798615,0.8605733130889496
OPCID_c0709bc7c08ec44f,OPCID,0.9952995957701294,0.9355822528853186,0.9956460477211286,0.9292919613735607,0.9926704643109299,0.9143560151281674
OPCID_c8522caa8fd83322,OPCID,0.9955565627924434,0.964366307313757,0.996159729073196,0.9609198832350323,0.9938009315976203,0.9526639443825919
OPCID_630c92ecf870fece,OPCID,0.9959439444561654,0.8706684636071151,0.9964059241001673,0.8579610853548847,0.9953422670125714,0.8278312124419585
OPCID_adee45e8dfb40894,OPCID,0.9955737290947186,0.9179265165734903,0.9961216944565481,0.9098964312334301,0.9935271095591635,0.890815463322986
OPCID_079060fd1545272e,OPCID,0.995749810069138,0.8754763275735173,0.99616260349824,0.8632771077838051,0.995142706592759,0.8343559279417812
OPCID_3808275a8edee593,OPCID,0.9959449930471419,0.7957617171964836,0.9963841510753868,0.7756913173338955,0.9955033635752417,0.7281316141688231
OPCID_e946d7d808213e3f,OPCID,0.9962789733541981,0.8168163942461059,0.9968335849939682,0.7989467845682959,0.9954190134607267,0.7562622409474213
OPCID_ee3461cf21068a4c,OPCID,0.9963461876525244,0.703687496108226,0.9966672757925095,0.6744275593995285,0.9958584000079588,0.6050470338954144
OPCID_210f8ff672fa4c9a,OPCID,0.995440490033878,0.8761788123495695,0.9961454817556197,0.864013863098141,0.9956618130388316,0.8351807011356688
OPCID_e04790b97d37c16e,OPCID,0.9956421530660227,0.9018490697208277,0.9961077993272707,0.8922225960809305,0.9952275576003653,0.8694016587344309
OPCID_149d0308ae463e46,OPCID,0.9941738778044191,0.9512961351194958,0.9948405029552481,0.9465574718365112,0.9884989000109458,0.9353201894621492
OPCID_8429a777f942f05d,OPCID,0.9961047085161802,0.8290117526019929,0.9965009109507218,0.8121970367891623,0.995393334778344,0.7723492429151869
OPCID_bb60f5d218faa929,OPCID,0.9958891337560658,0.9017607320112857,0.9963789390287126,0.8921437964000959,0.9950642398155811,0.8693147529355122
OPCID_dee7d45a8897305b,OPCID,0.9961221059376443,0.9084008420150561,0.9965848534035238,0.8994148179927365,0.994955400422697,0.8781200691143467
OPCID_ad7cb00f8c882c61,OPCID,0.9957500587284036,0.9214850706126857,0.9962357640495318,0.913804064821412,0.9943334011418531,0.8955791384871753
OPCID_b7f0a78b5bc75834,OPCID,0.9951510838692479,0.9467543431805476,0.9955606497117249,0.9415606351274552,0.9935564441585721,0.9292582598481337
OPCID_725a69a69963ad59,OPCID,0.9944681980130812,0.9702025816328119,0.9950235070132571,0.9673347017565436,0.9893993268500819,0.960461586306644
OPCID_3b8eefccce2e36fc,OPCID,0.9957924762059847,0.7888711446891251,0.9961874336813977,0.7680983340451422,0.9951707280916606,0.7188876245797825
OPCID_5c038f6d802a0373,OPCID,0.9955536781130938,0.9505915263190396,0.995797820542958,0.9457870113228556,0.9939472633790764,0.9343626286097537
OPCID_3ca243441c0a5a91,OPCID,0.9944144386774865,0.9535431904155793,0.9950767981107936,0.9490462683717634,0.9926860236391486,0.9383425881513654
OPCID_6e5625e30f0c3e40,OPCID,0.9954324925650424,0.9789374155870194,0.9957854181811314,0.9770332116946335,0.9935300693124068,0.97220087849512
OPCID_f124da0b3913d5c3,OPCID,0.9955944406279268,0.9465874041554557,0.996029491817835,0.9413717079732749,0.9948749613623808,0.9289986027456583
OPCID_a2fcb5ddde5dbcf6,OPCID,0.9957960166734943,0.9515866202129241,0.9961287046989725,0.9468583728594576,0.9945927535913772,0.9356464832493397
OPCID_7a387ab67a4e089c,OPCID,0.9952909063050985,0.9251553965118459,0.9957596936506783,0.9178329898934212,0.9951717125238394,0.9004946837803619
OPCID_22365f72e65106b5,OPCID,0.9955686267024263,0.8924576147768185,0.9959687174359818,0.8819342297645535,0.9964237404826591,0.8570561325176436
OPCID_092946eccc52a81c,OPCID,0.995794081954436,0.8533226809497251,0.9961441317668897,0.8389481338877645,0.9955795668807741,0.8048770425005992
OPCID_f235f321095064d1,OPCID,0.9960449384517929,0.9156982102685856,0.9963286569863659,0.9074478674026255,0.9946988303827737,0.887892692432716
OPCID_52757c7e517094bd,OPCID,0.9959300785214014,0.9064906243882171,0.9964914368183713,0.8973254506367413,0.9955263583340731,0.8756024491579462
OPCID_4a51b9db831f2860,OPCID,0.9955172876008763,0.8414045288399511,0.9957895856487047,0.8258422929598205,0.9954318642271918,0.7889958577957554
OPCID_b9f55508e75e487b,OPCID,0.9955101667225124,0.8090297767219867,0.9959010137350954,0.7902895903785251,0.9951976975851637,0.7458719864691777
OPCID_1d111d2805e7745b,OPCID,0.996048533414345,0.7583222051708128,0.9963605212515271,0.7345604890924782,0.9960402414140069,0.6782802404348898
OPCID_54d272e23bb92a3b,OPCID,0.996634169947929,0.8555912438726505,0.9970419661741025,0.8414309473551241,0.9962391924225457,0.807833121245445
CHID_10c0edbfd02353c9,CHID,0.9955557143106035,0.851946114582146,0.9960665011332939,0.8373900664756863,0.9927829300825635,0.80289577771254
CHID_d5d6186c6918f2bb,CHID,0.9952581317645778,0.9150997022203922,0.9955542633054459,0.907083639805272,0.9941277028418218,0.8880785603808699
CHID_21f48d066f082128,CHID,0.9961318879391456,0.88235681863888,0.996578944753177,0.871743242428224,0.9956797254947745,0.8465896230291283
CHID_85b41ba2b9c36824,CHID,0.9960230284969698,0.7808128385589559,0.9964059624040476,0.7627116900745047,0.9934792968105769,0.7152111998829467
CHID_c16193a866007239,CHID,0.9949481256356937,0.8473566334920082,0.9953879019688605,0.8323242341381851,0.9945767120405499,0.7966847550662423
CHID_ddb48e888603fa31,CHID,0.9957803935693892,0.930114262909614,0.9961375389236049,0.924235443264339,0.9934158150077644,0.9108373042195563
CHID_9ee02f36e2c46f9c,CHID,0.9947580488029915,0.7722985096119531,0.9952457526859263,0.7498447480915065,0.9933170572709142,0.696598851963075
CHID_98a77fbf535246a2,CHID,0.9947844720531815,0.8109058977610086,0.995351950321623,0.7921609173719578,0.9911423986278352,0.7476171510781918
CHID_5977802645c5a666,CHID,0.9953757197760127,0.8176291936419128,0.9961372156074433,0.799626719996257,0.9936698607201221,0.7568764140388549
CHID_2ca33fd28f8ff17d,CHID,0.9956398648913327,0.748386663893606,0.9962359793737663,0.7235425623164912,0.9943416953626243,0.6646047482764279
CHID_e99742d9fb1834b2,CHID,0.9955920787318425,0.8910163025706181,0.9958332772062558,0.8803198077025335,0.9899259952575851,0.8549911020293858
CHID_3dbc3a51ad1f4a2e,CHID,0.9952436035868821,0.8423757623795055,0.9959589898382233,0.8268948055752157,0.9909985014253936,0.7902032822906815
CHID_22cd1a298e3f8de6,CHID,0.9951802187513227,0.770211551144895,0.9957641998943243,0.7475994339210829,0.9931055546473342,0.6940190981472028
CHID_a3539b4c5da95bec,CHID,0.995406057665556,0.8478769672936453,0.9962081499220281,0.8329341158021891,0.9926187859875594,0.797519126839402
CHID_242423613227795b,CHID,0.9953128833568029,0.8306473341695428,0.9958509146608401,0.8140304365380042,0.9939786796115716,0.774523472436149
CHID_bb5176753cf7c269,CHID,0.9953116351059828,0.8468181751021968,0.9958680332479923,0.8317298214126801,0.9924362093279128,0.7959696642862806
CHID_f834d1ac36e1b8fa,CHID,0.9962443450932066,0.837986041386647,0.9968049894150801,0.822054790873796,0.9915499900625586,0.7843064182217215
CHID_0fd794b4635bec68,CHID,0.9962895941193249,0.9493122479211479,0.9967692819126572,0.9444413659878803,0.9940844929329548,0.9330759373611622
CHID_73f567423cf41748,CHID,0.9951984889284065,0.9015612320668727,0.9957126671750179,0.8919046636731612,0.9933278588119359,0.8690177757211772
CHID_f06b787cca3dcb95,CHID,0.9964781869979491,0.9504988332930374,0.9968325844704538,0.9457970439827205,0.9949452243457,0.9345652470932782
CHID_829be93d3f3a9719,CHID,0.9957161833858547,0.9490585312563016,0.9961994592897516,0.9447800768905317,0.9923338413052456,0.9344367108917511
CHID_2dad41c5a944685a,CHID,0.9956162488751485,0.8731945669247669,0.9960264195499349,0.8607433112862539,0.9921777335251015,0.8312609240785814
CHID_719d61be1e7fecf1,CHID,0.9954911444008031,0.8941347623159631,0.9961714738193732,0.8837457257237477,0.9948140358197972,0.8591232147617626
CHID_0def30026dacfa28,CHID,0.9956959858184106,0.9679835689988692,0.996127037902788,0.9650780230501292,0.9950462181352043,0.9582397332817483
CHID_52339c707e099308,CHID,0.9954458982482459,0.8569807455356862,0.9958431335106008,0.8429252505411345,0.9930017941253693,0.8095994861831357
CHID_299eef69ee510b9f,CHID,0.9953605940153475,0.8399983609093479,0.995920428950063,0.8242672787724608,0.9947228934770062,0.7869573567992807
