epoch,train_loss,train_accuracy,train_macro_f1,val_structure_macro_f1,val_structure_loss,val_structure_accuracy
1,1.0113598874990377,0.5062240663900415,0.4257638075105505,0.3301127214170692,0.9951179027557373,0.4807692307692308
2,0.9178901292476417,0.6120331950207469,0.4919467447743309,0.4786121393736413,0.8527769446372986,0.5961538461538461
3,0.8866696239012406,0.3921161825726141,0.40367931640291727,0.5339869281045752,0.8095461130142212,0.6153846153846154
4,0.8364559179519717,0.5560165975103735,0.48887649058050336,0.25501253132832075,1.0927600860595703,0.38461538461538464
5,0.8769120795350847,0.5892116182572614,0.4942293073059442,0.5353535353535354,0.806174635887146,0.6730769230769231
6,0.7963843129235184,0.6224066390041494,0.5348328941481665,0.5671950804981304,0.8024962544441223,0.6923076923076923
7,0.726126622980561,0.6742738589211619,0.5885585790956984,0.5425153112092295,0.7508240342140198,0.6153846153846154
8,0.6632445385347263,0.6887966804979253,0.6248980419922078,0.4863370547581074,0.7354795932769775,0.5384615384615384
9,0.6726506147147214,0.6701244813278008,0.6023658761960321,0.514336917562724,0.7879055738449097,0.6346153846153846
10,0.6151253865467562,0.7095435684647303,0.6267768895577633,0.2718321226795803,1.7105154991149902,0.4230769230769231
11,0.5410551684773315,0.6887966804979253,0.6260228593493317,0.4288600288600289,1.0041019916534424,0.5961538461538461
12,0.5285617078488298,0.6639004149377593,0.6116077180473466,0.1431159420289855,2.1250498294830322,0.19230769230769232
13,0.5539135764743283,0.6742738589211619,0.6178825437786372,0.5251103290318976,0.6228891015052795,0.5192307692307693
14,0.5089747876052539,0.7033195020746889,0.6357347953601965,0.4565580618212197,0.9162233471870422,0.5576923076923077
15,0.5194579360396041,0.6701244813278008,0.6125352824021226,0.5850427350427351,0.7055075764656067,0.6730769230769231
16,0.5199489189752404,0.6970954356846473,0.6275666732843624,0.49655172413793097,0.6792300343513489,0.5961538461538461
17,0.49249356267857847,0.6597510373443983,0.6125159246245588,0.29011425732737206,2.2924916744232178,0.46153846153846156
18,0.5050643613229648,0.6825726141078838,0.6260200676584429,0.6251851851851852,0.9489285945892334,0.7884615384615384
19,0.5200020419240492,0.6804979253112033,0.631958985127171,0.6164251207729469,0.8325594067573547,0.7115384615384616
20,0.47435783350616073,0.6784232365145229,0.6261195717984815,0.32996632996632996,1.7771039009094238,0.4807692307692308
21,0.5493713211716458,0.6431535269709544,0.6001769193707749,0.420479302832244,0.7906292676925659,0.46153846153846156
22,0.4996523065685731,0.6576763485477178,0.6081338261133411,0.5664679216632054,0.5821633338928223,0.5961538461538461
23,0.4574014265012939,0.7095435684647303,0.65504995477362,0.5588793922127256,1.0351279973983765,0.6923076923076923
24,0.4289000378110102,0.7136929460580913,0.662827583650701,0.27409372236958446,1.1377428770065308,0.4423076923076923
25,0.4082359763101918,0.7261410788381742,0.6697706428461073,0.378709591944886,0.9369761347770691,0.4423076923076923
26,0.4417235920538051,0.7095435684647303,0.6619156661532658,0.49295652925416994,0.7441886067390442,0.5
27,0.4397611344750986,0.7074688796680498,0.653357682942458,0.5397817660370594,0.7619032859802246,0.5384615384615384
28,0.4488795813312174,0.6514522821576764,0.6162575583269124,0.5714756258234519,0.9072151184082031,0.7115384615384616
