region_id,chrom,start,end,center,length_bp,representative_window_id,best_p,best_scale,best_branch,from_small_density,from_small_shape,from_medium_density,from_medium_shape,from_large_density,from_large_shape,n_support_channels,n_support_proposals,rep1_support,rep2_support,zero_axis_flag,known_center_overlap,known_interval_overlap,known_types,known_structure_ids,support_channels,known_overlap,cnn_replicate_cosine,small_replicate_cosine,medium_replicate_cosine,large_replicate_cosine,fused_replicate_cosine,padded_any_replicate
FREG_8b3b63cc3da721ad,MG1655,38400,51200,44800,12800,WIN_large_f80bd2a5cab5ad62,0.0213667409470835,large,shape,False,False,False,False,False,True,1,1,0,1,False,False,True,OPCID,OPCID_a48ec8c6b5e6e38b,large_shape,False,0.7818232111185176,0.9128424420899611,0.9761112969876803,0.9828816659001247,0.9267272496553104,False
FREG_79903927251dcee0,MG1655,55600,58800,57200,3200,WIN_small_7aea722bde7eea2d,0.0349170435192299,small,shape,False,True,False,False,False,False,1,1,1,0,False,False,True,CHIN;OPCID,CHIN_d2deb5271c6a5cdd;OPCID_a48ec8c6b5e6e38b,small_shape,False,-0.1957595219507544,0.9085954129658715,0.9711468413768689,0.9382840991012967,0.7565790891616343,False
FREG_8b001013a888b1a1,MG1655,72000,115200,106800,43200,WIN_small_20b587d476552d71,0.0013404867889791,small,density,True,True,True,False,True,True,5,20,17,17,False,True,True,CHIN;OPCID,CHIN_e75b43fe8984729d;OPCID_a3c7ad9c66cf12f1;OPCID_eaf35ae5cddf4c0d,small_density;small_shape;medium_density;large_density;large_shape,True,0.9971003860822958,0.9829853121441057,0.9958551058404231,0.9123645186961364,0.9900907827749251,False
FREG_a30994c0bfee6cb5,MG1655,116800,131200,127200,14400,WIN_small_d1f97192bfb7e961,0.0018957345971562,small,density,True,False,True,False,True,False,3,9,9,8,False,True,True,OPCID,OPCID_07d051796dc7059b,small_density;medium_density;large_density,True,0.9966971366320159,0.9825933994271874,0.9901153022182687,0.986362098424248,0.9867405007408819,False
FREG_b96ff6000f97801f,MG1655,152400,155600,154000,3200,WIN_small_6921f8a4f68672bf,0.0073421485236158,small,shape,False,True,False,False,False,False,1,1,1,1,False,True,True,CHID;CHIN,CHID_10c0edbfd02353c9;CHIN_72b6b435a0910cba;CHIN_813ba6e5d823057e;CHIN_8bc99ad127e36986;CHIN_ec0a221413a0122f,small_shape,True,0.6742206497236777,0.9616683464325534,0.9376036456950656,0.9485609932662046,0.8425201996295316,False
FREG_c9e5776010a19d77,MG1655,166800,170000,168400,3200,WIN_small_c1c627b64ddf19ef,0.0125032283964668,small,shape,False,True,False,False,False,False,1,1,1,0,False,False,False,,,small_shape,False,0.21011734278725985,0.9420555831370735,0.8987286620173336,0.9955095910757562,0.8831655274306727,False
FREG_3c17a76c91ba3620,MG1655,172000,178400,176400,6400,WIN_small_1fc5c9afe3919ca7,0.0069653736761605,small,shape,False,True,False,True,False,False,2,3,3,3,False,False,False,,,small_shape;medium_shape,False,0.10012226564721709,0.9694429093892495,0.9746120756863105,0.9848026407449108,0.9430695543356281,False
FREG_753c04c042d56855,MG1655,182400,185600,184000,3200,WIN_small_dc73631a06c29418,0.0431982137065623,small,density,True,False,False,False,False,False,1,1,0,1,False,True,True,OPCID,OPCID_ef9d936de4b62940,small_density,True,0.9638363415581681,-0.00220346791335843,0.8027553224476444,0.4199438823389004,0.6029353878588036,False
FREG_dec59bcf830d2ee6,MG1655,192000,204800,200400,12800,WIN_small_1275a2024481ef21,0.0241659692587335,small,density,True,False,True,False,True,False,3,6,6,6,False,True,True,OPCID,OPCID_1612f8f2ea7e9f06;OPCID_4c1cd6d81f6b0f95;OPCID_d003e176e8d23c63,small_density;medium_density;large_density,True,0.9797235984567013,0.9142411756549376,0.93058479254129,0.9436387847914144,0.9563032907283457,False
FREG_ad860f3d4752bd1d,MG1655,209600,225600,216000,16000,WIN_large_8f32c8affeab8647,0.0117030459970869,large,shape,False,True,False,True,False,True,3,3,1,3,True,False,False,,,small_shape;medium_shape;large_shape,False,0.4068315831585287,0.6990849332576775,0.9497591274332791,0.9937064279303859,0.8398623049657333,False
FREG_647ab946884b4026,MG1655,230800,234000,232400,3200,WIN_small_d274d07f5b7f007f,0.0331618117242386,small,shape,False,True,False,False,False,False,1,1,1,1,False,False,False,,,small_shape,False,0.16309921755412737,0.9605899086811435,0.9771829034484218,0.997808210630986,0.9326579215145993,False
FREG_8814232e60629894,MG1655,262400,284800,268800,22400,WIN_large_70e734eccd7094f2,0.0067567567567567,large,shape,False,False,False,False,False,True,1,2,2,1,True,True,True,CHIN,CHIN_5a72ba4e9470db3b,large_shape,True,0.8242061664174791,0.8083077162770311,0.9413286953255272,0.9968084190180359,0.9781065716948366,False
FREG_4b056190f9431017,MG1655,316400,328000,322400,11600,WIN_small_f56f1927667c7556,0.0009478672985781,small,density,True,True,True,False,False,False,3,5,5,5,False,True,True,CHID;CHIN;OPCID,CHID_d5d6186c6918f2bb;CHIN_b10a121ad52a995a;OPCID_392028707b8a2532,small_density;small_shape;medium_density,True,0.9281645422988589,0.9957107508006795,0.9981794184410078,0.9836054430140572,0.9602595888849811,False
FREG_3c0c965bf49bf58f,MG1655,328000,337600,332800,9600,WIN_small_62e9940f6291a66a,0.0087901597113701,small,shape,False,True,False,True,False,False,2,4,4,3,False,True,True,CHIN,CHIN_312a74a025dbb29e,small_shape;medium_shape,True,0.9481632673862037,0.9585014934753222,0.9871678931332858,0.9779904191424267,0.9392907537242331,False
FREG_a7d017e8cfb1a69c,MG1655,394400,397600,396000,3200,WIN_small_07e93baf19c56589,0.044286810943028,small,shape,False,True,False,False,False,False,1,1,0,1,False,False,False,,,small_shape,False,0.7270941642590959,0.9473710061210713,0.9770778855418423,0.9969939096835471,0.9102845218924774,False
FREG_0a91cd1113f47b87,MG1655,405600,408800,407200,3200,WIN_small_bb029553d76cd6f4,0.0169824387366527,small,shape,False,True,False,False,False,False,1,1,1,0,False,False,False,,,small_shape,False,0.7774086232444332,0.971843007650677,0.9692408902723435,0.983263263347158,0.9327660866833208,False
FREG_284850edfc48c40c,MG1655,409600,422400,416000,12800,WIN_large_30adab270e4a6cbb,0.0067567567567567,large,shape,False,True,False,False,False,True,2,2,2,2,False,False,False,,,small_shape;large_shape,False,0.9087992198984538,0.8738090770435247,0.9756653132633046,0.9928235193333796,0.9396458258588322,False
FREG_ea4389647e4ec2cd,MG1655,427200,433600,431200,6400,WIN_small_143fe6ef4fce6286,0.0279580686327063,small,density,True,False,True,False,False,False,2,3,3,3,False,True,True,CHIN;OPCID,CHIN_0dd4c64ce8f39b0c;OPCID_4421803242064dec,small_density;medium_density,True,0.9530469059554186,0.7933704569522089,0.9721951114986439,0.9605376900711855,0.8974574225040143,False
FREG_4405dec493e25a84,MG1655,446800,455600,450000,8800,WIN_small_69f378fc65c51c2e,0.0037914691943126,small,shape,False,True,False,True,False,False,2,4,4,3,False,False,False,,,small_shape;medium_shape,False,0.7541231084154715,0.9206604684194769,0.9839229505446722,0.9873314701897127,0.9263563954693974,False
FREG_10132b1169a31424,MG1655,456800,464000,462400,7200,WIN_small_3a7994991a80791c,0.0350582786898708,small,density,True,False,True,False,False,False,2,2,2,1,False,False,False,,,small_density;medium_density,False,0.9804454388191041,0.8314488450615178,0.929284798306545,0.9586214151905361,0.9447165373248229,False
FREG_64eb9e44963b14eb,MG1655,464000,478400,465600,14400,WIN_small_ede0581a54913cb5,0.0121755759039478,small,shape,False,True,False,False,False,True,2,3,2,3,False,False,False,,,small_shape;large_shape,False,0.15168149625831903,0.9144329953645065,0.9099934980232681,0.8971175255974436,0.8469430606548186,False
FREG_474fdcbc9e65ac97,MG1655,481200,484400,482800,3200,WIN_small_e7c1479e3eb9facd,0.0284675970003434,small,shape,False,True,False,False,False,False,1,1,1,1,False,False,True,CHIN,CHIN_fba1a86abad8c7a7,small_shape,False,0.867603920388717,0.9121195179244589,0.9911311479672403,0.9964670034945969,0.966251422751574,False
FREG_70c0ff1525a8c939,MG1655,484800,500800,494400,16000,WIN_large_ca4a23657eb2f01e,0.0202702702702701,large,shape,False,False,False,True,False,True,2,2,1,1,False,False,False,,,medium_shape;large_shape,False,0.9938369033114712,0.6482020781115696,0.9231372627908971,0.9782885538434428,0.9218204280220663,False
FREG_6499c2593eae15c1,MG1655,503200,516800,506400,13600,WIN_medium_6518576628f7c007,0.0351059048335719,medium,shape,False,True,False,True,False,True,3,3,3,0,False,True,True,CHIN,CHIN_71efee1581148a83,small_shape;medium_shape;large_shape,True,-0.1361013928700692,0.7699006216834918,0.9832566331991693,0.9763143444585505,0.7965594076954543,False
FREG_3d4a95743b89a9c1,MG1655,525600,528800,527200,3200,WIN_small_08e983931f487aac,0.0013404867889791,small,shape,False,True,False,False,False,False,1,1,1,1,True,True,True,CHIN,CHIN_80c12c16922655e6,small_shape,True,0.992896696990879,0.9933459413534201,0.9828339835075743,0.9965413713138386,0.9874830984560646,False
FREG_1624931bb4079346,MG1655,540800,547200,544000,6400,WIN_medium_92edf821dbe41d04,0.049755058472696,medium,shape,False,False,False,True,False,False,1,1,0,1,False,True,True,CHIN,CHIN_765ae5aaa92eba4c,medium_shape,True,0.9363843294695857,0.9180768229839688,0.9840691948849452,0.9063114230316578,0.9286894612493839,False
FREG_b047c0b64d8f6b65,MG1655,559200,562400,560800,3200,WIN_small_93168e794789ea27,0.0395159499254517,small,shape,False,True,False,False,False,False,1,1,1,0,False,True,True,CHID;CHIN,CHID_21f48d066f082128;CHIN_0665f54cdc25bc86;CHIN_24c69819d9eb0ea3;CHIN_7f52b12dfe4fe133,small_shape,True,0.9191164511202377,0.895611092171359,0.9328840559525114,0.9739656044339167,0.8969014638797334,False
FREG_b281c30546d2f2dd,MG1655,606400,612800,609600,6400,WIN_medium_2074db0063e642ec,0.0080187537387447,medium,shape,False,False,False,True,False,False,1,1,1,1,True,False,False,,,medium_shape,False,0.9518126119882813,0.9999443593766517,0.9950747035341848,0.9816469951647327,0.9942424808019003,False
FREG_0eaff5f92d811c81,MG1655,630000,633200,631600,3200,WIN_small_cf3dedf49e94ebe0,0.0326979873187873,small,density,True,False,False,False,False,False,1,1,1,1,False,True,True,OPCID,OPCID_10f9269e6bda4947,small_density,True,0.9547541847695604,0.9429516148979759,0.9911231348174669,0.9498427631359087,0.9413059311419831,False
FREG_f2730b027c33cc50,MG1655,662400,668800,665600,6400,WIN_medium_b1c6ba4fc68e30ab,0.0204438908942773,medium,shape,False,True,False,True,False,False,2,3,3,1,False,False,True,CHIN,CHIN_f93cc107dd51e45a,small_shape;medium_shape,False,0.21409381125825694,0.8340331631104775,0.974358283910113,0.9812941750177897,0.8737047835381763,False
FREG_a4aad970926aefdc,MG1655,672400,680800,679200,8400,WIN_small_19dfffd7b087e7ef,0.0192862463975125,small,shape,False,True,False,False,False,False,1,3,3,1,False,True,True,CHIN,CHIN_12300449726e7c4d;CHIN_5112515e92b132f5,small_shape,True,0.912835443591251,0.8988880864307851,0.9492660260164181,0.9755738871962709,0.9121689902955463,False
FREG_f5ef0631b11a8bec,MG1655,685600,688800,687200,3200,WIN_small_e583ca740188b29e,0.0288282584374308,small,shape,False,True,False,False,False,False,1,1,0,1,True,False,False,,,small_shape,False,0.5363323301908752,0.7889699889003553,0.9974054188731979,0.9372316393606897,0.693215247682368,False
FREG_b80bb97bc30309d3,MG1655,696000,699200,697600,3200,WIN_small_2c491e3402a6b45c,0.0269767762478818,small,shape,False,True,False,False,False,False,1,1,1,0,False,False,True,OPCID,OPCID_9dc38e719d08f155,small_shape,False,0.5480630737205081,0.9043715438934201,0.8732042372622102,0.9290587777940313,0.8230156124650821,False
FREG_a4bcec0e05a4ae7e,MG1655,727600,730800,729200,3200,WIN_small_d81c0d27448fb05c,0.0323388096857477,small,shape,False,True,False,False,False,False,1,1,1,0,True,False,False,,,small_shape,False,0.9762053177863796,0.9919744189820406,0.9999516723889743,0.9999703128625282,0.9935190661159484,False
FREG_927d40c86ef7b1d4,MG1655,731200,744000,734400,12800,WIN_small_7755745f1f34005f,0.0009478672985781,small,shape,False,True,False,True,False,True,3,5,4,5,True,True,True,CHIN,CHIN_101609e6a031b5b2;CHIN_31f753a6c5032426,small_shape;medium_shape;large_shape,True,0.9956947762629975,0.9949492187367299,0.999937069284324,0.9999308103659205,0.9948448147803691,False
FREG_23a197fcaf4df8d6,MG1655,746800,750000,748400,3200,WIN_small_c597296dbac5d18c,0.047241462727496,small,shape,False,True,False,False,False,False,1,1,1,0,False,True,True,CHIN,CHIN_d09cbcfd88a8bdfb,small_shape,True,0.5952114278915124,0.9171012538867531,0.9126409792895195,0.9824917202520261,0.8971082221625282,False
FREG_c9d7ff0094b7ea19,MG1655,756000,759200,757600,3200,WIN_small_58221bf5792c2bad,0.0336459513730781,small,shape,False,True,False,False,False,False,1,1,1,0,False,False,False,,,small_shape,False,0.8803300870827552,0.9304334676164624,0.9717476116439572,-0.2400342149671244,0.79040250092008,False
FREG_bf274765f64dcf2e,MG1655,761600,780800,771600,19200,WIN_small_4e830f95e4bf64f5,0.0009478672985781,small,density,True,False,True,False,True,False,3,7,7,7,False,True,True,OPCID,OPCID_17d26e5c8bdd11fa;OPCID_69a72fb00fdc2938,small_density;medium_density;large_density,True,0.9657190413800366,0.9819452458660849,0.9995236709673657,0.9979188893275722,0.9769829120291723,False
FREG_a4e511e692667b31,MG1655,782400,801600,795200,19200,WIN_large_19639d02a0421e81,0.0067567567567567,large,shape,False,True,False,True,False,True,3,8,6,6,False,True,True,CHIN,CHIN_0f74c85e412d80b9,small_shape;medium_shape;large_shape,True,-0.17832208455509882,0.9426978757790595,0.988835942708702,0.9969997262277135,0.9015663079898243,False
FREG_0d155d5ff59aced5,MG1655,826800,848000,835200,21200,WIN_large_3123884949ba1bfc,0.0117030459970869,large,shape,False,True,False,True,False,True,3,4,2,4,False,False,False,,,small_shape;medium_shape;large_shape,False,0.3735070664753949,0.8567537937656262,0.9519203784481188,0.9865331866252633,0.8965725515435833,False
FREG_1b9581ca537f3ca7,MG1655,853200,856400,854800,3200,WIN_small_990e16b5bf1ebd0c,0.0350582786898708,small,shape,False,True,False,False,False,False,1,1,1,1,False,False,False,,,small_shape,False,0.7568563523832496,0.9299533433399639,0.9896846532325058,0.9720472171701985,0.9365000525055716,False
FREG_0b1a4fcdb4c6b0f0,MG1655,862400,875200,868800,12800,WIN_large_660f52497dcc31c3,0.0117030459970869,large,shape,False,True,False,False,False,True,2,2,2,1,False,True,True,CHID;CHIN,CHID_c16193a866007239;CHIN_8110991a73e48713,small_shape;large_shape,True,0.008045400165652002,0.720273270738798,0.9540094472600071,0.9950484404093819,0.8477840001123901,False
FREG_c2261ccf4f321488,MG1655,880000,894400,882000,14400,WIN_small_41db40a42c371690,0.0051916830095275,small,shape,False,True,False,True,False,True,3,5,3,4,False,False,False,,,small_shape;medium_shape;large_shape,False,0.11913283607718321,0.9208043896524079,0.953791869277927,0.9806283454691685,0.8337740453819626,False
FREG_34dee77afce8adf5,MG1655,901600,908000,904000,6400,WIN_small_f4eb3abac767d226,0.0197010518396458,small,shape,False,True,False,True,False,False,2,3,2,2,False,False,False,,,small_shape;medium_shape,False,0.3904886846284275,0.852507402502896,0.9652869866045622,0.978927129970552,0.8748028191844406,False
FREG_7e5e958cbc9d5099,MG1655,922000,925200,923600,3200,WIN_small_ee571ab9c09898da,0.0414360056765769,small,density,True,False,False,False,False,False,1,1,1,1,False,False,False,,,small_density,False,0.9083275493613859,0.9478959953223689,0.9099223305860175,0.9798875470381199,0.8862129872864156,False
FREG_a200f3db7a36dfd1,MG1655,928800,932000,930400,3200,WIN_small_694b02ebc30fcd1b,0.0097127495411938,small,shape,False,True,False,False,False,False,1,1,1,1,False,False,False,,,small_shape,False,0.49732807858180533,0.81738252151659,0.7496442726611312,0.9808513520724549,0.7163882374227247,False
FREG_42d3e2f15815267c,MG1655,932400,940400,938800,8000,WIN_small_3f079494be9b0ca7,0.0336192376321671,small,density,True,False,True,False,False,False,2,4,4,4,False,True,True,OPCID,OPCID_b1757a56703936d1,small_density;medium_density,True,0.9499731373507776,0.9840198210871824,0.9890245834354562,0.9976480188549403,0.9645752854707876,False
FREG_f777883f257cc56e,MG1655,949600,956000,952800,6400,WIN_small_8ddfdea63d23dbed,0.007093189358813,small,density,True,False,True,False,False,False,2,3,3,1,False,True,True,OPCID,OPCID_a6f2fecc54bc432d,small_density;medium_density,True,0.9698556760989463,0.9647125267649893,0.9931390385799281,0.9598322011651137,0.9550671084351561,False
FREG_2b068766c74074b7,MG1655,964000,982400,965600,18400,WIN_small_9921680e39d7e4d7,0.0023217912253867,small,shape,False,True,False,True,False,True,3,6,6,6,False,False,True,OPCID,OPCID_9ac65fd4bf038173,small_shape;medium_shape;large_shape,False,0.13052937096269662,0.9011985532762472,0.5248235454341312,0.9605302742932028,0.7765313279044445,False
FREG_3b8ffec8bac8d1a0,MG1655,982400,988800,985600,6400,WIN_small_10911837ea9ce07b,0.0184286465357568,small,density,True,False,True,False,False,False,2,3,3,3,False,False,False,,,small_density;medium_density,False,0.9542980376824998,0.9554533463047764,0.9716901375773664,0.7630007720059871,0.943331160895452,False
FREG_e7c23e613d40791d,MG1655,999200,1005600,1002400,6400,WIN_medium_aad1fc1e5f65ee1c,0.0179304784546638,medium,shape,False,True,False,True,False,False,2,2,2,1,False,False,True,CHIN,CHIN_3b157ef6413ebd3b,small_shape;medium_shape,False,0.8754616488801371,0.9183114805550682,0.9648373199677993,0.9864094222166302,0.9018704980770209,False
FREG_917de285b2fc037c,MG1655,1014800,1018000,1016400,3200,WIN_small_d445c9f4fc217e45,0.0100312845917135,small,shape,False,True,False,False,False,False,1,1,0,1,False,False,False,,,small_shape,False,0.7769521470229066,0.9385429384971223,0.6835440431121632,0.8461550520477774,0.81194113192954,False
FREG_c707a50ab3cedf2a,MG1655,1051200,1064000,1057600,12800,WIN_large_c07203f86b2adf36,0.0427334818941672,large,shape,False,False,False,False,False,True,1,1,0,1,False,True,True,CHIN,CHIN_04e54383f38f765c;CHIN_a61eedfc4b0326fc,large_shape,True,0.2193372031996371,0.526221079451183,0.9469491105143237,0.9729351988866365,0.7906900961954939,False
FREG_a877dd5588b4011c,MG1655,1093600,1126400,1108400,32800,WIN_small_78a22d652b4b7295,0.0045458118704383,small,shape,False,True,False,True,False,True,3,12,10,11,True,True,True,CHID;CHIN,CHID_ddb48e888603fa31;CHIN_5d2c28e9756edcc4;CHIN_81761ead4e5babcc;CHIN_a305212f1c632ac0;CHIN_ed327955a26354f8;CHIN_eece7eddb47ce44c;CHIN_f03aad61ac30b982;CHIN_f2eb436a00c8388f,small_shape;medium_shape;large_shape,True,0.5449428743025992,0.960208579947373,0.9525456205261581,0.9594067702096724,0.9024289086571026,False
FREG_34492219a64a9959,MG1655,1126400,1166000,1158000,39600,WIN_small_8581e1d8542acaf5,0.0013404867889791,small,density,True,True,True,True,True,True,6,25,24,23,False,True,True,OPCID,OPCID_430b7c0bb5fc530a,small_density;small_shape;medium_density;medium_shape;large_density;large_shape,True,0.9548945771929646,0.9954544458610147,0.9962819617695651,0.997226181722259,0.9563661611973168,False
FREG_fa4ddf1393df7982,MG1655,1175600,1180400,1178800,4800,WIN_small_3237cee8d080f178,0.0144995815552398,small,shape,False,True,False,False,False,False,1,2,2,1,False,False,True,CHIN,CHIN_c7e63e408c4c9165,small_shape,False,0.5483037413906362,0.9362108585883085,0.9761951402938583,0.9424437012416149,0.8918458179966708,False
FREG_32d3b2839ade9f00,MG1655,1190400,1196800,1194400,6400,WIN_small_a314ba884488a7c3,0.0274718042581788,small,shape,False,True,False,True,False,False,2,2,2,1,False,False,True,CHIN;OPCID,CHIN_30fa1007486e99c0;OPCID_0f71385a399dc767,small_shape;medium_shape,False,0.2947341593107544,0.9003096631326446,0.971112371960865,0.9590306607128555,0.8996664054491386,False
FREG_a322968e0e091669,MG1655,1196800,1200000,1198400,3200,WIN_small_058ccc12882da731,0.0437972134678593,small,density,True,False,False,False,False,False,1,1,1,0,False,True,True,CHIN,CHIN_0b96404ea31c5cc5;CHIN_30fa1007486e99c0,small_density,True,0.8757531997907954,0.8991178201824547,0.9362263582568577,0.9797020878307606,0.845729867840173,False
FREG_c8486e55b019f350,MG1655,1204000,1211600,1208400,7600,WIN_small_687d342b0fe20f78,0.0013404867889791,small,shape,False,True,False,True,False,False,2,3,2,3,False,True,True,CHID;CHIN,CHID_9ee02f36e2c46f9c;CHIN_a67bc4a756886582,small_shape;medium_shape,True,0.9627330570705047,0.9896052918255793,0.9907608054201674,0.9893052916399245,0.9843639862461332,False
FREG_d3cda5ffb81c91a3,MG1655,1220000,1223200,1221600,3200,WIN_small_7e425661cca091c7,0.020614751820788,small,shape,False,True,False,False,False,False,1,1,1,1,False,True,True,CHID;CHIN,CHID_9ee02f36e2c46f9c;CHIN_1da809bfbf2865bd;CHIN_39d26f4e365a3b6a;CHIN_48fed281505db35a,small_shape,True,0.9129871766672739,0.8764246764265498,0.9743660436364848,0.917497851208756,0.8990198848698163,False
FREG_1c0d76b1f1c8404e,MG1655,1226000,1229200,1227600,3200,WIN_small_1f4cbef9ffede61c,0.0482389029383865,small,shape,False,True,False,False,False,False,1,1,0,1,False,False,True,CHIN;OPCID,CHIN_f6588d529a4d5c83;OPCID_304b6ccbb191eb65,small_shape,False,0.25329569624638354,0.8980347743537066,0.8313530697764744,0.9476703747137326,0.7217887810455736,False
FREG_58716b8657663f82,MG1655,1232400,1235600,1234000,3200,WIN_small_48bafae9902d4c27,0.0280222663489942,small,shape,False,True,False,False,False,False,1,1,1,1,False,False,False,,,small_shape,False,0.5214915798868328,0.9368403310345131,0.937145917262714,0.982077924418077,0.8370374280750436,False
FREG_419b90a75035f08a,MG1655,1236800,1250400,1242000,13600,WIN_small_c47195ada6c207c8,0.0081538628123624,small,shape,False,True,False,True,False,True,3,6,6,3,False,True,True,OPCID,OPCID_7a866c11603150e7,small_shape;medium_shape;large_shape,True,0.2937349638835341,0.8756017946217366,0.989912976118043,0.9922844104164118,0.8610381814171411,False
FREG_53a68bc12f4553ab,MG1655,1250800,1256000,1252400,5200,WIN_small_a65abe69bc0249dc,0.0311356733756526,small,shape,False,True,False,False,False,False,1,2,2,0,False,False,True,OPCID,OPCID_7a866c11603150e7,small_shape,False,0.04489351464081533,0.9255470936983896,0.8953127489349357,0.8315025279433633,0.7415433613225277,False
FREG_ab8c4d5f9e40d1d7,MG1655,1256800,1264800,1260000,8000,WIN_small_d7838cf548101819,0.0139307473523213,small,density,True,False,True,False,False,False,2,3,3,3,False,False,False,,,small_density;medium_density,False,0.9756559058368326,0.9928100680665273,0.9923468233404419,0.9564148736776587,0.9779865782145413,False
FREG_18d6d6b9991c1e67,MG1655,1265200,1268400,1266800,3200,WIN_small_ba08e1cff1a34a90,0.0237345668730783,small,shape,False,True,False,False,False,False,1,1,0,1,False,False,False,,,small_shape,False,0.5641018095875358,0.9268748866172709,0.9743847993389871,0.974262880869141,0.897206846353108,False
FREG_f58b946f4319d3b7,MG1655,1287600,1315200,1302000,27600,WIN_small_3ec20958545f0cac,0.0009478672985781,small,density,True,True,True,True,True,False,5,22,22,20,True,True,True,CHIN;OPCID,CHIN_6de429ae4e16dc37;OPCID_3045d21bebe98beb,small_density;small_shape;medium_density;medium_shape;large_density,True,0.9078431423938734,0.990920205026345,0.9799881009840337,0.9988934742741425,0.962350820831228,False
FREG_89050f1e4d87cbd9,MG1655,1315200,1329600,1321600,14400,WIN_large_4801f24b32ecfa12,0.0202702702702701,large,shape,False,False,False,True,False,True,2,2,1,1,False,True,True,CHIN,CHIN_6de429ae4e16dc37,medium_shape;large_shape,True,0.4932329868023289,0.9039255639803943,0.6862370971303196,0.9781978906600124,0.8319195530799982,False
FREG_7bfe94b0db3815e0,MG1655,1338800,1342000,1340400,3200,WIN_small_81e9b584b7c6ed32,0.0302724538818412,small,density,True,False,False,False,False,False,1,1,1,1,False,True,True,OPCID,OPCID_414cf80847bd9929,small_density,True,0.9293181769716308,0.8482136425553545,0.9478328167591734,0.8487043330150271,0.9014193345959162,False
FREG_a35a88b667d2c36c,MG1655,1350400,1356800,1353600,6400,WIN_medium_edaf651bfe63d055,0.0103521665624989,medium,shape,False,True,False,True,False,False,2,2,2,2,False,True,True,OPCID,OPCID_129f719ef537ae3f,small_shape;medium_shape,True,0.33271481366365246,0.8968200059358774,0.9862574528914957,0.9589385417955604,0.8964718837033128,False
FREG_ddd616c6bc270d21,MG1655,1387200,1390400,1388800,3200,WIN_small_914b268c08e94ce7,0.0288594072941009,small,shape,False,True,False,False,False,False,1,1,1,0,False,False,False,,,small_shape,False,0.251346054956921,0.9189073630358747,0.9671859979328885,0.9864308841539028,0.8572639946435369,False
FREG_64e6e1a0f778ee71,MG1655,1390400,1393600,1392000,3200,WIN_small_b9489368a2996a22,0.0104265402843601,small,shape,False,True,False,False,False,False,1,1,1,1,False,False,False,,,small_shape,False,0.2734764328258063,0.9282278532272953,0.8407776892990871,0.9922312461251866,0.8570609438110244,False
FREG_cad61145e2da40c1,MG1655,1397200,1412800,1406400,15600,WIN_large_fb1c24d3cc0f66fa,0.0067567567567567,large,shape,True,False,False,True,False,True,3,3,3,2,False,True,True,CHIN,CHIN_ca2ad0322ec77659;CHIN_fc815dfb8c7f111c,small_density;medium_shape;large_shape,True,0.4904106884331724,0.8843688143414449,0.9724846687316596,0.9914268862582104,0.9005396564274573,False
FREG_82a811abb2714642,MG1655,1422400,1435200,1428800,12800,WIN_large_c0422c2cbe2c565e,0.0067567567567567,large,shape,False,False,False,False,False,True,1,1,1,1,True,False,False,,,large_shape,False,0.9104988621432477,0.7953095016683739,0.9419597299193296,0.9982389680576805,0.9662149692514866,False
FREG_0ec3deb6cb8e3a1f,MG1655,1442400,1445600,1444000,3200,WIN_small_60c27885e5f175a6,0.026489457085274,small,shape,False,True,False,False,False,False,1,1,0,1,False,False,False,,,small_shape,False,0.2569026795628434,0.7034819326111796,0.9764239751831467,0.9763037513439832,0.7784545828187618,False
FREG_7e16c0c4325e5d1d,MG1655,1464000,1476800,1470400,12800,WIN_large_9bb3913524a24d1b,0.0067567567567567,large,shape,False,False,False,False,False,True,1,1,1,1,True,True,True,CHIN,CHIN_20739850c2069452;CHIN_b62b5345635fb8d8,large_shape,True,0.9789929598592155,0.9999457249742568,0.9999750901592739,0.9956945210077566,0.9431225400052312,False
FREG_72207fa128f1023c,MG1655,1478400,1484800,1481600,6400,WIN_medium_5aee5f2b276f152d,0.0335448535791422,medium,shape,False,False,False,True,False,False,1,1,1,1,False,False,True,CHIN,CHIN_20739850c2069452,medium_shape,False,0.6156907376670476,0.8654088170407854,0.9855975348238744,0.9895789660604685,0.8984787815849992,False
FREG_d48616db2be0a1f1,MG1655,1491600,1494800,1493200,3200,WIN_small_bdf8083fa51f1e8b,0.0249525053669916,small,shape,False,True,False,False,False,False,1,1,1,0,False,False,False,,,small_shape,False,0.35990465954598777,0.8975206280392445,0.8601897454099143,0.9183554554333758,0.7907941447492204,False
FREG_6586b29a6604dd96,MG1655,1494800,1498000,1496400,3200,WIN_small_6bce2670d6863d2f,0.0492617496120806,small,shape,False,True,False,False,False,False,1,1,1,0,False,False,False,,,small_shape,False,0.03079178067528227,0.8855928840356161,-0.028387907833866816,0.9642232599978331,0.6722292023446786,False
FREG_9949ed981f76b32e,MG1655,1499600,1521600,1502800,22000,WIN_small_3078d21d6980657b,0.0044458917154723,small,shape,False,True,False,True,False,True,3,9,8,8,False,True,True,CHIN,CHIN_9c9130eaf8d782b3,small_shape;medium_shape;large_shape,True,0.17907035131723753,0.9090138992870027,0.9323525502000445,0.9887976064674917,0.8684732121184677,False
FREG_f76cb7ab00f0aa90,MG1655,1572000,1578400,1575200,6400,WIN_medium_4c05b52b2a077f7d,0.0098209275164797,medium,shape,False,True,False,True,False,False,2,2,2,2,False,True,True,CHIN,CHIN_a836f1c637e50e10;CHIN_d45c7c6f4a11fa68,small_shape;medium_shape,True,0.873040797321592,0.8416992262372597,0.9776695545149429,0.9487110421882234,0.8909567718023222,False
FREG_80d3aa7e4fed4c3d,MG1655,1579600,1582800,1581200,3200,WIN_small_5d5814dd01885a4c,0.0110539372414126,small,shape,False,True,False,False,False,False,1,1,1,0,False,True,True,CHIN,CHIN_76e05e2f594dedf6;CHIN_a836f1c637e50e10,small_shape,True,0.6801940624478966,0.8607309579023793,0.9652908605419127,0.954266333635265,0.7459849384698455,False
FREG_acd4b0f85d9048dc,MG1655,1589600,1596000,1592800,6400,WIN_medium_1aee286a3752ddc3,0.0340993515339264,medium,shape,False,False,False,True,False,False,1,1,0,1,False,False,True,CHID;CHIN,CHID_5977802645c5a666;CHIN_65f6e92014e70d27,medium_shape,False,0.8262188508470205,0.6629667998843484,0.9655942429809145,0.8124468604094197,0.8444622798840828,False
FREG_87dd9aab1b6e66cd,MG1655,1600000,1606400,1603200,6400,WIN_medium_ab2e46bfcfa47baf,0.0358609569093278,medium,shape,False,False,False,True,False,False,1,1,1,0,False,False,False,,,medium_shape,False,0.5363709887499106,0.8392069721712171,0.9545065446458141,0.9823072988488142,0.8453109827222105,False
FREG_5cce5084191e0890,MG1655,1611200,1638400,1625600,27200,WIN_large_840c9773180d910c,0.0067567567567567,large,shape,False,True,False,True,False,True,3,6,6,6,True,True,True,CHIN,CHIN_43f7d66b2dcd0645;CHIN_a11de8d01a5ecd10;CHIN_db385658b1636eac,small_shape;medium_shape;large_shape,True,0.6369853702258839,0.6436551522431133,0.8903375731143985,0.9863746585871076,0.811965649543132,False
FREG_843e663633f07293,MG1655,1672000,1675200,1673600,3200,WIN_small_40584ec5528a2225,0.0474691337461569,small,shape,False,True,False,False,False,False,1,1,0,1,False,False,False,,,small_shape,False,0.3059769157557681,0.9401661251754879,0.9637375148118728,0.9349372078252819,0.8339004515329723,False
FREG_e78028911b2a79a6,MG1655,1678000,1682800,1681200,4800,WIN_small_db5281228f188a36,0.0143124823417452,small,shape,False,True,False,False,False,False,1,2,2,1,False,False,False,,,small_shape,False,0.5112118848852901,0.920174301913089,0.945586885986596,0.9587668095367319,0.862889991484069,False
FREG_532acb0538fa2912,MG1655,1684800,1697600,1691200,12800,WIN_large_2ee3774b1494295b,0.0135135135135134,large,shape,False,True,False,False,False,True,2,2,2,2,False,False,True,OPCID,OPCID_1734fe040179910f,small_shape;large_shape,False,0.1911732047742611,0.5189007151787366,0.9227971424788108,0.987547418172613,0.8044491445148093,False
FREG_f489a38832c12330,MG1655,1697600,1700800,1699200,3200,WIN_small_62fc44f87092f7ab,0.020062569183428,small,shape,False,True,False,False,False,False,1,1,0,1,False,False,True,OPCID,OPCID_1734fe040179910f,small_shape,False,0.37926346589141313,0.9304845356144266,0.9769987464166144,0.9874131421111413,0.8673143708681772,False
FREG_2d76c2ca695e2900,MG1655,1704000,1712000,1706400,8000,WIN_small_5bebc985f37d34f6,0.0078163139822131,small,shape,False,True,False,True,False,False,2,3,1,3,False,False,True,OPCID,OPCID_1734fe040179910f,small_shape;medium_shape,False,0.27418735439889724,0.7636034071327078,0.9941514393800347,0.9812798405469263,0.8342493976875661,False
FREG_ab86a89c0c0253b1,MG1655,1712400,1715600,1714000,3200,WIN_small_512b81ff14e5143c,0.0249525053669913,small,shape,False,True,False,False,False,False,1,1,1,0,False,False,False,,,small_shape,False,0.4910899023904409,0.8917308065680739,0.9833768404730856,0.995121967047605,0.8098598315653751,False
FREG_f73b30ea5e8a03ef,MG1655,1720800,1724000,1722400,3200,WIN_small_c491605cffc495b3,0.0028436018957344,small,shape,False,True,False,False,False,False,1,1,1,1,False,False,False,,,small_shape,False,0.4286723806418633,0.8958169129229993,0.8407183247674322,0.9334734858661599,0.7904011201079022,False
FREG_1ef71e5980620b76,MG1655,1748000,1754400,1751200,6400,WIN_medium_44d38e87e24ca9a2,0.0323246297309465,medium,shape,False,False,False,True,False,False,1,1,1,1,False,True,True,CHIN,CHIN_ea1e5b49df376026,medium_shape,True,0.0994980805565618,0.7824061390121102,0.9854996910637581,0.9511698689416886,0.8168509153400749,False
FREG_b62702b2fe0600ff,MG1655,1758400,1771600,1764800,13200,WIN_large_349f5a3dd7192e00,0.0117030459970869,large,shape,False,True,False,False,False,True,2,2,2,1,False,False,True,CHID,CHID_2ca33fd28f8ff17d,small_shape;large_shape,False,0.23494939383108904,0.5467600419234683,0.8918181789234295,0.9872457471251039,0.7809212827178829,False
FREG_03e105604d014ba6,MG1655,1786800,1790000,1788400,3200,WIN_small_65b2983ab4e78dfd,0.0099413160963994,small,shape,False,True,False,False,False,False,1,1,1,1,False,False,False,,,small_shape,False,0.6051600342518693,0.9616538391425049,0.9264537768338152,0.988004769014099,0.9077518731606806,False
FREG_b7fb4af7ec2dbec0,MG1655,1790400,1812000,1800800,21600,WIN_small_217f2591736e3a16,0.0009478672985781,small,density,True,True,True,False,True,False,4,9,8,7,False,True,True,CHIN;OPCID,CHIN_0aff14c0f8d8b7e0;OPCID_ae970230ebbec9d2,small_density;small_shape;medium_density;large_density,True,0.9873819558417624,0.9958489683791861,0.9990471721560729,0.9929687753794644,0.9822945481759492,False
FREG_53c92e209ab0d7b9,MG1655,1820000,1826400,1822000,6400,WIN_small_e7f485f43a77d04f,0.0108073500009396,small,shape,False,True,False,True,False,False,2,3,2,2,False,False,False,,,small_shape;medium_shape,False,0.42844046780628064,0.9718375689584661,0.9874464431626324,0.9801025509050624,0.9193478788529381,False
FREG_7dc651ecec25e41d,MG1655,1830400,1843200,1836800,12800,WIN_large_295cec602611b69d,0.0067567567567567,large,shape,False,False,False,True,False,True,2,2,1,2,False,False,False,,,medium_shape;large_shape,False,0.7437070956700358,0.7571564468413791,0.9683517128265129,0.9858415518167605,0.9136899085519726,False
FREG_3df70068feca0a70,MG1655,1845600,1850800,1849200,5200,WIN_small_5648f44128c40998,0.0036710742618077,small,shape,False,True,False,False,False,False,1,2,2,1,False,False,False,,,small_shape,False,0.9647359451127541,0.9462904165954082,0.8733045541843271,0.9827018074553011,0.9451919471428901,False
FREG_f080d87158b570e1,MG1655,1854000,1860800,1858800,6800,WIN_small_a86b1dee4bfc9e9d,0.0151658767772507,small,shape,False,True,False,True,False,False,2,3,1,3,False,True,True,CHIN,CHIN_2a056e8d00f0d57e;CHIN_2f14634f1542e0cf,small_shape;medium_shape,True,0.5130513187785111,0.9274459992564604,0.9645071820015251,0.9514860568641941,0.8531698368751264,False
FREG_060e46470534df49,MG1655,1864000,1867200,1865600,3200,WIN_small_ddad769541101a46,0.0274718042581788,small,shape,False,True,False,False,False,False,1,1,1,0,False,False,False,,,small_shape,False,0.7904167379913433,0.9125174594602089,0.9884011439555775,0.7713585465819206,0.8919484797631705,False
FREG_c04ad4fa99531c81,MG1655,1871200,1874400,1872800,3200,WIN_small_183d368c4e70f7d0,0.0239230890315145,small,shape,False,True,False,False,False,False,1,1,1,1,False,True,True,CHIN,CHIN_1b43b15c8ca43bcc;CHIN_413c7aed4a1f2e45,small_shape,True,0.4979501630391266,0.9545907917482186,0.6996041609257373,0.9824487754865285,0.846050911849693,False
FREG_a6342a0a229388f1,MG1655,1876800,1894400,1878800,17600,WIN_small_50b4106b82f49d4b,0.0054450830772871,small,shape,False,True,False,True,False,True,3,4,4,3,False,False,False,,,small_shape;medium_shape;large_shape,False,0.13660896648518117,0.9308415966729514,0.9693525288432565,0.9900524274783502,0.8591715189427862,False
FREG_d2d392e1e3af249a,MG1655,1896000,1910000,1903200,14000,WIN_small_59ceaf23fa91788a,0.0009478672985781,small,density,True,True,True,False,True,False,4,9,9,7,False,False,False,,,small_density;small_shape;medium_density;large_density,False,0.9769218377128447,0.9866063054552555,0.9989015446819415,0.966013514527501,0.9713608011461891,False
FREG_95eff5b76065dafb,MG1655,1911200,1914400,1912800,3200,WIN_small_82c3326405a1c651,0.0134048678897922,small,shape,False,True,False,False,False,False,1,1,1,1,False,False,False,,,small_shape,False,0.8583742409577348,0.8486371427014685,0.8753894586836123,0.9613171642837737,0.8326567896617173,False
FREG_1c5ace96ef187329,MG1655,1916000,1922400,1917600,6400,WIN_small_96063a9b433ba6a5,0.0334853492562191,small,shape,False,True,False,True,False,False,2,2,1,1,False,False,False,,,small_shape;medium_shape,False,0.5906851040361687,0.8676451115979323,0.7051035848972261,0.8718108945210739,0.6677425762863676,False
FREG_0d709798f3eacad9,MG1655,1922400,1925600,1924000,3200,WIN_small_cfd73dc48447ec94,0.028906067643558,small,density,True,False,False,False,False,False,1,1,1,1,False,False,False,,,small_density,False,0.8350874407115877,0.9372857200947678,0.8876870644104712,0.8956214337126597,0.8229813100809436,False
FREG_1305eb571c3bb8a0,MG1655,1926400,1931200,1929600,4800,WIN_small_435f49e6c6e31204,0.0146842970472318,small,shape,False,True,False,False,False,False,1,2,2,2,False,False,False,,,small_shape,False,-0.2197760726870959,0.942383392828132,0.9714645617527803,0.9596473324100943,0.8172153055629742,False
FREG_ca7f6a3e36c26bb0,MG1655,1939200,1946000,1944400,6800,WIN_small_465d10fe1c310eb7,0.0036710742618078,small,shape,False,True,False,True,False,False,2,4,4,3,False,False,False,,,small_shape;medium_shape,False,0.2094306091218391,0.9087587595959266,0.9855974472051502,0.9968917281724664,0.9099087622562294,False
FREG_f5914e2608a3139c,MG1655,1961600,1975200,1971600,13600,WIN_small_612929a706b9d23b,0.0146229844744465,small,shape,False,True,False,True,False,True,3,3,2,1,False,False,False,,,small_shape;medium_shape;large_shape,False,0.8598101144152124,0.7792633790843,0.9579924313896229,0.9783478830717814,0.8671396875905927,False
FREG_fee885b91f90be59,MG1655,1988800,1995200,1993200,6400,WIN_small_da2472400aadad4b,0.0213217476382975,small,density,True,False,True,False,False,False,2,3,3,3,False,False,False,,,small_density;medium_density,False,0.9557044416345598,0.978988457479398,0.9729104310704416,0.7794892361716348,0.9490699053857213,False
FREG_d9e613a6da1bbfde,MG1655,2001600,2014400,2008000,12800,WIN_large_8a051bad7e65da5d,0.0067567567567567,large,shape,False,True,False,False,False,True,2,2,1,2,False,True,True,CHIN,CHIN_e79e0f2a30775d13,small_shape;large_shape,True,0.3585228089966898,0.7186042999574228,0.9741243111327976,0.992339348907483,0.8725855354044528,False
FREG_9514e59659180f9c,MG1655,2018000,2021200,2019600,3200,WIN_small_0b56c77019356ae5,0.0419852788442654,small,shape,False,True,False,False,False,False,1,1,0,1,False,False,False,,,small_shape,False,0.8674317699841035,0.8114310701175594,0.9170460184975577,0.9541885930834686,0.827007909382627,False
FREG_b63f841473fa35dc,MG1655,2024000,2036800,2030400,12800,WIN_large_970c16aa8f5f1d82,0.0067567567567567,large,shape,False,True,False,True,False,True,3,4,3,4,False,True,True,CHIN,CHIN_3316498dc3a118cd;CHIN_75bef55d7e6d8415,small_shape;medium_shape;large_shape,True,0.285005135985332,0.7747859232496286,0.9715389191955578,0.995350697641334,0.8958154563285622,False
FREG_df9791c4a4cf8e2c,MG1655,2042400,2045600,2044000,3200,WIN_small_b8df259c5c145edd,0.0405815632769812,small,density,True,False,False,False,False,False,1,1,1,1,False,False,False,,,small_density,False,-0.1511720497980843,0.9848710432182723,0.9799718570560958,0.7765088763570718,0.8585068279647018,False
FREG_bf3e1676e954ae7d,MG1655,2053200,2056400,2054800,3200,WIN_small_38130989fc36fe9c,0.0336459513730782,small,shape,False,True,False,False,False,False,1,1,1,0,False,False,True,CHIN,CHIN_ac3eded02b4ccf68;CHIN_ae3487f724c72e24,small_shape,False,0.9084761699766184,0.8126000317807731,0.9620760573258974,0.9648591980014621,0.8838144110836369,False
FREG_7ea68c9c73985ae9,MG1655,2060000,2064800,2063200,4800,WIN_small_e38100101a92cbc1,0.0018957345971563,small,shape,False,True,False,False,False,False,1,2,2,2,False,False,False,,,small_shape,False,0.6031920516327843,0.9408824480357335,0.9841339015037237,0.990179050309091,0.905968065683663,False
FREG_80b11d76af0e3f6f,MG1655,2072000,2084800,2079600,12800,WIN_small_ea7f3d8a2dee81ea,0.0064287487991706,small,shape,False,True,False,False,False,True,2,3,3,3,False,False,False,,,small_shape;large_shape,False,-0.06631940298792693,0.8969492872946653,0.8811527574820707,0.9924744672899679,0.8451925223348651,False
FREG_cf3d3827bf6dd780,MG1655,2103200,2110000,2104800,6800,WIN_small_27ed462432bad4b2,0.0293991704630725,small,density,True,False,True,False,False,False,2,4,4,4,False,True,True,CHID;CHIN,CHID_e99742d9fb1834b2;CHIN_27fcb8c59cdd19ed;CHIN_4bd6df699a4a442d;CHIN_4c5b118b76314438;CHIN_6a1a24c637d17f3b;CHIN_9336b6dd24567a55;CHIN_aafbbc0179d18cd3;CHIN_ca9b1395fa31ca60;CHIN_cb62ec523cd9aabf,small_density;medium_density,True,0.9695244046700608,0.9377437275837638,0.997698513570277,0.9960193079420219,0.9765865210991136,False
FREG_c7f534c19d17f43c,MG1655,2139200,2142400,2140800,3200,WIN_small_4092ee8a8c7f6563,0.0251140119421644,small,density,True,False,False,False,False,False,1,1,1,1,False,False,True,OPCID,OPCID_9d9e69ad0ce51f11,small_density,False,0.9664214207185707,0.8812903458529489,0.9740585519723326,0.9850851542567836,0.9179770562016464,False
FREG_1903a600e364f832,MG1655,2144000,2147200,2145600,3200,WIN_small_bdaf40521cdc6b5a,0.0155750490285828,small,shape,False,True,False,False,False,False,1,1,1,1,False,False,True,OPCID,OPCID_9d9e69ad0ce51f11,small_shape,False,0.2060458383036546,0.9119586577801128,0.42398137345664944,0.9872953645713528,0.765459284911342,False
FREG_9f6595c9a76c4a7b,MG1655,2171200,2180800,2176000,9600,WIN_small_63b14958654491ce,0.0009478672985781,small,density,True,False,True,False,False,False,2,4,4,4,True,True,True,CHIN,CHIN_1c70d1a650016e04;CHIN_2d7af64b36b410f4;CHIN_ce6a7185cf5fa235,small_density;medium_density,True,-0.31243507193928943,0.9982493273350366,0.991358772965935,0.9993181883523469,0.9335004716333137,False
FREG_70948b13141d0f2d,MG1655,2216000,2228800,2223600,12800,WIN_small_9111912a5bddd2da,0.0099864016614716,small,shape,False,True,False,True,False,True,3,4,3,3,False,False,False,,,small_shape;medium_shape;large_shape,False,0.15867897678896012,0.82437862473772,0.9787125964678297,0.9896880494611782,0.8772277388540043,False
FREG_dca36ed12b2dee2f,MG1655,2237600,2264000,2244800,26400,WIN_large_fb2374e25563edc4,0.0067567567567567,large,shape,True,True,True,True,False,True,5,10,9,10,False,True,True,CHIN;OPCID,CHIN_072974e2927b123b;CHIN_57f596abaeaccae4;CHIN_a50686a688e4cb02;OPCID_c4aea9eca44028ce,small_density;small_shape;medium_density;medium_shape;large_shape,True,0.3419893294156976,0.39587759092475916,0.9393384706121948,0.9956987523736132,0.8355134931055793,False
FREG_a635ba46a50b3a49,MG1655,2269600,2272800,2271200,3200,WIN_small_1447d1c18a950bdd,0.0287189713887072,small,density,True,False,False,False,False,False,1,1,1,1,False,False,False,,,small_density,False,0.7273198615399613,0.9890738730494799,0.9650003183145507,0.7275485323590956,0.8931762578046345,False
FREG_75bd2653e4f8ca25,MG1655,2272800,2280800,2279200,8000,WIN_small_313c034a83cbd433,0.0133376751464171,small,shape,False,True,False,True,False,False,2,2,2,1,False,False,False,,,small_shape;medium_shape,False,0.013036928211292563,0.9396163090629154,0.9712946854595684,0.9939762605079445,0.8921210514993794,False
FREG_1a15ca20e427f05a,MG1655,2316800,2323200,2321200,6400,WIN_small_6ea83beb31f28fa5,0.0051916830095273,small,shape,False,True,False,True,False,False,2,3,2,2,False,False,False,,,small_shape;medium_shape,False,-0.3422864899780865,0.8336298053387695,0.9031787354607076,0.9737175938801362,0.6320485822580753,False
FREG_f14ea993e8b25b82,MG1655,2334400,2347200,2340800,12800,WIN_large_397f9abbf2d0a089,0.0067567567567567,large,shape,False,False,False,False,False,True,1,1,1,1,False,True,True,CHIN,CHIN_13ce252fbae0cbfe,large_shape,True,0.42425908299181103,0.9304688362673825,0.9706544338518381,0.9969134649293198,0.9144089349164735,False
FREG_017c9e4604cf65bb,MG1655,2385600,2411200,2391600,25600,WIN_small_1e0010964edcdb3f,0.0009478672985781,small,density,True,True,True,False,True,False,4,19,19,18,False,True,True,CHID;CHIN;OPCID,CHID_22cd1a298e3f8de6;CHIN_0d7c2ca69d1c63c8;CHIN_91904b7e5910e56c;OPCID_33b4f3a14ebbc59e;OPCID_3a4aa0d0d21262a8,small_density;small_shape;medium_density;large_density,True,0.9980858551378019,0.995516592415026,0.9980206793750631,0.9993455779711741,0.9958180347480999,False
FREG_c80baf09873c8e2e,MG1655,2439200,2442400,2440800,3200,WIN_small_ebab66b6453f275d,0.0255924170616113,small,density,True,False,False,False,False,False,1,1,1,1,False,True,True,OPCID,OPCID_6abc058ae2242c3c,small_density,True,0.969513160482988,0.992441087395364,0.9960280792326459,0.971221277876696,0.9676202990100051,False
FREG_7e2826c8606a787c,MG1655,2475200,2481600,2478400,6400,WIN_medium_2096edc374721e03,0.041408666249996,medium,shape,False,True,False,True,False,False,2,2,1,2,False,False,True,CHID;CHIN,CHID_a3539b4c5da95bec;CHIN_22e07f81f47f41b7;CHIN_d39507f936616600,small_shape;medium_shape,False,0.8431243378503297,0.8923393217993869,0.9750766901229376,0.9940867239884754,0.8900361595264175,False
FREG_8eb4220af86c952b,MG1655,2488000,2496000,2489600,8000,WIN_small_f11a54ba730e01a1,0.0340045329187715,small,shape,False,True,False,True,False,False,2,2,2,0,False,True,True,CHID;CHIN,CHID_a3539b4c5da95bec;CHIN_327765acd5ab2895;CHIN_7166ae9780b2f33d;CHIN_dc7847370035ae4b,small_shape;medium_shape,True,0.7585726974598642,0.9547419558705174,0.9776889692032185,0.954769822597933,0.865109439654554,False
FREG_0af1ebaaab86f1c8,MG1655,2512000,2515200,2513600,3200,WIN_small_a7dfd4d1eb0e9940,0.0253632003038091,small,shape,False,True,False,False,False,False,1,1,1,0,True,False,False,,,small_shape,False,0.859524703553332,0.9752920631011481,0.9934192313183448,0.9956369118549069,0.9586101910333745,False
FREG_7089a736aaf0a1d4,MG1655,2518000,2521200,2519600,3200,WIN_small_636726740420b9ed,0.0479774435444312,small,density,True,False,False,False,False,False,1,1,1,0,False,False,False,,,small_density,False,0.033368489452128336,0.7434917695399004,0.8254218129485542,0.998001350628567,0.7762862782710321,False
FREG_2f3af1b9c3bbb05e,MG1655,2524800,2537600,2534400,12800,WIN_small_ca5a33a75d4afa7e,0.0009478672985781,small,density,True,False,True,False,True,False,3,8,8,8,False,True,True,OPCID,OPCID_c0709bc7c08ec44f;OPCID_c8522caa8fd83322,small_density;medium_density;large_density,True,0.9909051957097462,0.9884880724613296,0.9974435507663626,0.9987958891028007,0.9891597857368261,False
FREG_198036ee9f5a70c4,MG1655,2545200,2552000,2548400,6800,WIN_small_ba5b6e6d790ca92a,0.0056076585621796,small,shape,False,True,False,True,False,False,2,3,3,3,False,False,False,,,small_shape;medium_shape,False,0.4920577550496255,0.9097277950055142,0.9786711356953909,0.9205361083467707,0.9033486192051476,False
FREG_3371092db014576f,MG1655,2559200,2566000,2564400,6800,WIN_small_da683e7e2eb31316,0.0069653736761606,small,density,True,False,True,False,False,False,2,2,2,2,False,True,True,OPCID,OPCID_adee45e8dfb40894,small_density;medium_density,True,0.9905510282031861,0.9562695179753062,0.5081131628939922,0.9876220974054758,0.9112607929238632,False
FREG_76f4c379538e5a04,MG1655,2577600,2590400,2584000,12800,WIN_large_901b8929bc6ca23a,0.0405405405405404,large,shape,False,False,False,False,False,True,1,1,0,1,False,False,False,,,large_shape,False,0.5821679179779468,0.7799588877067866,0.9651130102492472,0.9534973373434485,0.8550591949985501,False
FREG_6a4ab7070f8d4444,MG1655,2601600,2608000,2604800,6400,WIN_medium_114657ff6e6522b1,0.0489953946493442,medium,shape,False,False,False,True,False,False,1,1,1,0,False,False,False,,,medium_shape,False,0.458840849012477,0.9234839718769081,0.9901638130761338,0.766486869819628,0.8954993005311644,False
FREG_62da24bb51f1d2c2,MG1655,2614800,2628800,2625200,14000,WIN_small_a2b31baecdae3c98,0.0108901661545743,small,shape,False,True,False,False,False,True,2,3,2,2,False,False,True,CHIN,CHIN_bfb5f6f7a0a0aa2e,small_shape;large_shape,False,-0.021881489081024223,0.9370317043323065,0.946449451061467,0.9858406450959755,0.8747798618433635,False
FREG_2a1ab61af8043dae,MG1655,2638400,2643200,2641600,4800,WIN_small_347a59ebbcf4b94e,0.0274718042581789,small,density,True,False,False,False,False,False,1,2,1,2,False,True,True,OPCID,OPCID_079060fd1545272e,small_density,True,0.9862977090674894,0.911409380783777,0.9349255805441132,0.9707038818628685,0.9583333041618985,False
FREG_cac735c8cf6e1d2e,MG1655,2648000,2651200,2649600,3200,WIN_small_f19a8c0cbcf93e4f,0.0104695365091819,small,shape,False,True,False,False,False,False,1,1,1,0,False,True,True,OPCID,OPCID_3808275a8edee593,small_shape,True,0.9396258547036948,0.9548255096816443,0.9739758752731558,0.9707195535232538,0.9443276319338563,False
FREG_9ebcb47776f94b87,MG1655,2707200,2710400,2708800,3200,WIN_small_876651001f4517d3,0.0456750096802151,small,density,True,False,False,False,False,False,1,1,1,0,False,True,True,OPCID,OPCID_210f8ff672fa4c9a,small_density,True,0.6903415678361721,0.8586714676351273,0.9161578711852546,0.7295219318942255,0.7962333700328725,False
FREG_6e09d3bd094c8b1d,MG1655,2719200,2725600,2721600,6400,WIN_small_d800c25b4ba41ebd,0.0227290593521929,small,density,True,False,True,False,False,False,2,3,3,3,False,False,False,,,small_density;medium_density,False,0.9720079622579606,0.9024933207508261,0.9612137412214801,0.9995597592236242,0.9708200522745483,False
FREG_11a5f6c7b97c1f4a,MG1655,2735200,2744000,2736800,8800,WIN_small_5e707a6e5550a5a1,0.0170616113744075,small,density,True,True,False,False,False,False,2,4,4,2,False,False,False,,,small_density;small_shape,False,0.7290362449124005,0.9961012576944249,0.9930587692682717,0.9901076254629828,0.9304613283556956,False
FREG_73e6e7465ad4e4c4,MG1655,2745600,2751600,2747200,6000,WIN_small_5b77cad4c536ee4b,0.0443881307069879,small,density,True,True,False,False,False,False,2,2,2,2,False,False,False,,,small_density;small_shape,False,0.9924492212508733,0.9577810621531252,0.993911872518989,0.9843647081263461,0.9809934890194799,False
FREG_ff532581b24af75c,MG1655,2753200,2756400,2754800,3200,WIN_small_1e224b860da21373,0.0369668246445497,small,density,True,False,False,False,False,False,1,1,1,1,False,False,False,,,small_density,False,0.6450704986400826,0.966356876444093,0.8495735533053348,0.9678010060574134,0.7912911332169885,False
FREG_8e33a6d1e6f10e59,MG1655,2784000,2789200,2785600,5200,WIN_small_b8075a58487df1bd,0.0086873472890155,small,shape,False,True,False,False,False,False,1,2,1,2,False,True,True,CHID;CHIN,CHID_bb5176753cf7c269;CHIN_58d99e489f853d61;CHIN_776dbab456673217;CHIN_78a1a7d17ac8e4e2;CHIN_fa05997ad11be666,small_shape,True,0.9892350617610889,0.9842617529990286,0.9576034102483355,0.9708841054013578,0.9758058582890812,False
FREG_f3868eb02e0f55d5,MG1655,2808000,2811200,2809600,3200,WIN_small_f6145e35984951f8,0.044114033282351,small,shape,False,True,False,False,False,False,1,1,1,0,False,False,False,,,small_shape,False,0.3111082936339348,0.9423492944646497,0.969905670477759,0.9330827963872034,0.8887027264494575,False
FREG_f3510ef7f2432010,MG1655,2814000,2817200,2815600,3200,WIN_small_d86e0f82e0364dd8,0.0224506526679183,small,shape,False,True,False,False,False,False,1,1,1,1,False,False,False,,,small_shape,False,0.2030714673519267,0.9724276961416216,0.9205595099056785,0.9768063565808499,0.892148586531171,False
FREG_43ba383d41c336e2,MG1655,2825600,2828800,2827200,3200,WIN_small_eecfcf10f1bfd6e0,0.0255748579397763,small,density,True,False,False,False,False,False,1,1,1,1,False,False,False,,,small_density,False,0.9264978366596184,0.857530683528198,0.9889811672664587,0.9386973831302928,0.8834711086284276,False
FREG_3cabe6a4fbfe2392,MG1655,2866400,2869600,2868000,3200,WIN_small_6dfdb087885f8686,0.0397991408060985,small,density,True,False,False,False,False,False,1,1,1,1,False,True,True,OPCID,OPCID_e04790b97d37c16e,small_density,True,0.701556539923398,0.8059547032789779,0.9918384069570958,0.8699098811349842,0.8226940203835343,False
FREG_d60cf0e71170ce7a,MG1655,2876800,2883200,2880000,6400,WIN_medium_4203e6e1784331a9,0.0170103454359942,medium,shape,False,False,False,True,False,False,1,1,1,1,False,False,True,CHIN,CHIN_1f7c5c2fafc1afc3,medium_shape,False,0.9248521732440912,0.922741065778029,0.9801508339480414,0.9618397819683894,0.936156723561987,False
FREG_e072be4f0cf1ad67,MG1655,2884800,2888000,2886400,3200,WIN_small_6bc0575dce7ca070,0.035705797539028,small,shape,False,True,False,False,False,False,1,1,1,0,False,False,False,,,small_shape,False,0.8752775046466852,0.9648547988755041,0.9672731759710049,0.9735792896829405,0.8800681975060489,False
FREG_4b7d0b5470bbacb2,MG1655,2910400,2929600,2920000,19200,WIN_small_a5b3e8d1f9c5dad3,0.0040214603669375,small,density,True,True,True,False,True,False,4,8,7,7,False,True,True,OPCID,OPCID_149d0308ae463e46,small_density;small_shape;medium_density;large_density,True,0.992883971858037,0.9892069310834543,0.9869214405948799,0.8794431634548169,0.9744029849138275,False
FREG_d049a84b69583bb4,MG1655,2968800,2987200,2980800,18400,WIN_large_4fbcbbcd14482e07,0.0067567567567567,large,shape,False,False,False,True,False,True,2,3,3,1,False,True,True,CHID;CHIN;OPCID,CHID_f834d1ac36e1b8fa;CHIN_093ecf60a3c47f13;CHIN_4f3e820755d8686d;CHIN_7547f8c089f6bd2d;OPCID_bb60f5d218faa929,medium_shape;large_shape,True,0.5323852478275162,0.8382768486532373,0.9761996749385502,0.9953409284885618,0.8847285503425839,False
FREG_182d4c2fa8a9af54,MG1655,2988400,2993600,2990000,5200,WIN_small_5eb32857ebbb13e1,0.0191225033192719,small,shape,True,True,False,False,False,False,2,2,2,2,False,True,True,CHID;CHIN,CHID_f834d1ac36e1b8fa;CHIN_093ecf60a3c47f13;CHIN_7547f8c089f6bd2d,small_density;small_shape,True,0.9868833150407744,0.9835275673831634,0.9012626991747121,0.8555984720299075,0.9373617918084151,False
FREG_b7c8fd0caa521c80,MG1655,3012800,3016000,3014400,3200,WIN_small_ddd721fb6b387e95,0.0383154178794458,small,density,True,False,False,False,False,False,1,1,1,1,False,True,True,OPCID,OPCID_dee7d45a8897305b,small_density,True,0.9135987115800284,0.8249727402476204,0.9792208644887114,0.9167559973137702,0.886628218701784,False
FREG_002f146b6f614245,MG1655,3030800,3034000,3032400,3200,WIN_small_45f9945b71ae213b,0.0372934892377364,small,shape,False,True,False,False,False,False,1,1,1,1,False,False,False,,,small_shape,False,0.42849463929199455,0.9430276234030139,0.9613932755217445,0.9920156859669775,0.9098347018056399,False
FREG_be825ad8b6a2fe4e,MG1655,3036800,3060000,3048000,23200,WIN_medium_1d9e698aa28eac17,0.0023148148148148,medium,density,True,True,True,False,True,False,4,17,17,17,False,True,True,CHIN;OPCID,CHIN_faf91596d8b88128;OPCID_ad7cb00f8c882c61;OPCID_b7f0a78b5bc75834,small_density;small_shape;medium_density;large_density,True,0.9982625436886088,0.9765347017490114,0.984175800631763,0.9976038031420653,0.9893834070055999,False
FREG_71c429938c2bb421,MG1655,3066800,3075200,3072000,8400,WIN_small_864fa9a7f9dfc532,0.0037914691943127,small,density,True,True,True,False,False,False,3,5,5,4,False,False,False,,,small_density;small_shape;medium_density,False,0.9951947889357668,0.9617087083248769,0.9965424525970651,0.9932284672002702,0.9865256467498907,False
FREG_d9565da6584d3377,MG1655,3086400,3105600,3092800,19200,WIN_large_4f37ad10f8e6adc7,0.0117030459970869,large,shape,False,False,False,False,False,True,1,2,2,2,False,False,False,,,large_shape,False,0.6969553290891576,0.5465176050279217,0.8795205066376516,0.9869967711040761,0.8377828393413772,False
FREG_5f42baef9d08ba56,MG1655,3143200,3146400,3144800,3200,WIN_small_c660e6f2280d68fc,0.0287189713887072,small,shape,False,True,False,False,False,False,1,1,1,1,False,False,False,,,small_shape,False,0.9321248046433479,0.9460629169942888,0.9002219531773327,0.9546800892852579,0.8896631140456692,False
FREG_89f933686190b586,MG1655,3156800,3169600,3163200,12800,WIN_large_4cd697fff4fd6bec,0.0482528947874515,large,shape,False,False,False,False,False,True,1,1,1,0,False,False,False,,,large_shape,False,0.9098228039022677,0.33694972162481523,0.7667361968228766,0.9769546650722578,0.8236053544451573,False
FREG_19a4a9627a72c5ab,MG1655,3172800,3185600,3176800,12800,WIN_small_8b7729c76d110bbf,0.0232179122538689,small,density,True,False,True,False,True,False,3,4,4,4,False,False,True,CHID,CHID_0fd794b4635bec68,small_density;medium_density;large_density,False,0.9924847818447039,0.928631037351086,0.971981336233072,0.9905528745274553,0.969188241554735,False
FREG_e6d786036463fc14,MG1655,3216000,3236800,3222400,20800,WIN_large_9abef0aed6a73c31,0.0213667409470835,large,shape,False,False,False,False,False,True,1,2,0,2,False,True,True,CHIN,CHIN_0a55e534fdc7545d,large_shape,True,0.7050547992439925,0.7828146231121346,0.9877128191380676,0.9864008202672411,0.9021944646744644,False
FREG_6df32034ec393913,MG1655,3260800,3294400,3271600,33600,WIN_small_f7d75b9a6bbef07d,0.0009478672985781,small,density,True,True,True,True,True,True,6,22,19,20,False,True,True,CHIN;OPCID,CHIN_9549903c064709e2;CHIN_e60512525b58312d;CHIN_ee3355b18d634b8e;CHIN_f1c1419569298f23;OPCID_725a69a69963ad59,small_density;small_shape;medium_density;medium_shape;large_density;large_shape,True,0.7723421698196593,0.8920949919520456,0.9986951701597875,0.940671061270368,0.890442043580457,False
FREG_50016c5459cdde46,MG1655,3306000,3334400,3309200,28400,WIN_small_4c4435ea1ed625d1,0.0032835086399409,small,density,True,False,True,False,True,False,3,14,14,13,False,True,True,CHIN,CHIN_23a574b35aa4cad2;CHIN_9461e74755c3f236,small_density;medium_density;large_density,True,0.9923406959806904,0.9932306901446274,0.9890685075412553,0.9929504632083038,0.9903126414830327,False
FREG_5f65ee0fcb5cc0d3,MG1655,3342400,3355200,3348800,12800,WIN_medium_7a7e2500d2d731a8,0.0056701151453313,medium,density,True,False,True,False,True,False,3,8,8,8,False,False,False,,,small_density;medium_density;large_density,False,0.9977559339954675,0.8933340857697032,0.9044095748723474,0.9825264660353763,0.9741294230138587,False
FREG_197d91c30a21aa6d,MG1655,3376000,3379200,3377600,3200,WIN_small_2586aa7b83d0196a,0.0407582938388625,small,density,True,False,False,False,False,False,1,1,1,1,False,False,True,OPCID,OPCID_3b8eefccce2e36fc,small_density,False,0.9258245801795726,0.6881733409592109,0.9065714712941155,0.969042489088195,0.8165869939537279,False
FREG_673fd16dbc85d929,MG1655,3392400,3406400,3394000,14000,WIN_small_047ca442a0238e95,0.007093189358813,small,shape,False,True,False,True,False,True,3,5,4,4,False,False,False,,,small_shape;medium_shape;large_shape,False,0.946443645228033,0.948434569552828,0.9909539013689146,0.9853235752075075,0.9665384076453222,False
FREG_d8009ca77bbfd55b,MG1655,3409600,3422400,3416000,12800,WIN_large_e3e61cde604d2c99,0.015108567415539,large,shape,False,False,False,False,False,True,1,1,1,1,False,True,True,CHIN,CHIN_0134e150bffadd1b,large_shape,True,0.5999686781567524,0.867539452850804,0.9605552269778665,0.9827115436679791,0.879451857847324,False
FREG_e015e1cbb82f3fda,MG1655,3429600,3452800,3440400,23200,WIN_small_f563efa3c06c7b27,0.0009478672985781,small,density,True,True,True,True,True,False,5,21,21,18,False,True,True,OPCID,OPCID_5c038f6d802a0373,small_density;small_shape;medium_density;medium_shape;large_density,True,0.999181099557897,0.9934630234183182,0.9994678994393484,0.9977015005238026,0.9971848082592762,False
FREG_3c7065d27965c923,MG1655,3456000,3468800,3462400,12800,WIN_large_a8f8e98196078a73,0.027027027027027,large,shape,False,False,False,False,False,True,1,1,0,1,False,False,False,,,large_shape,False,0.585095617465518,0.9320909585801477,0.9732000460655734,0.9792643202000846,0.8993094167679456,False
FREG_3fb3b4c0cc922b63,MG1655,3471200,3474400,3472800,3200,WIN_small_e3fb416d7211bd54,0.0454581187043859,small,density,True,False,False,False,False,False,1,1,1,1,False,False,False,,,small_density,False,0.9287205367483636,0.9192126953553877,0.9935465073591215,0.986577990598271,0.9503934386398113,False
FREG_9160ea6e04d0fce4,MG1655,3483600,3491200,3486800,7600,WIN_small_ab7998c9375b0a2f,0.0104265402843601,small,density,True,False,True,False,False,False,2,3,3,3,False,False,False,,,small_density;medium_density,False,0.9935064441723592,0.8341773723211772,0.9973661783931109,0.9871516232921933,0.9738281220309335,False
FREG_592b8ee6e80c0332,MG1655,3499200,3512000,3505600,12800,WIN_large_90ea040468604a09,0.0202702702702702,large,shape,False,False,False,False,False,True,1,1,1,1,False,False,False,,,large_shape,False,0.8063196909371748,0.7769773027740168,0.9459609439210201,0.9941123604093941,0.8922786701033439,False
FREG_a1f94ce6c9ac1856,MG1655,3512000,3515200,3513600,3200,WIN_small_f3e6ccc66a12abef,0.0309765585561479,small,shape,False,True,False,False,False,False,1,1,1,0,False,False,False,,,small_shape,False,0.9750639019732129,0.9380199773734049,0.9353534705495351,0.992449192967154,0.950386068079357,False
FREG_3ac62dfe3e5c70a8,MG1655,3515200,3518400,3516800,3200,WIN_small_a1bce5d5e3f20700,0.043591591611628,small,density,True,False,False,False,False,False,1,1,1,1,False,False,False,,,small_density,False,0.980370004002017,0.8728840016940378,0.8808459584292315,0.9714428760595286,0.9401888406414737,False
FREG_18308d8d16cb77ab,MG1655,3531200,3537600,3534400,6400,WIN_small_34080cbc56c1aa59,0.0018957345971563,small,density,True,False,True,False,False,False,2,4,4,4,False,False,False,,,small_density;medium_density,False,0.9993894296913881,0.994248613809856,0.9949334376912304,0.9971197725501338,0.9951179226832513,False
FREG_03698d335d449109,MG1655,3540800,3574000,3549200,33200,WIN_small_089dad41168928ce,0.0009478672985781,small,density,True,True,True,True,True,False,5,19,17,18,False,True,True,OPCID,OPCID_3ca243441c0a5a91;OPCID_6e5625e30f0c3e40,small_density;small_shape;medium_density;medium_shape;large_density,True,0.9996456171428433,0.9925833050748232,0.9976162278057377,0.9994970093985709,0.9842544828597981,False
FREG_76c0f54100c00508,MG1655,3585600,3598400,3592000,12800,WIN_large_3ad3a5be063f324b,0.0331012127403131,large,shape,False,False,False,False,False,True,1,1,0,1,False,False,False,,,large_shape,False,0.9903853185266176,0.7500519329581565,0.9714399221772367,0.9926871890576981,0.9091901438649364,False
FREG_5e71eb22a239e0f3,MG1655,3598400,3605600,3601600,7200,WIN_small_e654b4abcd25c228,0.0189573459715639,small,density,True,False,True,False,False,False,2,3,3,3,False,False,False,,,small_density;medium_density,False,0.9933746336248921,0.9207632674922074,0.9105535055906606,0.97547312219277,0.9736566333940503,False
FREG_b78622a8d089b9a6,MG1655,3623200,3626400,3624800,3200,WIN_small_e9c1111aeff044a7,0.0435193944388586,small,shape,False,True,False,False,False,False,1,1,1,0,True,False,False,,,small_shape,False,0.986630520229721,0.9745827245972812,0.9998250301929466,0.9998934066654074,0.9887282640028741,False
FREG_71a1810f771bdea6,MG1655,3631600,3634800,3633200,3200,WIN_small_22a87eae65b517c5,0.0357309513269587,small,density,True,False,False,False,False,False,1,1,1,1,False,True,True,CHID;CHIN,CHID_73f567423cf41748;CHIN_276dc2f80d3fd17b;CHIN_597d783bf467e297;CHIN_5d54f5e6e2eeaaf5;CHIN_c4faaae576113acc,small_density,True,0.9497326335225226,0.991391548851846,0.9731323949063659,0.9230561606047593,0.9223338407882096,False
FREG_e5cc7b1efae1a138,MG1655,3637600,3644400,3641200,6800,WIN_small_a902e92491842d85,0.0009478672985781,small,density,True,False,True,False,False,False,2,4,4,4,False,True,True,OPCID,OPCID_f124da0b3913d5c3,small_density;medium_density,True,0.9950309043617777,0.9877839216499021,0.9921858359958139,0.9814808987321217,0.990920909146046,False
FREG_7a99d7dca32569ea,MG1655,3647200,3650400,3648800,3200,WIN_small_7c2eb188608f9ee4,0.0445396781970452,small,shape,False,True,False,False,False,False,1,1,1,0,False,False,False,,,small_shape,False,0.21632561165641379,0.8597581655196448,0.9642294873498198,0.9428341154265204,0.7850524038084604,False
FREG_ec68581bc4f6ef27,MG1655,3697600,3700800,3699200,3200,WIN_small_8ee13e0cc071706f,0.0137685678164295,small,shape,False,True,False,False,False,False,1,1,0,1,False,False,False,,,small_shape,False,0.9336457174445566,0.4769245400588339,0.9570927087909981,0.9323622887713534,0.6215880528515502,False
FREG_bc663b2769015222,MG1655,3704800,3711200,3707200,6400,WIN_small_bf98a6b237d026cc,0.0222698390985226,small,density,True,False,True,False,False,False,2,3,3,2,False,False,False,,,small_density;medium_density,False,0.9899662010966501,0.9270292623671706,0.9870412937556818,0.4736649864302237,0.9648680039492241,False
FREG_1f5d6ce85d1ab652,MG1655,3724800,3728000,3726400,3200,WIN_small_fbb8c6290e63761a,0.0110132227854237,small,shape,False,True,False,False,False,False,1,1,1,1,False,False,False,,,small_shape,False,0.774572669976643,0.9211716543984984,0.905640563150923,0.9419523714011304,0.9068777207932365,False
FREG_0b60f99aaa90f305,MG1655,3735200,3741600,3738400,6400,WIN_small_e581aade2eef8006,0.0046435824507737,small,density,True,False,True,False,False,False,2,4,4,4,False,True,True,OPCID,OPCID_a2fcb5ddde5dbcf6,small_density;medium_density,True,0.9942336380204699,0.9792712034070601,0.9907539634541872,0.984131501865588,0.9846491756104735,False
FREG_e9ba2a9c562587f0,MG1655,3744000,3756800,3750400,12800,WIN_large_b9077dcda2c0f4d9,0.0117030459970869,large,shape,False,False,False,False,False,True,1,1,1,1,False,True,True,CHIN,CHIN_71cfdc3af27cb741,large_shape,True,0.9340200384202066,0.7320177554724923,0.9534724924664446,0.9942321206233441,0.910415780022656,False
FREG_b75c71fb585afd01,MG1655,3761600,3776000,3766400,14400,WIN_small_9d0ce6b7983936ba,0.0009478672985781,small,shape,False,True,False,False,False,True,2,3,2,3,True,True,True,CHID;CHIN,CHID_829be93d3f3a9719;CHIN_cfc9f22558808905;CHIN_f860adadaee690b7,small_shape;large_shape,True,0.9934489974649751,0.9830323277075604,0.999282863221226,0.9996288709200896,0.9692032760319801,False
FREG_5808f814db7aac35,MG1655,3782000,3785200,3783600,3200,WIN_small_cdd006b73b7bfb4b,0.0388625592417061,small,density,True,False,False,False,False,False,1,1,1,1,False,False,False,,,small_density,False,0.9881085228042896,0.5689591729233577,0.872639747480381,0.8540926418162724,0.8919821067495528,False
FREG_5bfbb87dac6470f6,MG1655,3793600,3808000,3802800,14400,WIN_small_5debe0087248064d,0.0276348431035321,small,density,True,False,True,False,True,False,3,7,7,4,False,True,True,CHID;CHIN,CHID_2dad41c5a944685a;CHIN_20cbe6301103e773;CHIN_2162125d7d40a72a;CHIN_3ed028798e697d9f;CHIN_4290884d21f50f71;CHIN_4be9a90f7551ea66;CHIN_7480d77a14ad4716;CHIN_8cf1c5b9776a09cc;CHIN_98acb48ba1e7481b;CHIN_9d23c5f02dd7374e;CHIN_b70b5bec64024ebb;CHIN_de804d8b4eb4fa33,small_density;medium_density;large_density,True,0.876915229126514,0.978600509026949,0.9859764184015036,0.9501433574754312,0.8865776568343113,False
FREG_170bc6971c42582b,MG1655,3838400,3851200,3844800,12800,WIN_large_054b79e2e0e60523,0.0067567567567567,large,shape,False,False,False,False,False,True,1,1,1,1,False,True,True,CHIN,CHIN_4c746ab4abe6056d,large_shape,True,0.8563303125329941,0.7828224916028227,0.7805773303315928,0.9903175490474404,0.8922053348601618,False
FREG_f22a9ca580a2c527,MG1655,3862800,3869600,3866000,6800,WIN_small_d3ca2b54291d97ca,0.0168229756865391,small,density,True,False,True,False,False,False,2,4,4,4,False,True,True,OPCID,OPCID_7a387ab67a4e089c,small_density;medium_density,True,0.9906478537675167,0.9798861923089968,0.9933110578940517,0.9727991912721929,0.9836142530955954,False
FREG_05a0cf3fde05e2f7,MG1655,3875200,3897600,3888000,22400,WIN_small_1c9a485521a9a74a,0.0009478672985781,small,density,True,True,True,True,True,False,5,13,12,13,False,True,True,CHIN,CHIN_12faf31bfcc0dac1,small_density;small_shape;medium_density;medium_shape;large_density,True,0.998390260173745,0.9959347502563111,0.9987224511029159,0.9940550479035279,0.9965316708973022,False
FREG_7bb0def6a7b76a96,MG1655,3911600,3924800,3918400,13200,WIN_medium_198b237734ee8ac6,0.0023148148148148,medium,density,True,True,True,False,True,False,4,10,10,10,False,True,True,OPCID,OPCID_22365f72e65106b5,small_density;small_shape;medium_density;large_density,True,0.9906813904510604,0.9673945873505485,0.8869255308534453,0.9879456184932546,0.965996164777165,False
FREG_8a7aa8e9ef61cfa1,MG1655,3930000,3941200,3939600,11200,WIN_small_e7d4e924b22990d1,0.0214058574230069,small,shape,True,True,True,False,False,False,3,5,5,5,False,False,False,,,small_density;small_shape;medium_density,False,0.828605134880367,0.9628394216564414,0.9994006339700854,0.9991513604670272,0.991507699175411,False
FREG_c423410ef5466d80,MG1655,3964000,3970400,3965600,6400,WIN_small_216d1e8f200b53cd,0.0146229844744468,small,density,True,False,True,False,False,False,2,4,4,4,False,False,False,,,small_density;medium_density,False,0.99499329058135,0.8340144907308888,0.812291000842026,0.9435223569625875,0.961802402513214,False
FREG_19fafb389f6821c0,MG1655,3974400,3980800,3977600,6400,WIN_medium_935ecc5549da3f55,0.020704333124998,medium,shape,False,True,False,True,False,False,2,2,1,2,False,False,False,,,small_shape;medium_shape,False,0.9359628834883952,0.8980926247356722,0.9844942657008753,0.9869605960085286,0.921814996638254,False
FREG_faad4173b025f5d3,MG1655,3985600,3998400,3988000,12800,WIN_small_b94cdc2653dfa5a9,0.0213217476382975,small,density,True,False,True,False,True,False,3,6,6,6,False,True,True,OPCID,OPCID_092946eccc52a81c,small_density;medium_density;large_density,True,0.9919874511425837,0.9244505239438492,0.9665740645002958,0.9732160477682067,0.971250200408768,False
FREG_5c4f510acea39341,MG1655,4002800,4006000,4004400,3200,WIN_small_e2021a048a0e55ab,0.0492617496120806,small,shape,False,True,False,False,False,False,1,1,1,0,False,False,True,OPCID,OPCID_092946eccc52a81c,small_shape,False,-0.047132967404641894,0.9124807373544125,0.9521309494739914,0.9764737994373085,0.8611938329860398,False
FREG_a340ee223eb14a8b,MG1655,4016000,4028800,4021600,12800,WIN_small_8f40f2a503ea0fe7,0.0127874289698881,small,density,True,False,True,False,True,False,3,7,7,7,False,True,True,OPCID,OPCID_f235f321095064d1,small_density;medium_density;large_density,True,0.9956868911004301,0.9938640137305621,0.9604838431583581,0.962905525595258,0.9843184306551552,False
FREG_be1e3265dcb6bee1,MG1655,4031200,4034400,4032800,3200,WIN_small_579f841240675e74,0.0061428821785853,small,shape,False,True,False,False,False,False,1,1,1,1,False,False,False,,,small_shape,False,0.9618875852237422,0.9438664065277679,0.9919368878639534,0.9998424356678958,0.971399042268967,False
FREG_917948506f98694d,MG1655,4075200,4078400,4076800,3200,WIN_small_11bbba4fdefd6731,0.030772858920849,small,density,True,False,False,False,False,False,1,1,1,1,False,False,False,,,small_density,False,0.9291640359710601,0.6292750839555354,0.9587215990294439,0.946800311546412,0.8567069307881789,False
FREG_cad9757d375b2f54,MG1655,4080000,4086800,4083200,6800,WIN_medium_cd921bd5db6d9880,0.0287260964027565,medium,density,True,True,True,False,False,False,3,4,4,3,False,False,False,,,small_density;small_shape;medium_density,False,0.9950658682842697,0.872927412356483,0.9113218658738246,0.9760970700327811,0.9615959676116023,False
FREG_8f9c3c98be313afa,MG1655,4116000,4119200,4117600,3200,WIN_small_1186bd4d8fc24dbb,0.0322274881516587,small,density,True,False,False,False,False,False,1,1,1,1,False,True,True,OPCID,OPCID_52757c7e517094bd,small_density,True,0.9797891048858305,0.9246481706872137,0.9859037359897299,0.967941165879987,0.9618997497078721,False
FREG_07a2251bfd6d98e1,MG1655,4128000,4147200,4134400,19200,WIN_large_0932170805ce6a63,0.0067567567567567,large,shape,False,False,False,False,False,True,1,2,2,2,False,False,False,,,large_shape,False,0.9735989119286016,0.942140228814621,0.9721179303058861,0.9912616599471903,0.9649128472435693,False
FREG_4bb24303d6e4e3ac,MG1655,4172800,4190400,4179600,17600,WIN_small_c7d9ff7433cc1203,0.0013404867889791,small,density,True,True,True,False,True,False,4,12,9,10,True,False,False,,,small_density;small_shape;medium_density;large_density,False,0.9990156239876725,0.9775113527434253,0.963101697820642,0.9943600894092515,0.9871307472808084,False
FREG_dd8ef6e92a048838,MG1655,4200800,4204000,4202400,3200,WIN_small_b4e5bb1b539d1a3a,0.0220264455708477,small,shape,False,True,False,False,False,False,1,1,1,1,False,False,False,,,small_shape,False,0.9636088653947231,0.9603274657462992,0.9554316473066049,0.9427674351589794,0.9577932451823232,False
FREG_79aca59cc181d3d3,MG1655,4220000,4223200,4221600,3200,WIN_small_8fb727f1bd4093c7,0.0421774321540985,small,density,True,False,False,False,False,False,1,1,1,0,False,True,True,CHIN,CHIN_7be712b5421ea380,small_density,True,-0.45986999014382945,0.8831455374248843,0.8523663147565321,0.9680072924019962,0.7341303859297234,False
FREG_21b7d5ac1419bc39,MG1655,4235200,4260800,4243200,25600,WIN_small_d865eee2ee9aee39,0.0009478672985781,small,density,True,True,True,True,True,False,5,19,18,19,False,True,True,CHIN;OPCID,CHIN_992805e6506de16e;CHIN_c1610920a984ce60;OPCID_4a51b9db831f2860,small_density;small_shape;medium_density;medium_shape;large_density,True,0.9986925189086225,0.9746782037064206,0.9933392107939077,0.9993652018346934,0.9892355542331496,False
FREG_a6c37a2014d77af9,MG1655,4268800,4279600,4278000,10800,WIN_small_3091c78db270b5e4,0.0174778093977115,small,shape,True,True,True,False,False,False,3,4,4,4,False,True,True,CHIN;OPCID,CHIN_40431770bb3161b3;OPCID_b9f55508e75e487b,small_density;small_shape;medium_density,True,0.7602567017343247,0.9540589431973848,0.7125397706341622,0.9404999440371193,0.8920477732745747,False
FREG_e4f42f80b5c519e7,MG1655,4281600,4294400,4288000,12800,WIN_large_3aac8bec5b9b34a7,0.0270270270270269,large,shape,False,False,False,False,False,True,1,1,0,1,False,True,True,CHIN;OPCID,CHIN_155c0872526c85bb;OPCID_b9f55508e75e487b,large_shape,True,0.974686281261881,0.8802938627471876,0.9872267264450179,0.9946422324311759,0.9525212783410074,False
FREG_2fb66ea62d876021,MG1655,4342000,4345200,4343600,3200,WIN_small_d9f48ebec2d5b6c6,0.0036710742618078,small,shape,False,True,False,False,False,False,1,1,1,1,False,False,False,,,small_shape,False,-0.10570736407387837,0.9444349255610957,0.9491966640567057,0.9803101956310074,0.8815255939294854,False
FREG_e2b6e60709b341ec,MG1655,4356800,4376000,4365600,19200,WIN_small_a96f5ff21c5cb928,0.0009478672985781,small,density,True,True,True,False,True,False,4,10,10,10,False,True,True,CHIN,CHIN_016dd7404328fa8e,small_density;small_shape;medium_density;large_density,True,0.999772084006265,0.9989784169734225,0.9998407172452596,0.9993136395770709,0.9991445805572409,False
FREG_1edcba645d0dd4a1,MG1655,4379200,4382400,4380800,3200,WIN_small_b3a6f35a8c1ad39a,0.0333778518704435,small,density,True,False,False,False,False,False,1,1,1,1,False,False,False,,,small_density,False,0.9735001610055534,0.8737688208892155,0.9611889797097103,0.9865203556381136,0.9337568109558764,False
FREG_c33836512cd5bdc3,MG1655,4388000,4391200,4389600,3200,WIN_small_3c784ce0371b2c15,0.0389895048364039,small,shape,False,True,False,False,False,False,1,1,1,1,False,False,False,,,small_shape,False,0.9603891498927485,0.9459597384029631,0.9728146780794189,0.9854804586811221,0.9536979640001874,False
FREG_e35227c57fd34e9d,MG1655,4395200,4409600,4403200,14400,WIN_medium_ee2a837fe1ac2ca6,0.0023148148148148,medium,density,True,True,True,False,True,False,4,9,8,8,False,False,False,,,small_density;small_shape;medium_density;large_density,False,0.9973111153060318,0.9056909214730133,0.9679004565244587,0.9820364995817,0.9842250652852004,False
FREG_a356c920b79fd72a,MG1655,4414800,4418000,4416400,3200,WIN_small_7abe51109e40d40d,0.0274718042581789,small,density,True,False,False,False,False,False,1,1,1,1,False,False,False,,,small_density,False,0.9341358332819515,0.943052495264045,0.9897064346537722,0.732219216719551,0.9260411922613472,False
FREG_9919e1fb6784c2a8,MG1655,4433600,4436800,4435200,3200,WIN_small_1307c6d9a2fc39b7,0.0210887160770491,small,shape,False,True,False,False,False,False,1,1,1,1,False,False,False,,,small_shape,False,0.24498011386481047,0.9312196007016819,0.980197107202321,0.9840532529792839,0.9021799595266597,False
FREG_e5bab547e32c0095,MG1655,4440400,4443600,4442000,3200,WIN_small_6921119c2e5009c1,0.0214058574230068,small,shape,False,True,False,False,False,False,1,1,1,0,False,False,False,,,small_shape,False,0.8233747892983351,0.95655921064829,0.8846345371516126,0.9763323225861542,0.9075795391612581,False
FREG_2a458a4eb550141c,MG1655,4454400,4476000,4462800,21600,WIN_small_dd2d499bc245a876,0.0009478672985781,small,density,True,True,True,True,True,False,5,13,13,11,False,False,True,CHIN,CHIN_c36249e67a41eb04,small_density;small_shape;medium_density;medium_shape;large_density,False,0.9983618056300376,0.9994802762538928,0.9997560721789083,0.9984739197228234,0.9982803785198677,False
FREG_fe17dc505c3e4dc0,MG1655,4490000,4493200,4491600,3200,WIN_small_3cd1a13bfd2b3da9,0.0376173172189277,small,shape,False,True,False,False,False,False,1,1,0,1,False,False,False,,,small_shape,False,0.5428370012014208,0.9115551446896685,0.980922105343696,0.9650406840120703,0.8954945271842568,False
FREG_d0437ba01c05d49f,MG1655,4505200,4508400,4506800,3200,WIN_small_c5a9dcfa0c5b97a0,0.0302427604427355,small,shape,False,True,False,False,False,False,1,1,1,0,True,True,True,CHID;CHIN,CHID_0def30026dacfa28;CHIN_e2127c2e68c0c686,small_shape,True,0.9358364149270897,-0.3495305733220676,0.9972681175152471,0.97386846113354,-0.06148429527500683,False
FREG_948b53bdbfa601a8,MG1655,4520000,4532800,4526400,12800,WIN_large_6dcb88d38a185c7d,0.0252814688295535,large,shape,False,False,False,False,False,True,1,1,1,0,False,True,True,CHIN,CHIN_2f0656ffb562f4fc,large_shape,True,0.5827804179306629,0.758571267269393,0.8598952001252298,0.9894778871089188,0.8741787401166707,False
FREG_e79dd71d2c9d9f84,MG1655,4558400,4571200,4564800,12800,WIN_large_b12fe68bd5129184,0.0067567567567567,large,shape,False,False,False,False,False,True,1,1,1,1,False,False,False,,,large_shape,False,0.7008017126557131,0.8593168463555192,0.9840197565415622,0.9928326479080825,0.9262042452163078,False
FREG_ca773dc177e53fd6,MG1655,4583600,4586800,4585200,3200,WIN_small_6cbccdc4b027ea9f,0.0082633155327783,small,shape,False,True,False,False,False,False,1,1,1,1,False,True,True,OPCID,OPCID_54d272e23bb92a3b,small_shape,True,0.9773183178721593,0.8851098054887365,0.969724906032599,0.892762653921867,0.9356514435385409,False
FREG_3f8b0de465607760,MG1655,4590400,4625600,4612800,35200,WIN_large_6aff5827c4204a95,0.0165506063701565,large,shape,False,False,False,False,False,True,1,4,3,2,False,True,True,CHIN,CHIN_6230ca4ce9b8e644;CHIN_623e8fe7b2afd1a8;CHIN_67d1ad42ef37c115,large_shape,True,0.8199266030206911,0.9345299252862607,0.9815063577385494,0.985988258416958,0.9448299285329057,False
