region_id,cnn_cosine,cnn_euclidean,small_cosine,small_euclidean,medium_cosine,medium_euclidean,large_cosine,large_euclidean,fused_cosine,fused_euclidean
FREG_8b3b63cc3da721ad,0.7818232111185176,2.6346092,0.9128424420899611,2.5286162,0.9761112969876803,1.5184929,0.9828816659001247,1.7794011,0.9267272496553104,4.336722
FREG_79903927251dcee0,-0.1957595219507544,6.3682876,0.9085954129658715,3.397047,0.9711468413768689,1.3858875,0.9382840991012967,1.4398632,0.7565790891616343,7.4892526
FREG_8b001013a888b1a1,0.9971003860822958,1.2530378,0.9829853121441057,1.3872777,0.9958551058404231,1.1782099,0.9123645186961364,1.8205254,0.9900907827749251,2.8630638
FREG_a30994c0bfee6cb5,0.9966971366320159,2.1784692,0.9825933994271874,3.5564506,0.9901153022182687,1.5166891,0.986362098424248,3.4085557,0.9867405007408819,5.5957723
FREG_b96ff6000f97801f,0.6742206497236777,6.564071,0.9616683464325534,2.5447822,0.9376036456950656,1.3784597,0.9485609932662046,0.6067958,0.8425201996295316,7.1993957
FREG_c9e5776010a19d77,0.21011734278725985,3.7956238,0.9420555831370735,5.119951,0.8987286620173336,1.5909606,0.9955095910757562,0.5593945,0.8831655274306727,6.5927787
FREG_3c17a76c91ba3620,0.10012226564721709,3.5035696,0.9694429093892495,2.470651,0.9746120756863105,2.036582,0.9848026407449108,1.2355824,0.9430695543356281,4.9044313
FREG_753c04c042d56855,0.9638363415581681,1.9286311,-0.00220346791335843,7.5483913,0.8027553224476444,3.8288894,0.4199438823389004,1.7930971,0.6029353878588036,8.864165
FREG_dec59bcf830d2ee6,0.9797235984567013,3.4200754,0.9142411756549376,2.0863168,0.93058479254129,1.5279789,0.9436387847914144,1.5994776,0.9563032907283457,4.576318
FREG_ad860f3d4752bd1d,0.4068315831585287,4.0129647,0.6990849332576775,3.5387983,0.9497591274332791,2.0168216,0.9937064279303859,0.7748001,0.8398623049657333,5.77017
FREG_647ab946884b4026,0.16309921755412737,4.352546,0.9605899086811435,2.5356915,0.9771829034484218,1.1852827,0.997808210630986,0.7723391,0.9326579215145993,5.232188
FREG_8814232e60629894,0.8242061664174791,2.4927056,0.8083077162770311,2.807944,0.9413286953255272,2.5064223,0.9968084190180359,5.830107,0.9781065716948366,7.3736305
FREG_4b056190f9431017,0.9281645422988589,6.8094244,0.9957107508006795,1.2179006,0.9981794184410078,1.1334189,0.9836054430140572,1.8852426,0.9602595888849811,7.25881
FREG_3c0c965bf49bf58f,0.9481632673862037,3.4004571,0.9585014934753222,3.11939,0.9871678931332858,1.3070285,0.9779904191424267,1.5328532,0.9392907537242331,5.0350437
FREG_a7d017e8cfb1a69c,0.7270941642590959,4.3058305,0.9473710061210713,3.2401621,0.9770778855418423,2.190681,0.9969939096835471,1.0387616,0.9102845218924774,5.909055
FREG_0a91cd1113f47b87,0.7774086232444332,3.7242208,0.971843007650677,2.5435576,0.9692408902723435,3.046286,0.983263263347158,2.345203,0.9327660866833208,5.926157
FREG_284850edfc48c40c,0.9087992198984538,2.218783,0.8738090770435247,2.4473066,0.9756653132633046,1.9086457,0.9928235193333796,0.9468996,0.9396458258588322,3.9308848
FREG_ea4389647e4ec2cd,0.9530469059554186,4.772151,0.7933704569522089,3.77909,0.9721951114986439,1.6662375,0.9605376900711855,1.3755258,0.8974574225040143,6.4593625
FREG_4405dec493e25a84,0.7541231084154715,3.6823425,0.9206604684194769,4.0223513,0.9839229505446722,1.662871,0.9873314701897127,0.9352367,0.9263563954693974,5.777436
FREG_10132b1169a31424,0.9804454388191041,2.2200894,0.8314488450615178,2.6883507,0.929284798306545,1.3865966,0.9586214151905361,0.9528742,0.9447165373248229,3.8712587
FREG_64eb9e44963b14eb,0.15168149625831903,3.529848,0.9144329953645065,5.6319065,0.9099934980232681,1.5059488,0.8971175255974436,1.3035784,0.8469430606548186,6.9386883
FREG_474fdcbc9e65ac97,0.867603920388717,1.5568018,0.9121195179244589,2.9986196,0.9911311479672403,1.272565,0.9964670034945969,0.7438312,0.966251422751574,3.6861982
FREG_70c0ff1525a8c939,0.9938369033114712,1.4590244,0.6482020781115696,3.0893972,0.9231372627908971,1.4419974,0.9782885538434428,1.4321921,0.9218204280220663,3.9753816
FREG_6499c2593eae15c1,-0.1361013928700692,4.767964,0.7699006216834918,5.760821,0.9832566331991693,1.6950234,0.9763143444585505,0.8268944,0.7965594076954543,7.7121587
FREG_3d4a95743b89a9c1,0.992896696990879,1.7054791,0.9933459413534201,6.714269,0.9828339835075743,1.5134245,0.9965413713138386,1.0372663,0.9874830984560646,7.1663413
FREG_1624931bb4079346,0.9363843294695857,3.119109,0.9180768229839688,2.469147,0.9840691948849452,2.0853493,0.9063114230316578,2.2406769,0.9286894612493839,5.0194464
FREG_b047c0b64d8f6b65,0.9191164511202377,4.357106,0.895611092171359,3.4355557,0.9328840559525114,1.3767445,0.9739656044339167,0.46101063,0.8969014638797334,5.7354484
FREG_b281c30546d2f2dd,0.9518126119882813,2.2187676,0.9999443593766517,0.22714609,0.9950747035341848,1.6554625,0.9816469951647327,0.8777512,0.9942424808019003,2.9129932
FREG_0eaff5f92d811c81,0.9547541847695604,3.4121573,0.9429516148979759,2.1637454,0.9911231348174669,0.8972494,0.9498427631359087,0.885008,0.9413059311419831,4.232364
FREG_f2730b027c33cc50,0.21409381125825694,3.9104605,0.8340331631104775,3.5755832,0.974358283910113,1.9056183,0.9812941750177897,1.0655601,0.8737047835381763,5.730907
FREG_a4aad970926aefdc,0.912835443591251,3.7862272,0.8988880864307851,3.0822566,0.9492660260164181,1.7988366,0.9755738871962709,1.1833153,0.9121689902955463,5.3359036
FREG_f5ef0631b11a8bec,0.5363323301908752,2.8126388,0.7889699889003553,56.590343,0.9974054188731979,1.3715323,0.9372316393606897,2.8953629,0.693215247682368,56.7507
FREG_b80bb97bc30309d3,0.5480630737205081,4.134337,0.9043715438934201,3.6083987,0.8732042372622102,1.7661678,0.9290587777940313,0.8585102,0.8230156124650821,5.8283505
FREG_a4bcec0e05a4ae7e,0.9762053177863796,1.6946398,0.9919744189820406,4.5088053,0.9999516723889743,0.28584543,0.9999703128625282,0.19625677,0.9935190661159484,4.829219
FREG_927d40c86ef7b1d4,0.9956947762629975,1.6953359,0.9949492187367299,5.3211675,0.999937069284324,0.4236123,0.9999308103659205,0.30325785,0.9948448147803691,5.6089573
FREG_23a197fcaf4df8d6,0.5952114278915124,3.0963686,0.9171012538867531,2.6744137,0.9126409792895195,1.1935893,0.9824917202520261,1.0854737,0.8971082221625282,4.398056
FREG_c9d7ff0094b7ea19,0.8803300870827552,2.6684625,0.9304334676164624,2.6103055,0.9717476116439572,1.5169576,-0.2400342149671244,5.6520004,0.79040250092008,6.941229
FREG_bf274765f64dcf2e,0.9657190413800366,5.415823,0.9819452458660849,2.243735,0.9995236709673657,0.60978526,0.9979188893275722,1.2695937,0.9769829120291723,6.0290294
FREG_a4e511e692667b31,-0.17832208455509882,4.583472,0.9426978757790595,2.0475736,0.988835942708702,0.9712022,0.9969997262277135,0.79516876,0.9015663079898243,5.174582
FREG_0d155d5ff59aced5,0.3735070664753949,3.1200473,0.8567537937656262,2.8713424,0.9519203784481188,1.9301609,0.9865331866252633,1.6322625,0.8965725515435833,4.936507
FREG_1b9581ca537f3ca7,0.7568563523832496,2.9533792,0.9299533433399639,3.6175697,0.9896846532325058,1.4007882,0.9720472171701985,2.810433,0.9365000525055716,5.6276107
FREG_0b1a4fcdb4c6b0f0,0.008045400165652002,4.06677,0.720273270738798,3.168817,0.9540094472600071,2.8771996,0.9950484404093819,0.88941556,0.8477840001123901,5.9707084
FREG_c2261ccf4f321488,0.11913283607718321,4.759024,0.9208043896524079,2.677068,0.953791869277927,1.1163487,0.9806283454691685,1.3127255,0.8337740453819626,5.7257743
FREG_34dee77afce8adf5,0.3904886846284275,3.5730228,0.852507402502896,4.9057403,0.9652869866045622,2.6181962,0.978927129970552,1.1868135,0.8748028191844406,6.7153745
FREG_7e5e958cbc9d5099,0.9083275493613859,3.8847084,0.9478959953223689,1.6281241,0.9099223305860175,1.2588464,0.9798875470381199,1.0743406,0.8862129872864156,4.5255556
FREG_a200f3db7a36dfd1,0.49732807858180533,5.1439724,0.81738252151659,3.2894447,0.7496442726611312,2.0707016,0.9808513520724549,0.9014382,0.7163882374227247,6.510092
FREG_42d3e2f15815267c,0.9499731373507776,3.7029448,0.9840198210871824,1.264884,0.9890245834354562,1.6381446,0.9976480188549403,1.1906769,0.9645752854707876,4.4060144
FREG_f777883f257cc56e,0.9698556760989463,4.5671773,0.9647125267649893,2.932145,0.9931390385799281,1.1357521,0.9598322011651137,1.0834484,0.9550671084351561,5.649812
FREG_2b068766c74074b7,0.13052937096269662,4.470756,0.9011985532762472,3.6018002,0.5248235454341312,1.9064722,0.9605302742932028,0.75877094,0.7765313279044445,6.0968018
FREG_3b8ffec8bac8d1a0,0.9542980376824998,5.12262,0.9554533463047764,3.0682592,0.9716901375773664,1.4652799,0.7630007720059871,1.8093165,0.943331160895452,6.4090652
FREG_e7c23e613d40791d,0.8754616488801371,4.018336,0.9183114805550682,2.4147534,0.9648373199677993,2.3207114,0.9864094222166302,0.7701269,0.9018704980770209,5.287424
FREG_917de285b2fc037c,0.7769521470229066,4.3717904,0.9385429384971223,4.227488,0.6835440431121632,1.5624876,0.8461550520477774,0.94755745,0.81194113192954,6.3500743
FREG_c707a50ab3cedf2a,0.2193372031996371,4.1152287,0.526221079451183,2.8253539,0.9469491105143237,2.1959176,0.9729351988866365,1.8784058,0.7906900961954939,5.767859
FREG_a877dd5588b4011c,0.5449428743025992,4.529666,0.960208579947373,3.4115868,0.9525456205261581,1.5402385,0.9594067702096724,1.6499391,0.9024289086571026,6.1033945
FREG_34492219a64a9959,0.9548945771929646,5.425529,0.9954544458610147,0.928766,0.9962819617695651,1.3409755,0.997226181722259,0.41725573,0.9563661611973168,5.6807823
FREG_fa4ddf1393df7982,0.5483037413906362,4.121753,0.9362108585883085,2.9722009,0.9761951402938583,2.0432253,0.9424437012416149,1.7191514,0.8918458179966708,5.740477
FREG_32d3b2839ade9f00,0.2947341593107544,3.2399616,0.9003096631326446,3.0730414,0.971112371960865,2.1550407,0.9590306607128555,1.2506083,0.8996664054491386,5.1136246
FREG_a322968e0e091669,0.8757531997907954,4.788785,0.8991178201824547,4.797757,0.9362263582568577,1.8559006,0.9797020878307606,1.1042596,0.845729867840173,7.1144004
FREG_c8486e55b019f350,0.9627330570705047,2.5991447,0.9896052918255793,2.146589,0.9907608054201674,1.8435216,0.9893052916399245,0.78733397,0.9843639862461332,3.9219718
FREG_d3cda5ffb81c91a3,0.9129871766672739,4.1463866,0.8764246764265498,3.5278277,0.9743660436364848,1.1559427,0.917497851208756,0.59042376,0.8990198848698163,5.596686
FREG_1c0d76b1f1c8404e,0.25329569624638354,5.137597,0.8980347743537066,2.765553,0.8313530697764744,1.5598307,0.9476703747137326,1.0262717,0.7217887810455736,6.126132
FREG_58716b8657663f82,0.5214915798868328,5.2812524,0.9368403310345131,2.9002607,0.937145917262714,1.7594957,0.982077924418077,1.1364058,0.8370374280750436,6.3789015
FREG_419b90a75035f08a,0.2937349638835341,4.2535114,0.8756017946217366,7.1023097,0.989912976118043,1.3847947,0.9922844104164118,1.3106778,0.8610381814171411,8.495334
FREG_53a68bc12f4553ab,0.04489351464081533,4.640252,0.9255470936983896,3.74606,0.8953127489349357,1.2948256,0.8315025279433633,1.236899,0.7415433613225277,6.2266684
FREG_ab8c4d5f9e40d1d7,0.9756559058368326,4.118013,0.9928100680665273,1.9050084,0.9923468233404419,1.042479,0.9564148736776587,1.5483384,0.9779865782145413,4.906241
FREG_18d6d6b9991c1e67,0.5641018095875358,3.0263238,0.9268748866172709,3.0947952,0.9743847993389871,0.9636599,0.974262880869141,1.2153707,0.897206846353108,4.59806
FREG_f58b946f4319d3b7,0.9078431423938734,5.2211857,0.990920205026345,17.50564,0.9799881009840337,9.396939,0.9988934742741425,2.4715998,0.962350820831228,20.69105
FREG_89050f1e4d87cbd9,0.4932329868023289,3.2172718,0.9039255639803943,2.1589797,0.6862370971303196,2.7217581,0.9781978906600124,1.7634529,0.8319195530799982,5.0526986
FREG_7bfe94b0db3815e0,0.9293181769716308,4.626459,0.8482136425553545,3.3878007,0.9478328167591734,1.3207828,0.8487043330150271,1.1734114,0.9014193345959162,6.000223
FREG_a35a88b667d2c36c,0.33271481366365246,4.173574,0.8968200059358774,3.2638545,0.9862574528914957,1.416417,0.9589385417955604,1.1202782,0.8964718837033128,5.5975647
FREG_ddd616c6bc270d21,0.251346054956921,4.4554586,0.9189073630358747,3.0302637,0.9671859979328885,1.1705886,0.9864308841539028,1.3430562,0.8572639946435369,5.675182
FREG_64e6e1a0f778ee71,0.2734764328258063,4.250301,0.9282278532272953,3.2723637,0.8407776892990871,2.5571868,0.9922312461251866,0.70739794,0.8570609438110244,5.9843993
FREG_cad61145e2da40c1,0.4904106884331724,3.8001184,0.8843688143414449,1.865291,0.9724846687316596,1.3534079,0.9914268862582104,1.0211686,0.9005396564274573,4.5601215
FREG_82a811abb2714642,0.9104988621432477,3.092094,0.7953095016683739,5.4557676,0.9419597299193296,2.2410884,0.9982389680576805,26.592403,0.9662149692514866,27.413588
FREG_0ec3deb6cb8e3a1f,0.2569026795628434,3.8235695,0.7034819326111796,6.3353705,0.9764239751831467,2.594305,0.9763037513439832,0.744771,0.7784545828187618,7.8766556
FREG_7e16c0c4325e5d1d,0.9789929598592155,1.6119621,0.9999457249742568,0.27329367,0.9999750901592739,0.25053078,0.9956945210077566,30.778679,0.9431225400052312,30.823092
FREG_72207fa128f1023c,0.6156907376670476,3.8560796,0.8654088170407854,2.582721,0.9855975348238744,1.3073208,0.9895789660604685,0.56709296,0.8984787815849992,4.8549438
FREG_d48616db2be0a1f1,0.35990465954598777,3.8370857,0.8975206280392445,4.1002727,0.8601897454099143,1.2576768,0.9183554554333758,1.5270354,0.7907941447492204,5.9539104
FREG_6586b29a6604dd96,0.03079178067528227,3.9948661,0.8855928840356161,2.8615587,-0.028387907833866816,3.4017498,0.9642232599978331,1.6282218,0.6722292023446786,6.1943913
FREG_9949ed981f76b32e,0.17907035131723753,4.2159996,0.9090138992870027,2.93149,0.9323525502000445,2.9220185,0.9887976064674917,0.82095206,0.8684732121184677,5.9649343
FREG_f76cb7ab00f0aa90,0.873040797321592,3.4402416,0.8416992262372597,2.88324,0.9776695545149429,2.640927,0.9487110421882234,2.1134694,0.8909567718023222,5.620461
FREG_80d3aa7e4fed4c3d,0.6801940624478966,5.798292,0.8607309579023793,8.458042,0.9652908605419127,1.7451975,0.954266333635265,1.1312075,0.7459849384698455,10.463462
FREG_acd4b0f85d9048dc,0.8262188508470205,3.8239639,0.6629667998843484,3.4110553,0.9655942429809145,3.6523702,0.8124468604094197,1.8324589,0.8444622798840828,6.5540605
FREG_87dd9aab1b6e66cd,0.5363709887499106,3.7853973,0.8392069721712171,4.2607813,0.9545065446458141,3.3455527,0.9823072988488142,1.5627509,0.8453109827222105,6.7910533
FREG_5cce5084191e0890,0.6369853702258839,3.910969,0.6436551522431133,4.435714,0.8903375731143985,2.2951417,0.9863746585871076,1.3281337,0.811965649543132,6.4809604
FREG_843e663633f07293,0.3059769157557681,4.2685766,0.9401661251754879,3.723293,0.9637375148118728,1.2678438,0.9349372078252819,1.2848089,0.8339004515329723,5.944899
FREG_e78028911b2a79a6,0.5112118848852901,3.7339234,0.920174301913089,3.4187758,0.945586885986596,1.614829,0.9587668095367319,1.3123826,0.862889991484069,5.473594
FREG_532acb0538fa2912,0.1911732047742611,3.7692182,0.5189007151787366,3.2589736,0.9227971424788108,1.915108,0.987547418172613,0.9902852,0.8044491445148093,5.4292006
FREG_f489a38832c12330,0.37926346589141313,4.4905477,0.9304845356144266,7.001421,0.9769987464166144,1.6331832,0.9874131421111413,1.168114,0.8673143708681772,8.556675
FREG_2d76c2ca695e2900,0.27418735439889724,3.925586,0.7636034071327078,7.29704,0.9941514393800347,1.4433627,0.9812798405469263,1.3719144,0.8342493976875661,8.521881
FREG_ab86a89c0c0253b1,0.4910899023904409,3.795571,0.8917308065680739,7.473904,0.9833768404730856,2.0495338,0.995121967047605,1.0664612,0.8098598315653751,8.695029
FREG_f73b30ea5e8a03ef,0.4286723806418633,4.6595244,0.8958169129229993,3.600081,0.8407183247674322,1.4338772,0.9334734858661599,1.3298527,0.7904011201079022,6.204536
FREG_1ef71e5980620b76,0.0994980805565618,4.6463346,0.7824061390121102,2.8935812,0.9854996910637581,1.0704005,0.9511698689416886,2.2385588,0.8168509153400749,6.0098367
FREG_b62702b2fe0600ff,0.23494939383108904,3.70577,0.5467600419234683,3.774836,0.8918181789234295,1.9032087,0.9872457471251039,0.9578608,0.7809212827178829,5.7027903
FREG_03e105604d014ba6,0.6051600342518693,2.9619796,0.9616538391425049,3.353272,0.9264537768338152,3.0468054,0.988004769014099,0.81391275,0.9077518731606806,5.473868
FREG_b7fb4af7ec2dbec0,0.9873819558417624,3.900055,0.9958489683791861,1.2186397,0.9990471721560729,0.8213622,0.9929687753794644,0.7461083,0.9822945481759492,4.2340083
FREG_53c92e209ab0d7b9,0.42844046780628064,4.6137676,0.9718375689584661,2.2796907,0.9874464431626324,1.7889991,0.9801025509050624,1.0522125,0.9193478788529381,5.54901
FREG_7dc651ecec25e41d,0.7437070956700358,2.2628791,0.7571564468413791,2.9500418,0.9683517128265129,1.8062599,0.9858415518167605,1.0790343,0.9136899085519726,4.272032
FREG_3df70068feca0a70,0.9647359451127541,2.612142,0.9462904165954082,5.1943703,0.8733045541843271,2.4753315,0.9827018074553011,0.81479883,0.9451919471428901,6.371494
FREG_f080d87158b570e1,0.5130513187785111,4.4900246,0.9274459992564604,3.778034,0.9645071820015251,1.5269483,0.9514860568641941,0.6811899,0.8531698368751264,6.101594
FREG_060e46470534df49,0.7904167379913433,3.2097538,0.9125174594602089,2.4098988,0.9884011439555775,0.9803767,0.7713585465819206,0.93291557,0.8919484797631705,4.2357526
FREG_c04ad4fa99531c81,0.4979501630391266,5.085774,0.9545907917482186,2.2262218,0.6996041609257373,1.9921379,0.9824487754865285,1.0789939,0.846050911849693,5.9961658
FREG_a6342a0a229388f1,0.13660896648518117,4.974646,0.9308415966729514,3.0766664,0.9693525288432565,1.4479705,0.9900524274783502,0.6590631,0.8591715189427862,6.0616794
FREG_d2d392e1e3af249a,0.9769218377128447,6.3395524,0.9866063054552555,1.6188674,0.9989015446819415,1.4778581,0.966013514527501,2.6918335,0.9713608011461891,7.2277718
FREG_95eff5b76065dafb,0.8583742409577348,4.381058,0.8486371427014685,4.4004703,0.8753894586836123,1.8418925,0.9613171642837737,0.5989895,0.8326567896617173,6.5045495
FREG_1c5ace96ef187329,0.5906851040361687,4.087965,0.8676451115979323,6.0632415,0.7051035848972261,2.6883733,0.8718108945210739,1.2860401,0.6677425762863676,7.8965564
FREG_0d709798f3eacad9,0.8350874407115877,5.4868507,0.9372857200947678,2.432394,0.8876870644104712,2.0479782,0.8956214337126597,0.9279405,0.8229813100809436,6.409162
FREG_1305eb571c3bb8a0,-0.2197760726870959,5.0436716,0.942383392828132,2.1239264,0.9714645617527803,1.3253015,0.9596473324100943,0.9867254,0.8172153055629742,5.7166195
FREG_ca7f6a3e36c26bb0,0.2094306091218391,4.2906203,0.9087587595959266,3.8362901,0.9855974472051502,1.3301077,0.9968917281724664,0.86164135,0.9099087622562294,5.96977
FREG_f5914e2608a3139c,0.8598101144152124,3.5093908,0.7792633790843,4.6721654,0.9579924313896229,2.0091293,0.9783478830717814,1.2506152,0.8671396875905927,6.3044105
FREG_fee885b91f90be59,0.9557044416345598,4.403718,0.978988457479398,2.0407462,0.9729104310704416,1.1817018,0.7794892361716348,1.7112107,0.9490699053857213,5.2803445
FREG_d9e613a6da1bbfde,0.3585228089966898,3.319402,0.7186042999574228,2.8724701,0.9741243111327976,1.0949832,0.992339348907483,0.79432774,0.8725855354044528,4.593415
FREG_9514e59659180f9c,0.8674317699841035,3.0424447,0.8114310701175594,3.976813,0.9170460184975577,1.756989,0.9541885930834686,1.9796374,0.827007909382627,5.6636987
FREG_b63f841473fa35dc,0.285005135985332,3.687746,0.7747859232496286,2.7630587,0.9715389191955578,1.5363059,0.995350697641334,0.8009341,0.8958154563285622,4.922976
FREG_df9791c4a4cf8e2c,-0.1511720497980843,4.7394323,0.9848710432182723,1.8251116,0.9799718570560958,1.7621185,0.7765088763570718,2.0978956,0.8585068279647018,5.7705703
FREG_bf3e1676e954ae7d,0.9084761699766184,3.321444,0.8126000317807731,3.2695694,0.9620760573258974,1.8744903,0.9648591980014621,1.424895,0.8838144110836369,5.2216964
FREG_7ea68c9c73985ae9,0.6031920516327843,5.021284,0.9408824480357335,3.512126,0.9841339015037237,1.9652914,0.990179050309091,1.0421866,0.905968065683663,6.518961
FREG_80b11d76af0e3f6f,-0.06631940298792693,4.4666834,0.8969492872946653,3.5280776,0.8811527574820707,1.6419848,0.9924744672899679,0.8621037,0.8451925223348651,5.986479
FREG_cf3d3827bf6dd780,0.9695244046700608,3.348897,0.9377437275837638,2.1737463,0.997698513570277,1.1353526,0.9960193079420219,1.4764655,0.9765865210991136,4.4055943
FREG_c7f534c19d17f43c,0.9664214207185707,3.2903726,0.8812903458529489,2.9383593,0.9740585519723326,2.0053527,0.9850851542567836,0.79818213,0.9179770562016464,4.911114
FREG_1903a600e364f832,0.2060458383036546,3.9655497,0.9119586577801128,3.4169993,0.42398137345664944,3.6825104,0.9872953645713528,0.8365713,0.765459284911342,6.4546266
FREG_9f6595c9a76c4a7b,-0.31243507193928943,7.9545774,0.9982493273350366,0.76972455,0.991358772965935,1.6698642,0.9993181883523469,0.555452,0.9335004716333137,8.183199
FREG_70948b13141d0f2d,0.15867897678896012,3.9388177,0.82437862473772,3.903335,0.9787125964678297,1.5901948,0.9896880494611782,1.3264654,0.8772277388540043,5.9193363
FREG_dca36ed12b2dee2f,0.3419893294156976,3.2557294,0.39587759092475916,4.3542314,0.9393384706121948,1.869478,0.9956987523736132,0.8206755,0.8355134931055793,5.8075438
FREG_a635ba46a50b3a49,0.7273198615399613,5.561792,0.9890738730494799,1.5103806,0.9650003183145507,1.5151399,0.7275485323590956,2.0407495,0.8931762578046345,6.298816
FREG_75bd2653e4f8ca25,0.013036928211292563,4.4453278,0.9396163090629154,3.3044748,0.9712946854595684,1.9263079,0.9939762605079445,0.63483596,0.8921210514993794,5.8986588
FREG_1a15ca20e427f05a,-0.3422864899780865,5.2336564,0.8336298053387695,5.989289,0.9031787354607076,1.7945287,0.9737175938801362,0.5247351,0.6320485822580753,8.170583
FREG_f14ea993e8b25b82,0.42425908299181103,3.815349,0.9304688362673825,2.2513967,0.9706544338518381,1.3487499,0.9969134649293198,0.5530312,0.9144089349164735,4.6637588
FREG_017c9e4604cf65bb,0.9980858551378019,1.5602304,0.995516592415026,3.0781114,0.9980206793750631,0.8418823,0.9993455779711741,0.83615035,0.9958180347480999,3.6492467
FREG_c80baf09873c8e2e,0.969513160482988,3.450762,0.992441087395364,1.3946688,0.9960280792326459,0.8804061,0.971221277876696,0.7449025,0.9676202990100051,3.8965182
FREG_7e2826c8606a787c,0.8431243378503297,4.449139,0.8923393217993869,2.685846,0.9750766901229376,1.4904242,0.9940867239884754,0.5630544,0.8900361595264175,5.4357157
FREG_8eb4220af86c952b,0.7585726974598642,5.62505,0.9547419558705174,3.2388465,0.9776889692032185,1.7120478,0.954769822597933,1.5312229,0.865109439654554,6.885279
FREG_0af1ebaaab86f1c8,0.859524703553332,2.321546,0.9752920631011481,21.481506,0.9934192313183448,3.041129,0.9956369118549069,1.0741869,0.9586101910333745,21.845985
FREG_7089a736aaf0a1d4,0.033368489452128336,5.546193,0.7434917695399004,3.3538332,0.8254218129485542,2.0126677,0.998001350628567,0.50472546,0.7762862782710321,6.8054414
FREG_2f3af1b9c3bbb05e,0.9909051957097462,3.4192955,0.9884880724613296,1.5384954,0.9974435507663626,0.8881744,0.9987958891028007,0.6023627,0.9891597857368261,3.9000313
FREG_198036ee9f5a70c4,0.4920577550496255,2.8195505,0.9097277950055142,3.9318612,0.9786711356953909,4.250186,0.9205361083467707,1.1122236,0.9033486192051476,6.5353284
FREG_3371092db014576f,0.9905510282031861,1.5926012,0.9562695179753062,1.546886,0.5081131628939922,3.4695878,0.9876220974054758,1.4265689,0.9112607929238632,4.359171
FREG_76f4c379538e5a04,0.5821679179779468,3.2443464,0.7799588877067866,3.3341742,0.9651130102492472,1.4784353,0.9534973373434485,2.2117848,0.8550591949985501,5.359129
FREG_6a4ab7070f8d4444,0.458840849012477,3.8721359,0.9234839718769081,2.6342385,0.9901638130761338,1.2432014,0.766486869819628,2.770715,0.8954993005311644,5.5816717
FREG_62da24bb51f1d2c2,-0.021881489081024223,4.545769,0.9370317043323065,3.3360543,0.946449451061467,2.8906903,0.9858406450959755,1.7489585,0.8747798618433635,6.573296
FREG_2a1ab61af8043dae,0.9862977090674894,2.364025,0.911409380783777,2.517042,0.9349255805441132,1.672741,0.9707038818628685,0.6928762,0.9583333041618985,3.8990068
FREG_cac735c8cf6e1d2e,0.9396258547036948,4.4535885,0.9548255096816443,3.7392924,0.9739758752731558,2.4052773,0.9707195535232538,1.345757,0.9443276319338563,6.435307
FREG_9ebcb47776f94b87,0.6903415678361721,4.814074,0.8586714676351273,3.3431714,0.9161578711852546,1.9206238,0.7295219318942255,1.2321248,0.7962333700328725,6.289597
FREG_6e09d3bd094c8b1d,0.9720079622579606,4.1527257,0.9024933207508261,2.7758453,0.9612137412214801,1.827719,0.9995597592236242,0.659975,0.9708200522745483,5.3597174
FREG_11a5f6c7b97c1f4a,0.7290362449124005,4.951679,0.9961012576944249,0.869415,0.9930587692682717,0.83402985,0.9901076254629828,0.74210584,0.9304613283556956,5.1498866
FREG_73e6e7465ad4e4c4,0.9924492212508733,1.5282812,0.9577810621531252,2.0865242,0.993911872518989,1.031384,0.9843647081263461,1.1582886,0.9809934890194799,3.0157275
FREG_ff532581b24af75c,0.6450704986400826,5.0770683,0.966356876444093,1.3652321,0.8495735533053348,1.4958225,0.9678010060574134,1.3116971,0.7912911332169885,5.621256
FREG_8e33a6d1e6f10e59,0.9892350617610889,3.4228356,0.9842617529990286,2.755942,0.9576034102483355,2.5565722,0.9708841054013578,1.4052715,0.9758058582890812,5.274644
FREG_f3868eb02e0f55d5,0.3111082936339348,3.6939518,0.9423492944646497,3.4626381,0.969905670477759,1.2786853,0.9330827963872034,1.8447365,0.8887027264494575,5.538342
FREG_f3510ef7f2432010,0.2030714673519267,3.7135105,0.9724276961416216,2.0796773,0.9205595099056785,1.4075483,0.9768063565808499,1.15181,0.892148586531171,4.628507
FREG_43ba383d41c336e2,0.9264978366596184,5.5538964,0.857530683528198,2.724024,0.9889811672664587,1.3383576,0.9386973831302928,0.8047607,0.8834711086284276,6.38004
FREG_3cabe6a4fbfe2392,0.701556539923398,5.1430264,0.8059547032789779,2.5471442,0.9918384069570958,0.8566731,0.8699098811349842,0.8227296,0.8226940203835343,5.8608394
FREG_d60cf0e71170ce7a,0.9248521732440912,3.7813401,0.922741065778029,2.629814,0.9801508339480414,1.7056946,0.9618397819683894,1.2903882,0.936156723561987,5.0782824
FREG_e072be4f0cf1ad67,0.8752775046466852,3.5489056,0.9648547988755041,4.415985,0.9672731759710049,1.3274422,0.9735792896829405,1.1059796,0.8800681975060489,5.9229174
FREG_4b7d0b5470bbacb2,0.992883971858037,2.5936606,0.9892069310834543,3.7691817,0.9869214405948799,1.892064,0.8794431634548169,2.1396825,0.9744029849138275,5.393696
FREG_d049a84b69583bb4,0.5323852478275162,3.5971715,0.8382768486532373,2.9187422,0.9761996749385502,1.982034,0.9953409284885618,0.6253388,0.8847285503425839,5.0772243
FREG_182d4c2fa8a9af54,0.9868833150407744,4.091092,0.9835275673831634,2.1249132,0.9012626991747121,3.8894484,0.8555984720299075,4.30282,0.9373617918084151,7.409073
FREG_b7c8fd0caa521c80,0.9135987115800284,2.3959692,0.8249727402476204,2.9989278,0.9792208644887114,0.92153823,0.9167559973137702,0.8717247,0.886628218701784,4.0426936
FREG_002f146b6f614245,0.42849463929199455,3.5518436,0.9430276234030139,2.8370097,0.9613932755217445,1.3046088,0.9920156859669775,0.79210705,0.9098347018056399,4.7951703
FREG_be825ad8b6a2fe4e,0.9982625436886088,1.0328696,0.9765347017490114,3.022436,0.984175800631763,1.161813,0.9976038031420653,0.45190087,0.9893834070055999,3.4286969
FREG_71c429938c2bb421,0.9951947889357668,1.3529482,0.9617087083248769,2.6914642,0.9965424525970651,0.7821172,0.9932284672002702,0.5830456,0.9865256467498907,3.1664014
FREG_d9565da6584d3377,0.6969553290891576,3.2821865,0.5465176050279217,2.722583,0.8795205066376516,2.3014803,0.9869967711040761,1.2276313,0.8377828393413772,4.9989095
FREG_5f42baef9d08ba56,0.9321248046433479,3.6065307,0.9460629169942888,4.860042,0.9002219531773327,1.9736127,0.9546800892852579,1.2111615,0.8896631140456692,6.4799023
FREG_89f933686190b586,0.9098228039022677,2.581456,0.33694972162481523,3.2266726,0.7667361968228766,1.5786265,0.9769546650722578,1.2153245,0.8236053544451573,4.5874186
FREG_19a4a9627a72c5ab,0.9924847818447039,1.6070772,0.928631037351086,2.5534685,0.971981336233072,1.3363416,0.9905528745274553,1.0177695,0.969188241554735,3.4531958
FREG_e6d786036463fc14,0.7050547992439925,3.1707149,0.7828146231121346,2.8234181,0.9877128191380676,1.7455983,0.9864008202672411,2.0032806,0.9021944646744644,5.0085297
FREG_6df32034ec393913,0.7723421698196593,7.4485598,0.8920949919520456,9.831971,0.9986951701597875,1.8313459,0.940671061270368,3.9072654,0.890442043580457,13.067871
FREG_50016c5459cdde46,0.9923406959806904,1.3330266,0.9932306901446274,1.3476076,0.9890685075412553,1.4146607,0.9929504632083038,0.906793,0.9903126414830327,2.5330899
FREG_5f65ee0fcb5cc0d3,0.9977559339954675,1.1862419,0.8933340857697032,3.0805094,0.9044095748723474,2.7871814,0.9825264660353763,1.2885108,0.9741294230138587,4.508364
FREG_197d91c30a21aa6d,0.9258245801795726,4.382677,0.6881733409592109,3.5192919,0.9065714712941155,1.089185,0.969042489088195,0.7805072,0.8165869939537279,5.7783036
FREG_673fd16dbc85d929,0.946443645228033,1.9205351,0.948434569552828,3.6367824,0.9909539013689146,1.5623361,0.9853235752075075,0.9931431,0.9665384076453222,4.510196
FREG_d8009ca77bbfd55b,0.5999686781567524,3.474938,0.867539452850804,2.7304592,0.9605552269778665,2.1583376,0.9827115436679791,2.3006158,0.879451857847324,5.4297194
FREG_e015e1cbb82f3fda,0.999181099557897,1.4262118,0.9934630234183182,1.3879049,0.9994678994393484,0.5743626,0.9977015005238026,1.0280733,0.9971848082592762,2.3123987
FREG_3c7065d27965c923,0.585095617465518,3.795999,0.9320909585801477,2.6110985,0.9732000460655734,1.934243,0.9792643202000846,1.5689868,0.8993094167679456,5.2374096
FREG_3fb3b4c0cc922b63,0.9287205367483636,1.6040765,0.9192126953553877,3.821738,0.9935465073591215,1.088446,0.986577990598271,0.9007838,0.9503934386398113,4.3789115
FREG_9160ea6e04d0fce4,0.9935064441723592,1.4266226,0.8341773723211772,3.2884495,0.9973661783931109,0.65152365,0.9871516232921933,0.8328781,0.9738281220309335,3.737288
FREG_592b8ee6e80c0332,0.8063196909371748,2.9588366,0.7769773027740168,3.551885,0.9459609439210201,1.7797359,0.9941123604093941,0.7357236,0.8922786701033439,5.007929
FREG_a1f94ce6c9ac1856,0.9750639019732129,2.8485856,0.9380199773734049,3.3507032,0.9353534705495351,1.1061711,0.992449192967154,0.412939,0.950386068079357,4.553656
FREG_3ac62dfe3e5c70a8,0.980370004002017,2.8255048,0.8728840016940378,2.0665884,0.8808459584292315,1.5628946,0.9714428760595286,0.6173259,0.9401888406414737,3.8830395
FREG_18308d8d16cb77ab,0.9993894296913881,0.54888755,0.994248613809856,1.6059524,0.9949334376912304,1.280125,0.9971197725501338,0.4296293,0.9951179226832513,2.1687927
FREG_03698d335d449109,0.9996456171428433,0.53821963,0.9925833050748232,7.1902776,0.9976162278057377,1.1316892,0.9994970093985709,0.50740725,0.9842544828597981,7.31628
FREG_76c0f54100c00508,0.9903853185266176,1.4722326,0.7500519329581565,4.3114576,0.9714399221772367,1.4374893,0.9926871890576981,1.6451738,0.9091901438649364,5.052634
FREG_5e71eb22a239e0f3,0.9933746336248921,2.0084844,0.9207632674922074,2.7006435,0.9105535055906606,1.1907518,0.97547312219277,0.7533495,0.9736566333940503,3.648686
FREG_b78622a8d089b9a6,0.986630520229721,1.5479441,0.9745827245972812,5.6444645,0.9998250301929466,0.5608754,0.9998934066654074,0.42213076,0.9887282640028741,5.894819
FREG_71a1810f771bdea6,0.9497326335225226,4.5599675,0.991391548851846,1.4274861,0.9731323949063659,2.6910114,0.9230561606047593,0.91403496,0.9223338407882096,5.5594983
FREG_e5cc7b1efae1a138,0.9950309043617777,2.3499134,0.9877839216499021,1.9991205,0.9921858359958139,2.5448418,0.9814808987321217,1.2984887,0.990920909146046,4.2048626
FREG_7a99d7dca32569ea,0.21632561165641379,4.519094,0.8597581655196448,5.0550137,0.9642294873498198,3.3223913,0.9428341154265204,1.6380533,0.7850524038084604,7.7263756
FREG_ec68581bc4f6ef27,0.9336457174445566,2.427017,0.4769245400588339,9.1743765,0.9570927087909981,1.5815872,0.9323622887713534,1.167948,0.6215880528515502,9.691498
FREG_bc663b2769015222,0.9899662010966501,2.1200523,0.9270292623671706,1.8194201,0.9870412937556818,0.7790689,0.4736649864302237,2.1031666,0.9648680039492241,3.5826204
FREG_1f5d6ce85d1ab652,0.774572669976643,1.8679187,0.9211716543984984,3.7614706,0.905640563150923,1.4201558,0.9419523714011304,1.0623162,0.9068777207932365,4.558853
FREG_0b60f99aaa90f305,0.9942336380204699,2.6031528,0.9792712034070601,2.4793992,0.9907539634541872,1.554594,0.984131501865588,0.96761173,0.9846491756104735,4.034459
FREG_e9ba2a9c562587f0,0.9340200384202066,1.7940183,0.7320177554724923,3.8996556,0.9534724924664446,3.2039976,0.9942321206233441,1.3318347,0.910415780022656,5.5195293
FREG_b75c71fb585afd01,0.9934489974649751,2.0424478,0.9830323277075604,15.151791,0.999282863221226,0.9445371,0.9996288709200896,0.682709,0.9692032760319801,15.333187
FREG_5808f814db7aac35,0.9881085228042896,1.3523436,0.5689591729233577,3.9499836,0.872639747480381,1.420665,0.8540926418162724,1.2741506,0.8919821067495528,4.5905285
FREG_5bfbb87dac6470f6,0.876915229126514,5.500002,0.978600509026949,1.4216954,0.9859764184015036,1.0901976,0.9501433574754312,1.9806615,0.8865776568343113,6.1141467
FREG_170bc6971c42582b,0.8563303125329941,2.2477353,0.7828224916028227,3.1069002,0.7805773303315928,2.2668724,0.9903175490474404,1.1141392,0.8922053348601618,4.591858
FREG_f22a9ca580a2c527,0.9906478537675167,3.3918362,0.9798861923089968,1.2865621,0.9933110578940517,0.95440984,0.9727991912721929,1.0008308,0.9836142530955954,3.8823128
FREG_05a0cf3fde05e2f7,0.998390260173745,1.3661373,0.9959347502563111,1.3711402,0.9987224511029159,1.9702914,0.9940550479035279,1.5723138,0.9965316708973022,3.1781402
FREG_7bb0def6a7b76a96,0.9906813904510604,4.0920315,0.9673945873505485,2.3258429,0.8869255308534453,2.2870677,0.9879456184932546,1.1761309,0.965996164777165,5.363602
FREG_8a7aa8e9ef61cfa1,0.828605134880367,2.523445,0.9628394216564414,2.6778111,0.9994006339700854,1.162615,0.9991513604670272,1.0185344,0.991507699175411,3.9909313
FREG_c423410ef5466d80,0.99499329058135,1.6632544,0.8340144907308888,2.5966957,0.812291000842026,2.1098812,0.9435223569625875,1.3589236,0.961802402513214,3.9758666
FREG_19fafb389f6821c0,0.9359628834883952,2.9797385,0.8980926247356722,2.9937446,0.9844942657008753,1.2763946,0.9869605960085286,1.7291774,0.921814996638254,4.73926
FREG_faad4173b025f5d3,0.9919874511425837,1.6711886,0.9244505239438492,2.2198799,0.9665740645002958,1.9926755,0.9732160477682067,0.9439219,0.971250200408768,3.5471797
FREG_5c4f510acea39341,-0.047132967404641894,4.21658,0.9124807373544125,3.5646095,0.9521309494739914,1.6423775,0.9764737994373085,1.0039215,0.8611938329860398,5.8473287
FREG_a340ee223eb14a8b,0.9956868911004301,1.622223,0.9938640137305621,0.9186334,0.9604838431583581,2.0204916,0.962905525595258,1.4745463,0.9843184306551552,3.1196423
FREG_be1e3265dcb6bee1,0.9618875852237422,2.3350449,0.9438664065277679,6.1753883,0.9919368878639534,1.7244642,0.9998424356678958,0.4649129,0.971399042268967,6.839428
FREG_917948506f98694d,0.9291640359710601,3.4505403,0.6292750839555354,3.6696074,0.9587215990294439,1.3794736,0.946800311546412,1.0749595,0.8567069307881789,5.3320475
FREG_cad9757d375b2f54,0.9950658682842697,1.3786795,0.872927412356483,3.075339,0.9113218658738246,1.5159347,0.9760970700327811,0.8188819,0.9615959676116023,3.7851148
FREG_8f9c3c98be313afa,0.9797891048858305,2.6454525,0.9246481706872137,1.8086905,0.9859037359897299,0.8024596,0.967941165879987,0.7056881,0.9618997497078721,3.3781233
FREG_07a2251bfd6d98e1,0.9735989119286016,1.5068929,0.942140228814621,2.4592192,0.9721179303058861,1.4242146,0.9912616599471903,1.1337575,0.9649128472435693,3.4106126
FREG_4bb24303d6e4e3ac,0.9990156239876725,0.5846586,0.9775113527434253,2.008624,0.963101697820642,2.417739,0.9943600894092515,1.2713046,0.9871307472808084,3.44065
FREG_dd8ef6e92a048838,0.9636088653947231,2.0861447,0.9603274657462992,2.4776733,0.9554316473066049,1.1999793,0.9427674351589794,1.1379219,0.9577932451823232,3.636713
FREG_79aca59cc181d3d3,-0.45986999014382945,4.9656367,0.8831455374248843,3.7687967,0.8523663147565321,1.5926341,0.9680072924019962,1.07375,0.7341303859297234,6.523097
FREG_21b7d5ac1419bc39,0.9986925189086225,3.2253473,0.9746782037064206,2.6939065,0.9933392107939077,2.727995,0.9993652018346934,1.0261585,0.9892355542331496,5.1141915
FREG_a6c37a2014d77af9,0.7602567017343247,3.532543,0.9540589431973848,2.7451432,0.7125397706341622,1.9090129,0.9404999440371193,1.1389186,0.8920477732745747,4.9956117
FREG_e4f42f80b5c519e7,0.974686281261881,1.6244799,0.8802938627471876,3.677663,0.9872267264450179,2.184827,0.9946422324311759,0.8546579,0.9525212783410074,4.654896
FREG_2fb66ea62d876021,-0.10570736407387837,4.4915166,0.9444349255610957,3.6867833,0.9491966640567057,1.3022738,0.9803101956310074,1.0403365,0.8815255939294854,6.045189
FREG_e2b6e60709b341ec,0.999772084006265,0.40910363,0.9989784169734225,0.84255856,0.9998407172452596,0.46954015,0.9993136395770709,0.56322116,0.9991445805572409,1.1895195
FREG_1edcba645d0dd4a1,0.9735001610055534,2.189881,0.8737688208892155,4.450949,0.9611889797097103,1.8205969,0.9865203556381136,0.8905856,0.9337568109558764,5.358567
FREG_c33836512cd5bdc3,0.9603891498927485,2.3595214,0.9459597384029631,3.1890254,0.9728146780794189,1.4588624,0.9854804586811221,1.2924323,0.9536979640001874,4.419942
FREG_e35227c57fd34e9d,0.9973111153060318,1.1118293,0.9056909214730133,2.4500678,0.9679004565244587,1.2001033,0.9820364995817,0.6714408,0.9842250652852004,3.0216017
FREG_a356c920b79fd72a,0.9341358332819515,3.8475142,0.943052495264045,2.5692015,0.9897064346537722,1.3302652,0.732219216719551,1.6783193,0.9260411922613472,5.09809
FREG_9919e1fb6784c2a8,0.24498011386481047,3.7518299,0.9312196007016819,3.76508,0.980197107202321,1.4654891,0.9840532529792839,1.2297633,0.9021799595266597,5.649073
FREG_e5bab547e32c0095,0.8233747892983351,2.7429652,0.95655921064829,3.4836578,0.8846345371516126,2.3916986,0.9763323225861542,1.4144762,0.9075795391612581,5.2326565
FREG_2a458a4eb550141c,0.9983618056300376,1.9680232,0.9994802762538928,0.4349662,0.9997560721789083,0.6077552,0.9984739197228234,1.1529547,0.9982803785198677,2.4002044
FREG_fe17dc505c3e4dc0,0.5428370012014208,3.500621,0.9115551446896685,3.4765594,0.980922105343696,1.2052089,0.9650406840120703,1.2307854,0.8954945271842568,5.2257223
FREG_d0437ba01c05d49f,0.9358364149270897,4.8874183,-0.3495305733220676,64.73107,0.9972681175152471,1.9710076,0.97386846113354,1.3822336,-0.06148429527500683,64.95994
FREG_948b53bdbfa601a8,0.5827804179306629,2.8882527,0.758571267269393,2.7528222,0.8598952001252298,1.7414396,0.9894778871089188,1.0504762,0.8741787401166707,4.478409
FREG_e79dd71d2c9d9f84,0.7008017126557131,2.781557,0.8593168463555192,2.2217867,0.9840197565415622,1.3272223,0.9928326479080825,1.1621919,0.9262042452163078,3.9731102
FREG_ca773dc177e53fd6,0.9773183178721593,2.3584287,0.8851098054887365,5.229611,0.969724906032599,2.610105,0.892762653921867,1.4635444,0.9356514435385409,6.470365
FREG_3f8b0de465607760,0.8199266030206911,2.4907603,0.9345299252862607,1.6974206,0.9815063577385494,1.5160787,0.985988258416958,1.3919168,0.9448299285329057,3.6498013
