representation,fold,n_train,n_test,n_train_groups,n_test_groups,train_groups,test_groups,purged_train_count,cross_fold_interval_overlap_count,accuracy,balanced_accuracy,roc_auc,pr_auc
CNN-only,1,548,139,29,8,MG1655:0;MG1655:1;MG1655:10;MG1655:11;MG1655:12;MG1655:13;MG1655:14;MG1655:15;MG1655:16;MG1655:17;MG1655:18;MG1655:19;MG1655:20;MG1655:21;MG1655:22;MG1655:23;MG1655:24;MG1655:27;MG1655:28;MG1655:3;MG1655:30;MG1655:32;MG1655:33;MG1655:34;MG1655:4;MG1655:5;MG1655:7;MG1655:8;MG1655:9,MG1655:2;MG1655:25;MG1655:26;MG1655:29;MG1655:31;MG1655:35;MG1655:36;MG1655:6,1,0,0.7985611510791367,0.8040427314620864,0.899874319229158,0.9299885581548479
CNN-only,2,553,135,30,7,MG1655:0;MG1655:1;MG1655:10;MG1655:11;MG1655:13;MG1655:14;MG1655:16;MG1655:17;MG1655:18;MG1655:19;MG1655:2;MG1655:20;MG1655:22;MG1655:23;MG1655:24;MG1655:25;MG1655:26;MG1655:27;MG1655:29;MG1655:3;MG1655:31;MG1655:33;MG1655:34;MG1655:35;MG1655:36;MG1655:5;MG1655:6;MG1655:7;MG1655:8;MG1655:9,MG1655:12;MG1655:15;MG1655:21;MG1655:28;MG1655:30;MG1655:32;MG1655:4,0,0,0.7407407407407407,0.7405618964003511,0.8685250219490782,0.9041981652764026
CNN-only,3,553,135,30,7,MG1655:1;MG1655:10;MG1655:11;MG1655:12;MG1655:13;MG1655:15;MG1655:17;MG1655:2;MG1655:21;MG1655:23;MG1655:24;MG1655:25;MG1655:26;MG1655:27;MG1655:28;MG1655:29;MG1655:3;MG1655:30;MG1655:31;MG1655:32;MG1655:33;MG1655:34;MG1655:35;MG1655:36;MG1655:4;MG1655:5;MG1655:6;MG1655:7;MG1655:8;MG1655:9,MG1655:0;MG1655:14;MG1655:16;MG1655:18;MG1655:19;MG1655:20;MG1655:22,0,0,0.8222222222222222,0.8217429577464789,0.8917253521126761,0.8857026458362047
CNN-only,4,553,135,30,7,MG1655:0;MG1655:1;MG1655:10;MG1655:12;MG1655:14;MG1655:15;MG1655:16;MG1655:17;MG1655:18;MG1655:19;MG1655:2;MG1655:20;MG1655:21;MG1655:22;MG1655:23;MG1655:25;MG1655:26;MG1655:27;MG1655:28;MG1655:29;MG1655:30;MG1655:31;MG1655:32;MG1655:33;MG1655:35;MG1655:36;MG1655:4;MG1655:5;MG1655:6;MG1655:9,MG1655:11;MG1655:13;MG1655:24;MG1655:3;MG1655:34;MG1655:7;MG1655:8,0,0,0.7851851851851852,0.7857970342910101,0.9059314179796107,0.8821991751481786
CNN-only,5,543,144,29,8,MG1655:0;MG1655:11;MG1655:12;MG1655:13;MG1655:14;MG1655:15;MG1655:16;MG1655:18;MG1655:19;MG1655:2;MG1655:20;MG1655:21;MG1655:22;MG1655:24;MG1655:25;MG1655:26;MG1655:28;MG1655:29;MG1655:3;MG1655:30;MG1655:31;MG1655:32;MG1655:34;MG1655:35;MG1655:36;MG1655:4;MG1655:6;MG1655:7;MG1655:8,MG1655:1;MG1655:10;MG1655:17;MG1655:23;MG1655:27;MG1655:33;MG1655:5;MG1655:9,1,0,0.8125,0.8264862729606952,0.9328461386529726,0.9526442168451957
AE-only,1,548,139,29,8,MG1655:0;MG1655:1;MG1655:10;MG1655:11;MG1655:12;MG1655:13;MG1655:14;MG1655:15;MG1655:16;MG1655:17;MG1655:18;MG1655:19;MG1655:20;MG1655:21;MG1655:22;MG1655:23;MG1655:24;MG1655:27;MG1655:28;MG1655:3;MG1655:30;MG1655:32;MG1655:33;MG1655:34;MG1655:4;MG1655:5;MG1655:7;MG1655:8;MG1655:9,MG1655:2;MG1655:25;MG1655:26;MG1655:29;MG1655:31;MG1655:35;MG1655:36;MG1655:6,1,0,0.8201438848920863,0.8282362798491831,0.9147465437788018,0.9359455273099295
AE-only,2,553,135,30,7,MG1655:0;MG1655:1;MG1655:10;MG1655:11;MG1655:13;MG1655:14;MG1655:16;MG1655:17;MG1655:18;MG1655:19;MG1655:2;MG1655:20;MG1655:22;MG1655:23;MG1655:24;MG1655:25;MG1655:26;MG1655:27;MG1655:29;MG1655:3;MG1655:31;MG1655:33;MG1655:34;MG1655:35;MG1655:36;MG1655:5;MG1655:6;MG1655:7;MG1655:8;MG1655:9,MG1655:12;MG1655:15;MG1655:21;MG1655:28;MG1655:30;MG1655:32;MG1655:4,0,0,0.7851851851851852,0.7847892888498683,0.8726953467954346,0.8679200802975247
AE-only,3,553,135,30,7,MG1655:1;MG1655:10;MG1655:11;MG1655:12;MG1655:13;MG1655:15;MG1655:17;MG1655:2;MG1655:21;MG1655:23;MG1655:24;MG1655:25;MG1655:26;MG1655:27;MG1655:28;MG1655:29;MG1655:3;MG1655:30;MG1655:31;MG1655:32;MG1655:33;MG1655:34;MG1655:35;MG1655:36;MG1655:4;MG1655:5;MG1655:6;MG1655:7;MG1655:8;MG1655:9,MG1655:0;MG1655:14;MG1655:16;MG1655:18;MG1655:19;MG1655:20;MG1655:22,0,0,0.8148148148148148,0.8154709507042254,0.8849031690140845,0.8827588955403494
AE-only,4,553,135,30,7,MG1655:0;MG1655:1;MG1655:10;MG1655:12;MG1655:14;MG1655:15;MG1655:16;MG1655:17;MG1655:18;MG1655:19;MG1655:2;MG1655:20;MG1655:21;MG1655:22;MG1655:23;MG1655:25;MG1655:26;MG1655:27;MG1655:28;MG1655:29;MG1655:30;MG1655:31;MG1655:32;MG1655:33;MG1655:35;MG1655:36;MG1655:4;MG1655:5;MG1655:6;MG1655:9,MG1655:11;MG1655:13;MG1655:24;MG1655:3;MG1655:34;MG1655:7;MG1655:8,0,0,0.8296296296296296,0.8434893419833178,0.9304911955514364,0.9076394790187389
AE-only,5,543,144,29,8,MG1655:0;MG1655:11;MG1655:12;MG1655:13;MG1655:14;MG1655:15;MG1655:16;MG1655:18;MG1655:19;MG1655:2;MG1655:20;MG1655:21;MG1655:22;MG1655:24;MG1655:25;MG1655:26;MG1655:28;MG1655:29;MG1655:3;MG1655:30;MG1655:31;MG1655:32;MG1655:34;MG1655:35;MG1655:36;MG1655:4;MG1655:6;MG1655:7;MG1655:8,MG1655:1;MG1655:10;MG1655:17;MG1655:23;MG1655:27;MG1655:33;MG1655:5;MG1655:9,1,0,0.8194444444444444,0.8281651194943709,0.9231680821647243,0.9377092202680462
Fused,1,548,139,29,8,MG1655:0;MG1655:1;MG1655:10;MG1655:11;MG1655:12;MG1655:13;MG1655:14;MG1655:15;MG1655:16;MG1655:17;MG1655:18;MG1655:19;MG1655:20;MG1655:21;MG1655:22;MG1655:23;MG1655:24;MG1655:27;MG1655:28;MG1655:3;MG1655:30;MG1655:32;MG1655:33;MG1655:34;MG1655:4;MG1655:5;MG1655:7;MG1655:8;MG1655:9,MG1655:2;MG1655:25;MG1655:26;MG1655:29;MG1655:31;MG1655:35;MG1655:36;MG1655:6,1,0,0.841726618705036,0.8492878089652283,0.9260578131545874,0.9440435629172338
Fused,2,553,135,30,7,MG1655:0;MG1655:1;MG1655:10;MG1655:11;MG1655:13;MG1655:14;MG1655:16;MG1655:17;MG1655:18;MG1655:19;MG1655:2;MG1655:20;MG1655:22;MG1655:23;MG1655:24;MG1655:25;MG1655:26;MG1655:27;MG1655:29;MG1655:3;MG1655:31;MG1655:33;MG1655:34;MG1655:35;MG1655:36;MG1655:5;MG1655:6;MG1655:7;MG1655:8;MG1655:9,MG1655:12;MG1655:15;MG1655:21;MG1655:28;MG1655:30;MG1655:32;MG1655:4,0,0,0.8296296296296296,0.8293459174714661,0.9058384547848991,0.9207002358301926
Fused,3,553,135,30,7,MG1655:1;MG1655:10;MG1655:11;MG1655:12;MG1655:13;MG1655:15;MG1655:17;MG1655:2;MG1655:21;MG1655:23;MG1655:24;MG1655:25;MG1655:26;MG1655:27;MG1655:28;MG1655:29;MG1655:3;MG1655:30;MG1655:31;MG1655:32;MG1655:33;MG1655:34;MG1655:35;MG1655:36;MG1655:4;MG1655:5;MG1655:6;MG1655:7;MG1655:8;MG1655:9,MG1655:0;MG1655:14;MG1655:16;MG1655:18;MG1655:19;MG1655:20;MG1655:22,0,0,0.8148148148148148,0.8123899647887324,0.9141725352112676,0.9232805118349686
Fused,4,553,135,30,7,MG1655:0;MG1655:1;MG1655:10;MG1655:12;MG1655:14;MG1655:15;MG1655:16;MG1655:17;MG1655:18;MG1655:19;MG1655:2;MG1655:20;MG1655:21;MG1655:22;MG1655:23;MG1655:25;MG1655:26;MG1655:27;MG1655:28;MG1655:29;MG1655:30;MG1655:31;MG1655:32;MG1655:33;MG1655:35;MG1655:36;MG1655:4;MG1655:5;MG1655:6;MG1655:9,MG1655:11;MG1655:13;MG1655:24;MG1655:3;MG1655:34;MG1655:7;MG1655:8,0,0,0.8592592592592593,0.871177015755329,0.935356811862836,0.9248368163566518
Fused,5,543,144,29,8,MG1655:0;MG1655:11;MG1655:12;MG1655:13;MG1655:14;MG1655:15;MG1655:16;MG1655:18;MG1655:19;MG1655:2;MG1655:20;MG1655:21;MG1655:22;MG1655:24;MG1655:25;MG1655:26;MG1655:28;MG1655:29;MG1655:3;MG1655:30;MG1655:31;MG1655:32;MG1655:34;MG1655:35;MG1655:36;MG1655:4;MG1655:6;MG1655:7;MG1655:8,MG1655:1;MG1655:10;MG1655:17;MG1655:23;MG1655:27;MG1655:33;MG1655:5;MG1655:9,1,0,0.8263888888888888,0.8385344657317796,0.945684376851669,0.9563937932324821
