point_id,point_kind,type,chrom,center,x,y
CHIN_d2deb5271c6a5cdd,Reference,CHIN,MG1655,58840.0,-1.0501794,0.490777
CHIN_e75b43fe8984729d,Reference,CHIN,MG1655,84660.0,3.4333813,-0.5644456
CHIN_ec0a221413a0122f,Reference,CHIN,MG1655,151330.0,-3.773479,-7.7385106
CHIN_813ba6e5d823057e,Reference,CHIN,MG1655,151800.0,-5.0546913,-7.8373437
CHIN_72b6b435a0910cba,Reference,CHIN,MG1655,152340.0,-5.558253,-8.459784
CHIN_8bc99ad127e36986,Reference,CHIN,MG1655,154620.0,7.594405,-2.5353782
CHIN_7f578107de94ae33,Reference,CHIN,MG1655,156730.0,8.016097,-3.2318752
CHIN_ebff8dd814b0e30d,Reference,CHIN,MG1655,180380.0,3.470426,1.4022214
CHIN_5e96eb45b53473d8,Reference,CHIN,MG1655,237970.0,2.1946907,-6.522968
CHIN_6f0fc226dcac97e0,Reference,CHIN,MG1655,253060.0,2.976918,-0.8228567
CHIN_95865e7aff35770d,Reference,CHIN,MG1655,256400.0,1.4319319,-2.29067
CHIN_347c5b87a6218f43,Reference,CHIN,MG1655,259590.0,-4.3235035,-8.334908
CHIN_5a72ba4e9470db3b,Reference,CHIN,MG1655,262940.0,2.1360142,-2.2192981
CHIN_4c5f156d9cc89829,Reference,CHIN,MG1655,293940.0,-11.771591,-7.8184643
CHIN_845f263abdb730a3,Reference,CHIN,MG1655,295670.0,-2.300108,-2.4606814
CHIN_041bcc227cd53ba1,Reference,CHIN,MG1655,297230.0,1.5657935,-4.0143356
CHIN_532567826674af80,Reference,CHIN,MG1655,303370.0,5.4493594,-4.1805153
CHIN_7398738e11297691,Reference,CHIN,MG1655,313510.0,-13.12614,-4.153679
CHIN_b10a121ad52a995a,Reference,CHIN,MG1655,319130.0,-5.7613497,-1.7090337
CHIN_312a74a025dbb29e,Reference,CHIN,MG1655,336060.0,4.654002,-4.614943
CHIN_28ce20abf9be7e23,Reference,CHIN,MG1655,344510.0,-3.62006,-4.4570765
CHIN_0dd4c64ce8f39b0c,Reference,CHIN,MG1655,432280.0,1.816797,7.4347305
CHIN_fba1a86abad8c7a7,Reference,CHIN,MG1655,480640.0,9.413347,-1.2815831
CHIN_71efee1581148a83,Reference,CHIN,MG1655,516310.0,7.193985,-0.8340501
CHIN_80c12c16922655e6,Reference,CHIN,MG1655,528090.0,-9.061073,-8.10369
CHIN_8eb17f66486b0cb3,Reference,CHIN,MG1655,537030.0,4.957914,-4.2230806
CHIN_756380c51ed71de1,Reference,CHIN,MG1655,538330.0,4.945143,-5.6671696
CHIN_765ae5aaa92eba4c,Reference,CHIN,MG1655,545940.0,2.3227699,-3.4995549
CHIN_0665f54cdc25bc86,Reference,CHIN,MG1655,559250.0,1.6999532,-6.788897
CHIN_24c69819d9eb0ea3,Reference,CHIN,MG1655,559700.0,3.7384279,-6.7632375
CHIN_7f52b12dfe4fe133,Reference,CHIN,MG1655,563390.0,0.7325388,-3.396641
CHIN_7a803da6ac58d221,Reference,CHIN,MG1655,566470.0,-19.004179,-11.610962
CHIN_a63720d7766d7461,Reference,CHIN,MG1655,569490.0,-11.345336,-7.975494
CHIN_8df27ebe669975c4,Reference,CHIN,MG1655,570950.0,-2.0146828,-5.1377945
CHIN_33fec0705cfb277a,Reference,CHIN,MG1655,571570.0,-1.8980196,-5.31853
CHIN_a1e86caa5ea8ad7a,Reference,CHIN,MG1655,584340.0,1.2915223,-5.9168367
CHIN_037eac2ae9ec84b3,Reference,CHIN,MG1655,618620.0,3.540391,-4.112744
CHIN_79b92fd133c7aa25,Reference,CHIN,MG1655,637220.0,4.5624785,-4.6501226
CHIN_03da8349566fc478,Reference,CHIN,MG1655,656290.0,-0.7099182,-6.1739154
CHIN_f93cc107dd51e45a,Reference,CHIN,MG1655,661540.0,9.448713,-1.9049104
CHIN_5112515e92b132f5,Reference,CHIN,MG1655,676920.0,6.2230177,-3.5018337
CHIN_12300449726e7c4d,Reference,CHIN,MG1655,678270.0,5.2546816,-4.3503513
CHIN_f6dd7eecdc24d3c3,Reference,CHIN,MG1655,716370.0,-1.9517615,-1.8773656
CHIN_71544cab6749d657,Reference,CHIN,MG1655,720720.0,5.2214484,-4.5249734
CHIN_101609e6a031b5b2,Reference,CHIN,MG1655,734700.0,-25.917767,-6.4589343
CHIN_31f753a6c5032426,Reference,CHIN,MG1655,737380.0,40.76824,-21.915384
CHIN_d09cbcfd88a8bdfb,Reference,CHIN,MG1655,748820.0,8.997758,-2.525359
CHIN_d42479337ed2ab90,Reference,CHIN,MG1655,752470.0,3.657533,-4.7554865
CHIN_0f74c85e412d80b9,Reference,CHIN,MG1655,801100.0,7.9247346,-6.0457816
CHIN_ca0f2dc213c43b19,Reference,CHIN,MG1655,821020.0,6.4282746,-3.2944174
CHIN_8110991a73e48713,Reference,CHIN,MG1655,874680.0,-3.596843,-7.357726
CHIN_be03a3bd16796038,Reference,CHIN,MG1655,998190.0,6.738099,-5.6078525
CHIN_3b157ef6413ebd3b,Reference,CHIN,MG1655,999020.0,10.096822,-4.221024
CHIN_a61eedfc4b0326fc,Reference,CHIN,MG1655,1050110.0,-8.304282,-7.218361
CHIN_04e54383f38f765c,Reference,CHIN,MG1655,1051660.0,-5.4891577,-6.8411613
CHIN_bc4243d412e56afc,Reference,CHIN,MG1655,1064940.0,-3.3637586,-3.3630633
CHIN_73e1a314282c7e31,Reference,CHIN,MG1655,1087640.0,0.61141324,-5.466279
CHIN_a305212f1c632ac0,Reference,CHIN,MG1655,1090080.0,-2.219976,-2.622618
CHIN_f8eacba8473838ef,Reference,CHIN,MG1655,1088450.0,-1.2440526,-3.4644988
CHIN_f03aad61ac30b982,Reference,CHIN,MG1655,1092530.0,-16.998566,-5.995289
CHIN_f2eb436a00c8388f,Reference,CHIN,MG1655,1094720.0,-8.658904,-12.080878
CHIN_ed327955a26354f8,Reference,CHIN,MG1655,1102680.0,3.1447637,-5.1625905
CHIN_5d2c28e9756edcc4,Reference,CHIN,MG1655,1104700.0,9.826548,-3.8373563
CHIN_81761ead4e5babcc,Reference,CHIN,MG1655,1118630.0,9.264219,-2.6302338
CHIN_eece7eddb47ce44c,Reference,CHIN,MG1655,1120190.0,8.326965,-4.019913
CHIN_c7e63e408c4c9165,Reference,CHIN,MG1655,1181130.0,2.9971976,-1.9010273
CHIN_30fa1007486e99c0,Reference,CHIN,MG1655,1198500.0,-1.8852775,-9.172883
CHIN_0b96404ea31c5cc5,Reference,CHIN,MG1655,1198940.0,1.5635728,-7.5380926
CHIN_887aeb65ed02a486,Reference,CHIN,MG1655,1202600.0,2.3928149,-3.0846817
CHIN_a67bc4a756886582,Reference,CHIN,MG1655,1211390.0,1.020896,-9.978303
CHIN_66b05ab570831b8a,Reference,CHIN,MG1655,1215720.0,4.1943817,-4.368962
CHIN_3ae2b7f708e898a3,Reference,CHIN,MG1655,1217410.0,-0.71919954,-7.084142
CHIN_48fed281505db35a,Reference,CHIN,MG1655,1218490.0,-0.9301374,-5.879378
CHIN_1da809bfbf2865bd,Reference,CHIN,MG1655,1219170.0,-1.9760334,-6.243352
CHIN_39d26f4e365a3b6a,Reference,CHIN,MG1655,1220140.0,1.9449475,-4.428658
CHIN_f6588d529a4d5c83,Reference,CHIN,MG1655,1229860.0,4.5294976,-3.4091358
CHIN_6de429ae4e16dc37,Reference,CHIN,MG1655,1315530.0,3.380839,-5.252298
CHIN_8d5285e73ae7443e,Reference,CHIN,MG1655,1371090.0,-5.2189116,-4.660791
CHIN_a4b9b499b72e0971,Reference,CHIN,MG1655,1382580.0,2.7356868,-5.842259
CHIN_ca43f16bb916c0f9,Reference,CHIN,MG1655,1395060.0,-18.565767,-6.58776
CHIN_fc815dfb8c7f111c,Reference,CHIN,MG1655,1411910.0,7.7803965,-3.1789243
CHIN_ca2ad0322ec77659,Reference,CHIN,MG1655,1413340.0,6.6318955,-4.459544
CHIN_c194cc436f91eadf,Reference,CHIN,MG1655,1418360.0,0.3342509,-3.417388
CHIN_080a3fd4b9cab15f,Reference,CHIN,MG1655,1420000.0,1.0699884,-2.768941
CHIN_b62b5345635fb8d8,Reference,CHIN,MG1655,1476340.0,1.0126235,-2.1036348
CHIN_20739850c2069452,Reference,CHIN,MG1655,1477500.0,-2.6341727,-7.1339126
CHIN_9c9130eaf8d782b3,Reference,CHIN,MG1655,1520650.0,5.150187,-3.1697443
CHIN_db627b41dbbead17,Reference,CHIN,MG1655,1528670.0,-6.4102287,-8.106569
CHIN_a8c0513faced91e6,Reference,CHIN,MG1655,1531080.0,-3.2710273,-10.798125
CHIN_bdc62f0b6d196924,Reference,CHIN,MG1655,1566940.0,5.7003794,-5.3637357
CHIN_d45c7c6f4a11fa68,Reference,CHIN,MG1655,1576120.0,3.249921,-3.1158128
CHIN_a836f1c637e50e10,Reference,CHIN,MG1655,1579440.0,-0.20962489,-6.595493
CHIN_76e05e2f594dedf6,Reference,CHIN,MG1655,1582740.0,-0.5793896,-7.1184196
CHIN_65f6e92014e70d27,Reference,CHIN,MG1655,1588270.0,-0.5093962,-9.040044
CHIN_bc406ed7cc5a05e9,Reference,CHIN,MG1655,1597450.0,2.2216306,-6.3813677
CHIN_43f7d66b2dcd0645,Reference,CHIN,MG1655,1616220.0,9.67089,-6.180164
CHIN_db385658b1636eac,Reference,CHIN,MG1655,1631780.0,-15.529794,-11.776582
CHIN_a11de8d01a5ecd10,Reference,CHIN,MG1655,1638030.0,1.869933,-10.171816
CHIN_437d690d7167424d,Reference,CHIN,MG1655,1648130.0,-3.9240704,-4.3950076
CHIN_ea1e5b49df376026,Reference,CHIN,MG1655,1754330.0,1.0748236,-3.2075996
CHIN_c6c62ce7bb03095b,Reference,CHIN,MG1655,1772920.0,2.1943634,-5.7029424
CHIN_4fb329424e3dad09,Reference,CHIN,MG1655,1776220.0,2.7940896,-4.564532
CHIN_0aff14c0f8d8b7e0,Reference,CHIN,MG1655,1803960.0,-12.895191,-3.214903
CHIN_1181d296a9d4466d,Reference,CHIN,MG1655,1844500.0,-2.7267325,0.48048228
CHIN_2f14634f1542e0cf,Reference,CHIN,MG1655,1853600.0,6.1127477,-3.363619
CHIN_2a056e8d00f0d57e,Reference,CHIN,MG1655,1857300.0,7.9709725,-2.7725382
CHIN_1b43b15c8ca43bcc,Reference,CHIN,MG1655,1870970.0,1.574194,-4.3374753
CHIN_413c7aed4a1f2e45,Reference,CHIN,MG1655,1871900.0,3.3047812,-4.1304836
CHIN_e79e0f2a30775d13,Reference,CHIN,MG1655,2011690.0,6.66727,-4.2176256
CHIN_75bef55d7e6d8415,Reference,CHIN,MG1655,2024070.0,6.3706517,-2.1220124
CHIN_3316498dc3a118cd,Reference,CHIN,MG1655,2036560.0,7.3739743,-5.480993
CHIN_ac3eded02b4ccf68,Reference,CHIN,MG1655,2052880.0,4.097039,-3.8862438
CHIN_ae3487f724c72e24,Reference,CHIN,MG1655,2057090.0,9.353831,-2.9179513
CHIN_9336b6dd24567a55,Reference,CHIN,MG1655,2103680.0,-18.71106,-7.252638
CHIN_4c5b118b76314438,Reference,CHIN,MG1655,2104430.0,-14.4422,-3.7511756
CHIN_27fcb8c59cdd19ed,Reference,CHIN,MG1655,2104690.0,-14.418142,-2.980766
CHIN_cb62ec523cd9aabf,Reference,CHIN,MG1655,2105690.0,-2.042741,0.50520736
CHIN_4bd6df699a4a442d,Reference,CHIN,MG1655,2106520.0,-1.2261972,-0.16218272
CHIN_6a1a24c637d17f3b,Reference,CHIN,MG1655,2106930.0,-0.37003013,-0.25351503
CHIN_aafbbc0179d18cd3,Reference,CHIN,MG1655,2107810.0,-3.5803812,-0.9982935
CHIN_ca9b1395fa31ca60,Reference,CHIN,MG1655,2109850.0,-2.324881,0.9303861
CHIN_838823b66ebc9485,Reference,CHIN,MG1655,2114690.0,-3.2860332,-2.341699
CHIN_efd3b9f350308704,Reference,CHIN,MG1655,2129530.0,2.137497,-4.0086565
CHIN_7342c9e2862bcb5d,Reference,CHIN,MG1655,2168950.0,-14.6995125,-6.387029
CHIN_ce6a7185cf5fa235,Reference,CHIN,MG1655,2171360.0,-22.292736,-10.490927
CHIN_1c70d1a650016e04,Reference,CHIN,MG1655,2173660.0,-16.967993,-4.312963
CHIN_2d7af64b36b410f4,Reference,CHIN,MG1655,2179170.0,-11.79233,0.6369679
CHIN_a291d6c5e031b26b,Reference,CHIN,MG1655,2188070.0,2.2888174,-4.397442
CHIN_adea01451cb1d0a7,Reference,CHIN,MG1655,2190070.0,-0.95030385,-6.8385797
CHIN_c6b545edf6771073,Reference,CHIN,MG1655,2188940.0,0.17131999,-4.750851
CHIN_21ff4711ee55e68c,Reference,CHIN,MG1655,2191390.0,2.1715257,-4.9945416
CHIN_170b0a1b9643a8db,Reference,CHIN,MG1655,2233620.0,4.2183657,4.0601087
CHIN_a50686a688e4cb02,Reference,CHIN,MG1655,2238520.0,5.982411,-1.8969103
CHIN_57f596abaeaccae4,Reference,CHIN,MG1655,2255470.0,4.9650097,-3.1772163
CHIN_072974e2927b123b,Reference,CHIN,MG1655,2258650.0,-14.548132,1.3023881
CHIN_13ce252fbae0cbfe,Reference,CHIN,MG1655,2344010.0,8.161707,-4.4278426
CHIN_dd92f5d829bb4be0,Reference,CHIN,MG1655,2384140.0,7.600908,-2.8899446
CHIN_91904b7e5910e56c,Reference,CHIN,MG1655,2386390.0,4.3355775,-4.393769
CHIN_0d7c2ca69d1c63c8,Reference,CHIN,MG1655,2387300.0,2.065917,-5.9438453
CHIN_8996a4742f03d7bd,Reference,CHIN,MG1655,2455490.0,3.9981318,-4.5240197
CHIN_ec6956bb3f5f4be0,Reference,CHIN,MG1655,2463480.0,5.1754227,-5.8484306
CHIN_d39507f936616600,Reference,CHIN,MG1655,2482340.0,-2.761713,-4.993891
CHIN_22e07f81f47f41b7,Reference,CHIN,MG1655,2483880.0,-7.7004943,-6.433758
CHIN_a5786a3ebf4f757f,Reference,CHIN,MG1655,2484510.0,-5.2563815,-3.8384068
CHIN_7166ae9780b2f33d,Reference,CHIN,MG1655,2486740.0,0.75639755,-3.5801053
CHIN_dc7847370035ae4b,Reference,CHIN,MG1655,2489490.0,7.587699,-2.8475006
CHIN_327765acd5ab2895,Reference,CHIN,MG1655,2492890.0,8.854754,-5.4073
CHIN_bfb5f6f7a0a0aa2e,Reference,CHIN,MG1655,2629410.0,9.998601,-4.155983
CHIN_7c7199f99f57f610,Reference,CHIN,MG1655,2653750.0,3.2919807,-0.5559138
CHIN_d1bcd25223375bb6,Reference,CHIN,MG1655,2700290.0,7.072615,-1.1965282
CHIN_31f41fb4b7695a7a,Reference,CHIN,MG1655,2758590.0,0.5314296,-3.838453
CHIN_63b64d89cb555a98,Reference,CHIN,MG1655,2759520.0,1.5788476,-3.6041424
CHIN_f37a01bb149bdd2c,Reference,CHIN,MG1655,2774270.0,5.150056,-6.589327
CHIN_78a1a7d17ac8e4e2,Reference,CHIN,MG1655,2783470.0,-0.01799553,-11.496605
CHIN_776dbab456673217,Reference,CHIN,MG1655,2785360.0,8.159186,-6.5045815
CHIN_fa05997ad11be666,Reference,CHIN,MG1655,2786760.0,6.975222,-10.089485
CHIN_58d99e489f853d61,Reference,CHIN,MG1655,2788030.0,8.288534,-6.0672307
CHIN_c51ed1b8c285d019,Reference,CHIN,MG1655,2798070.0,3.2925959,-3.026239
CHIN_0f07f9fdd2a69572,Reference,CHIN,MG1655,2805050.0,1.3759755,-0.84508556
CHIN_1f7c5c2fafc1afc3,Reference,CHIN,MG1655,2883680.0,6.7246842,-5.0939317
CHIN_f18d969785c78f39,Reference,CHIN,MG1655,2900070.0,6.409941,-5.837686
CHIN_c2a33174c23c2960,Reference,CHIN,MG1655,2904980.0,1.2654222,-4.3473554
CHIN_f5a8f41398ecafac,Reference,CHIN,MG1655,2934180.0,1.6172839,-3.220647
CHIN_4f3e820755d8686d,Reference,CHIN,MG1655,2987170.0,6.1929173,-5.3462963
CHIN_7547f8c089f6bd2d,Reference,CHIN,MG1655,2988580.0,4.4527802,-9.629942
CHIN_093ecf60a3c47f13,Reference,CHIN,MG1655,2991880.0,-1.8023788,-9.820136
CHIN_6c72f6379b7c7f83,Reference,CHIN,MG1655,2995020.0,-17.388077,-8.34283
CHIN_bedc2ff69136d27c,Reference,CHIN,MG1655,2997100.0,-22.740774,-12.279216
CHIN_faf91596d8b88128,Reference,CHIN,MG1655,3054480.0,-4.9325113,11.8877
CHIN_bae49c2f837ce4c1,Reference,CHIN,MG1655,3078170.0,0.13214028,-3.2884226
CHIN_d0ab3e0d05bbc705,Reference,CHIN,MG1655,3186720.0,-20.67306,-10.483339
CHIN_1886affd5bea50b1,Reference,CHIN,MG1655,3188270.0,-19.071941,-9.185066
CHIN_409ced35971a8cee,Reference,CHIN,MG1655,3189500.0,-11.352838,-4.438789
CHIN_57ae8a9564d86914,Reference,CHIN,MG1655,3190360.0,-0.9668666,-3.7665107
CHIN_d00f6b0d05aa0dba,Reference,CHIN,MG1655,3191090.0,-1.6460519,-2.6162794
CHIN_5fda4207a4e790f9,Reference,CHIN,MG1655,3191820.0,-3.5382702,-3.344926
CHIN_6575437f6319ebfd,Reference,CHIN,MG1655,3206110.0,1.6516645,-2.2904866
CHIN_0a55e534fdc7545d,Reference,CHIN,MG1655,3226940.0,5.6384015,-4.3970675
CHIN_ee3355b18d634b8e,Reference,CHIN,MG1655,3262950.0,-15.976131,7.288606
CHIN_9549903c064709e2,Reference,CHIN,MG1655,3265690.0,-3.7454674,15.437933
CHIN_f1c1419569298f23,Reference,CHIN,MG1655,3268770.0,-7.8444743,0.76193625
CHIN_e60512525b58312d,Reference,CHIN,MG1655,3287930.0,8.664423,-4.3846684
CHIN_9461e74755c3f236,Reference,CHIN,MG1655,3321420.0,-8.099248,1.2640507
CHIN_23a574b35aa4cad2,Reference,CHIN,MG1655,3330530.0,1.1193287,7.572904
CHIN_890c4e23088449cc,Reference,CHIN,MG1655,3361650.0,-1.1807,-3.5774255
CHIN_0134e150bffadd1b,Reference,CHIN,MG1655,3413370.0,8.121397,-2.486875
CHIN_5b1d05bc659d52ce,Reference,CHIN,MG1655,3582560.0,-6.221439,-9.03775
CHIN_db88dbeee4f734c5,Reference,CHIN,MG1655,3583870.0,-7.2862434,-9.255445
CHIN_5d54f5e6e2eeaaf5,Reference,CHIN,MG1655,3632650.0,-5.550931,-7.6674194
CHIN_276dc2f80d3fd17b,Reference,CHIN,MG1655,3633070.0,-6.6217184,-8.353725
CHIN_597d783bf467e297,Reference,CHIN,MG1655,3633850.0,-5.4833493,-7.0602226
CHIN_c4faaae576113acc,Reference,CHIN,MG1655,3635140.0,0.09362599,-3.211841
CHIN_07ca371a77ef3fd4,Reference,CHIN,MG1655,3652560.0,-19.037958,-12.8407
CHIN_f9636cb1066c7698,Reference,CHIN,MG1655,3654320.0,-15.044794,-8.10092
CHIN_5fb265845cdfb063,Reference,CHIN,MG1655,3656860.0,-6.6890106,-4.3307953
CHIN_8f4f3c87efab8e46,Reference,CHIN,MG1655,3657730.0,-8.659372,-4.0486794
CHIN_a0a5873995d492e4,Reference,CHIN,MG1655,3665150.0,-15.623659,-8.3220215
CHIN_27ec42e89ade22e5,Reference,CHIN,MG1655,3674500.0,6.8128695,-0.37683684
CHIN_9d5f1985493ba5cc,Reference,CHIN,MG1655,3721190.0,1.4492332,-2.4113326
CHIN_17d8930e9adab5f0,Reference,CHIN,MG1655,3732070.0,4.7868385,0.27522308
CHIN_71cfdc3af27cb741,Reference,CHIN,MG1655,3745150.0,3.015729,-2.2155209
CHIN_cfc9f22558808905,Reference,CHIN,MG1655,3767270.0,-6.836774,-12.741004
CHIN_f860adadaee690b7,Reference,CHIN,MG1655,3768770.0,-1.0272712,-7.175284
CHIN_9f11e380cfc90784,Reference,CHIN,MG1655,3789700.0,0.08960173,1.9557931
CHIN_9d23c5f02dd7374e,Reference,CHIN,MG1655,3798040.0,2.1848357,-4.034758
CHIN_98acb48ba1e7481b,Reference,CHIN,MG1655,3798440.0,0.43910077,-5.0505505
CHIN_20cbe6301103e773,Reference,CHIN,MG1655,3799040.0,-0.94090194,-5.347623
CHIN_4be9a90f7551ea66,Reference,CHIN,MG1655,3799880.0,-2.3421335,-5.290852
CHIN_b70b5bec64024ebb,Reference,CHIN,MG1655,3800410.0,-4.3121395,-5.5558653
CHIN_8cf1c5b9776a09cc,Reference,CHIN,MG1655,3801660.0,-4.5834694,-2.9747343
CHIN_de804d8b4eb4fa33,Reference,CHIN,MG1655,3802270.0,-5.1952915,-4.273619
CHIN_7480d77a14ad4716,Reference,CHIN,MG1655,3802530.0,-7.193533,-4.4089313
CHIN_3ed028798e697d9f,Reference,CHIN,MG1655,3803260.0,-7.8725767,-3.376172
CHIN_2162125d7d40a72a,Reference,CHIN,MG1655,3805550.0,-9.851212,-2.8800964
CHIN_4290884d21f50f71,Reference,CHIN,MG1655,3805970.0,-11.931248,-3.9813895
CHIN_b60bcb6a563a796c,Reference,CHIN,MG1655,3837400.0,4.3466525,-2.3305173
CHIN_4c746ab4abe6056d,Reference,CHIN,MG1655,3843540.0,5.981292,-1.2635486
CHIN_12faf31bfcc0dac1,Reference,CHIN,MG1655,3875460.0,5.294443,3.799193
CHIN_ffb342e7762c971b,Reference,CHIN,MG1655,3901680.0,4.1180243,-3.7383926
CHIN_1eda231c69a32156,Reference,CHIN,MG1655,3906250.0,4.7056384,-0.44677228
CHIN_7993abe94866773d,Reference,CHIN,MG1655,4063500.0,-3.5989997,-5.0188055
CHIN_74d847ba17a94412,Reference,CHIN,MG1655,4064210.0,-1.186272,-2.7504947
CHIN_a93b99b46d39efb8,Reference,CHIN,MG1655,4064700.0,-0.55173683,-3.0411043
CHIN_e5de6e56d385e2ef,Reference,CHIN,MG1655,4215460.0,-20.248678,2.6268551
CHIN_7be712b5421ea380,Reference,CHIN,MG1655,4221530.0,-1.1112069,-5.5779414
CHIN_992805e6506de16e,Reference,CHIN,MG1655,4251440.0,-17.22096,8.067473
CHIN_c1610920a984ce60,Reference,CHIN,MG1655,4260840.0,7.0777397,1.9385799
CHIN_40431770bb3161b3,Reference,CHIN,MG1655,4268770.0,-2.2214308,4.652569
CHIN_155c0872526c85bb,Reference,CHIN,MG1655,4282510.0,-2.4683666,-2.2843933
CHIN_08c97d9eff842e36,Reference,CHIN,MG1655,4311440.0,3.9083068,-3.8839557
CHIN_d2f86a32da053e28,Reference,CHIN,MG1655,4337680.0,8.014578,-1.9054192
CHIN_016dd7404328fa8e,Reference,CHIN,MG1655,4360290.0,-0.07065024,-1.4251738
CHIN_278875092b882687,Reference,CHIN,MG1655,4384200.0,4.445195,2.2617483
CHIN_e1d457f01594d475,Reference,CHIN,MG1655,4411230.0,-0.2685093,-1.5193657
CHIN_05391e6f08c9897f,Reference,CHIN,MG1655,4427260.0,7.4682894,0.050225746
CHIN_c36249e67a41eb04,Reference,CHIN,MG1655,4476270.0,4.5524564,-4.9788623
CHIN_58e00648c4307690,Reference,CHIN,MG1655,4480140.0,5.4437222,-1.4100565
CHIN_42b69aefb1e2f90e,Reference,CHIN,MG1655,4496440.0,-8.307768,-1.8175066
CHIN_2cf23c80facc9bd4,Reference,CHIN,MG1655,4504290.0,-4.0981855,-3.195252
CHIN_e2127c2e68c0c686,Reference,CHIN,MG1655,4504570.0,-6.482342,-4.2745423
CHIN_2f0656ffb562f4fc,Reference,CHIN,MG1655,4525460.0,6.059831,-3.16218
CHIN_4b3800cf2fefec7c,Reference,CHIN,MG1655,4538600.0,5.828988,-5.936498
CHIN_487a371c98e2d168,Reference,CHIN,MG1655,4540120.0,8.016877,-6.3381915
CHIN_4cef58bf54385ad0,Reference,CHIN,MG1655,4541500.0,5.1873565,-7.149073
CHIN_4512d3902e0a850f,Reference,CHIN,MG1655,4545470.0,8.273243,-7.290402
CHIN_34efc001937deb79,Reference,CHIN,MG1655,4556010.0,4.1268487,-3.2989018
CHIN_aa90853f07faf5ba,Reference,CHIN,MG1655,4578120.0,-1.1766922,-5.838871
CHIN_6230ca4ce9b8e644,Reference,CHIN,MG1655,4595370.0,3.5180998,-1.9789299
CHIN_67d1ad42ef37c115,Reference,CHIN,MG1655,4603820.0,5.498301,-5.0972695
CHIN_623e8fe7b2afd1a8,Reference,CHIN,MG1655,4616940.0,4.7993917,-1.7923999
OPCID_a48ec8c6b5e6e38b,Reference,OPCID,MG1655,54800.0,2.9644217,8.576927
OPCID_eaf35ae5cddf4c0d,Reference,OPCID,MG1655,90545.0,-3.7353582,13.203938
OPCID_a3c7ad9c66cf12f1,Reference,OPCID,MG1655,107560.0,-12.867197,11.700847
OPCID_07d051796dc7059b,Reference,OPCID,MG1655,125680.0,4.0817738,23.904644
OPCID_ef9d936de4b62940,Reference,OPCID,MG1655,183415.0,-3.1189632,3.474415
OPCID_1612f8f2ea7e9f06,Reference,OPCID,MG1655,193340.0,2.3737526,7.332428
OPCID_4c1cd6d81f6b0f95,Reference,OPCID,MG1655,196605.0,-0.68459123,7.3406973
OPCID_d003e176e8d23c63,Reference,OPCID,MG1655,200610.0,-3.666197,10.549424
OPCID_36e0565260f2141f,Reference,OPCID,MG1655,246075.0,4.837247,-2.6503925
OPCID_392028707b8a2532,Reference,OPCID,MG1655,323245.0,-5.690853,20.647774
OPCID_4421803242064dec,Reference,OPCID,MG1655,434265.0,2.5829608,7.008002
OPCID_10f9269e6bda4947,Reference,OPCID,MG1655,631360.0,-6.134503,3.7958152
OPCID_9dc38e719d08f155,Reference,OPCID,MG1655,704010.0,6.1151776,8.4430065
OPCID_69a72fb00fdc2938,Reference,OPCID,MG1655,763935.0,-2.9713998,7.8175807
OPCID_17d26e5c8bdd11fa,Reference,OPCID,MG1655,772910.0,-23.935959,7.6984243
OPCID_b1757a56703936d1,Reference,OPCID,MG1655,936550.0,-2.5460968,10.149278
OPCID_a6f2fecc54bc432d,Reference,OPCID,MG1655,952765.0,-7.348129,10.799621
OPCID_9ac65fd4bf038173,Reference,OPCID,MG1655,962835.0,-0.6022675,0.21647006
OPCID_430b7c0bb5fc530a,Reference,OPCID,MG1655,1142785.0,-6.2081084,11.279262
OPCID_0f71385a399dc767,Reference,OPCID,MG1655,1188635.0,7.2551675,4.639677
OPCID_304b6ccbb191eb65,Reference,OPCID,MG1655,1225115.0,-1.771325,-2.3862233
OPCID_7a866c11603150e7,Reference,OPCID,MG1655,1249435.0,6.2435145,3.7170649
OPCID_3045d21bebe98beb,Reference,OPCID,MG1655,1303045.0,40.381527,58.05112
OPCID_414cf80847bd9929,Reference,OPCID,MG1655,1339875.0,-7.0385184,3.999599
OPCID_129f719ef537ae3f,Reference,OPCID,MG1655,1353900.0,9.003095,1.3561133
OPCID_fa9e2c77b6424ea9,Reference,OPCID,MG1655,1667485.0,-2.423849,-0.39962187
OPCID_1734fe040179910f,Reference,OPCID,MG1655,1700815.0,9.044796,2.8131497
OPCID_029d6f79d3b495d7,Reference,OPCID,MG1655,1735455.0,1.9061552,2.2860432
OPCID_33579465745b0522,Reference,OPCID,MG1655,1744300.0,0.15208435,6.0610414
OPCID_ae970230ebbec9d2,Reference,OPCID,MG1655,1800875.0,-12.167568,13.291027
OPCID_9d9e69ad0ce51f11,Reference,OPCID,MG1655,2143430.0,-1.9693347,5.481976
OPCID_8d5d9994a513fc11,Reference,OPCID,MG1655,2213470.0,0.1232678,1.2584363
OPCID_c4aea9eca44028ce,Reference,OPCID,MG1655,2261500.0,-5.393709,12.241153
OPCID_3a4aa0d0d21262a8,Reference,OPCID,MG1655,2391205.0,-22.361961,13.343689
OPCID_33b4f3a14ebbc59e,Reference,OPCID,MG1655,2395285.0,5.6867795,29.289581
OPCID_6abc058ae2242c3c,Reference,OPCID,MG1655,2441140.0,-10.463086,1.8948332
OPCID_c0709bc7c08ec44f,Reference,OPCID,MG1655,2530925.0,-14.552607,9.790784
OPCID_c8522caa8fd83322,Reference,OPCID,MG1655,2534700.0,-14.866632,17.660467
OPCID_630c92ecf870fece,Reference,OPCID,MG1655,2543875.0,-3.7272174,1.7154125
OPCID_adee45e8dfb40894,Reference,OPCID,MG1655,2564415.0,-2.0160677,0.87521386
OPCID_079060fd1545272e,Reference,OPCID,MG1655,2640260.0,0.15749897,9.91576
OPCID_3808275a8edee593,Reference,OPCID,MG1655,2650405.0,8.967965,7.3548827
OPCID_e946d7d808213e3f,Reference,OPCID,MG1655,2662635.0,4.937609,2.1847036
OPCID_ee3461cf21068a4c,Reference,OPCID,MG1655,2687760.0,3.2780066,-0.20286117
OPCID_210f8ff672fa4c9a,Reference,OPCID,MG1655,2709400.0,-6.118849,-0.17169456
OPCID_e04790b97d37c16e,Reference,OPCID,MG1655,2868480.0,-5.285128,3.3753698
OPCID_149d0308ae463e46,Reference,OPCID,MG1655,2919995.0,-4.610121,17.7077
OPCID_8429a777f942f05d,Reference,OPCID,MG1655,2941115.0,7.5871563,-0.36334136
OPCID_bb60f5d218faa929,Reference,OPCID,MG1655,2966770.0,-0.8683175,8.840196
OPCID_dee7d45a8897305b,Reference,OPCID,MG1655,3014260.0,-4.6237254,4.1021175
OPCID_ad7cb00f8c882c61,Reference,OPCID,MG1655,3041670.0,-8.878148,9.854473
OPCID_b7f0a78b5bc75834,Reference,OPCID,MG1655,3048625.0,-0.37689108,20.391562
OPCID_725a69a69963ad59,Reference,OPCID,MG1655,3274080.0,-3.9359567,21.251375
OPCID_3b8eefccce2e36fc,Reference,OPCID,MG1655,3380450.0,6.4800754,3.351968
OPCID_5c038f6d802a0373,Reference,OPCID,MG1655,3444155.0,-0.79145765,27.986183
OPCID_3ca243441c0a5a91,Reference,OPCID,MG1655,3550190.0,-2.0488663,31.701067
OPCID_6e5625e30f0c3e40,Reference,OPCID,MG1655,3554600.0,-14.61357,18.06534
OPCID_f124da0b3913d5c3,Reference,OPCID,MG1655,3640905.0,-11.736214,11.210483
OPCID_a2fcb5ddde5dbcf6,Reference,OPCID,MG1655,3737655.0,-8.404338,14.398188
OPCID_7a387ab67a4e089c,Reference,OPCID,MG1655,3866740.0,-7.7695346,9.492914
OPCID_22365f72e65106b5,Reference,OPCID,MG1655,3919190.0,-2.8357565,14.514794
OPCID_092946eccc52a81c,Reference,OPCID,MG1655,3994520.0,5.2379255,10.647554
OPCID_f235f321095064d1,Reference,OPCID,MG1655,4021825.0,-5.619621,9.6913
OPCID_52757c7e517094bd,Reference,OPCID,MG1655,4117900.0,-1.4521921,6.633822
OPCID_4a51b9db831f2860,Reference,OPCID,MG1655,4256135.0,0.21457826,10.142949
OPCID_b9f55508e75e487b,Reference,OPCID,MG1655,4279295.0,-0.4875313,5.1660895
OPCID_1d111d2805e7745b,Reference,OPCID,MG1655,4484420.0,5.1805615,7.2752156
OPCID_54d272e23bb92a3b,Reference,OPCID,MG1655,4585100.0,7.917201,8.757071
CHID_10c0edbfd02353c9,Reference,CHID,MG1655,153480.0,4.2515893,-2.6988144
CHID_d5d6186c6918f2bb,Reference,CHID,MG1655,315420.0,-21.803846,-11.928035
CHID_21f48d066f082128,Reference,CHID,MG1655,565240.0,-7.5414352,-3.5539703
CHID_85b41ba2b9c36824,Reference,CHID,MG1655,580050.0,-6.0386877,-7.114357
CHID_c16193a866007239,Reference,CHID,MG1655,874750.0,-1.8031752,-6.7784753
CHID_ddb48e888603fa31,Reference,CHID,MG1655,1095100.0,-5.898179,-12.208244
CHID_9ee02f36e2c46f9c,Reference,CHID,MG1655,1214445.0,5.5250444,-3.6400216
CHID_98a77fbf535246a2,Reference,CHID,MG1655,1545070.0,-5.514863,-5.78163
CHID_5977802645c5a666,Reference,CHID,MG1655,1588450.0,0.45935643,-8.314636
CHID_2ca33fd28f8ff17d,Reference,CHID,MG1655,1775015.0,5.108651,-3.8012059
CHID_e99742d9fb1834b2,Reference,CHID,MG1655,2106130.0,0.40986976,0.5360155
CHID_3dbc3a51ad1f4a2e,Reference,CHID,MG1655,2189805.0,-3.126162,-7.0006456
CHID_22cd1a298e3f8de6,Reference,CHID,MG1655,2385805.0,3.1759098,-4.5185537
CHID_a3539b4c5da95bec,Reference,CHID,MG1655,2486470.0,1.0320746,-3.180253
CHID_242423613227795b,Reference,CHID,MG1655,2759355.0,0.22980912,-4.676409
CHID_bb5176753cf7c269,Reference,CHID,MG1655,2784710.0,9.22468,-5.5994687
CHID_f834d1ac36e1b8fa,Reference,CHID,MG1655,2992425.0,3.3580077,-6.443435
CHID_0fd794b4635bec68,Reference,CHID,MG1655,3188275.0,-19.071938,-9.185066
CHID_73f567423cf41748,Reference,CHID,MG1655,3633605.0,-7.8602166,-7.77066
CHID_f06b787cca3dcb95,Reference,CHID,MG1655,3654840.0,-10.47142,-3.588109
CHID_829be93d3f3a9719,Reference,CHID,MG1655,3767825.0,-1.8565559,-15.572641
CHID_2dad41c5a944685a,Reference,CHID,MG1655,3802635.0,-7.1581206,-4.6602783
CHID_719d61be1e7fecf1,Reference,CHID,MG1655,4063250.0,-4.8760343,-6.1738076
CHID_0def30026dacfa28,Reference,CHID,MG1655,4505535.0,-19.39802,-6.7108955
CHID_52339c707e099308,Reference,CHID,MG1655,4540195.0,8.909166,-5.5362988
CHID_299eef69ee510b9f,Reference,CHID,MG1655,4579115.0,1.7467418,-3.9528694
BG_0001,Reference,Background,MG1655,6400.0,4.585349,2.1087718
BG_0002,Reference,Background,MG1655,11200.0,-4.6050816,2.6879778
BG_0003,Reference,Background,MG1655,16000.0,-24.292818,-8.747248
BG_0004,Reference,Background,MG1655,20800.0,-13.778856,-2.0482435
BG_0005,Reference,Background,MG1655,25600.0,5.076854,7.112606
BG_0006,Reference,Background,MG1655,30400.0,-0.8054742,0.20838766
BG_0007,Reference,Background,MG1655,35200.0,5.9773574,-2.9869342
BG_0008,Reference,Background,MG1655,40000.0,7.65662,-3.8241425
BG_0009,Reference,Background,MG1655,67200.0,7.8233867,-2.586555
BG_0010,Reference,Background,MG1655,72000.0,2.4639652,-2.010482
BG_0011,Reference,Background,MG1655,76800.0,6.2225637,-3.5512247
BG_0012,Reference,Background,MG1655,136000.0,5.782575,0.04454354
BG_0013,Reference,Background,MG1655,140800.0,0.06556051,-1.9436767
BG_0014,Reference,Background,MG1655,164800.0,3.003446,0.28156638
BG_0015,Reference,Background,MG1655,169600.0,7.6052275,-2.0799665
BG_0016,Reference,Background,MG1655,209600.0,2.6382024,-1.8545113
BG_0017,Reference,Background,MG1655,214400.0,6.721167,-2.0566614
BG_0018,Reference,Background,MG1655,219200.0,0.30111057,2.8541431
BG_0019,Reference,Background,MG1655,224000.0,-38.95375,-8.6177845
BG_0020,Reference,Background,MG1655,228800.0,-40.31787,-9.671994
BG_0021,Reference,Background,MG1655,270400.0,-22.359104,-7.717581
BG_0022,Reference,Background,MG1655,275200.0,-25.334633,-6.487398
BG_0023,Reference,Background,MG1655,280000.0,2.4479337,-5.4188313
BG_0024,Reference,Background,MG1655,284800.0,8.010444,-3.7080204
BG_0025,Reference,Background,MG1655,352000.0,0.5808769,-2.6629171
BG_0026,Reference,Background,MG1655,366400.0,-2.6299913,1.123407
BG_0027,Reference,Background,MG1655,376000.0,0.3705821,-3.7844899
BG_0028,Reference,Background,MG1655,390400.0,-7.9527807,-4.463028
BG_0029,Reference,Background,MG1655,395200.0,-8.913999,-2.4185493
BG_0030,Reference,Background,MG1655,400000.0,3.2247057,-2.367264
BG_0031,Reference,Background,MG1655,404800.0,7.5375733,-2.318532
BG_0032,Reference,Background,MG1655,409600.0,10.359614,-4.273067
BG_0033,Reference,Background,MG1655,414400.0,6.7036204,-3.6860073
BG_0034,Reference,Background,MG1655,419200.0,7.972628,-1.6335908
BG_0035,Reference,Background,MG1655,449600.0,10.329574,4.7117834
BG_0036,Reference,Background,MG1655,454400.0,5.562286,2.409494
BG_0037,Reference,Background,MG1655,459200.0,1.1164935,7.9467196
BG_0038,Reference,Background,MG1655,464000.0,-7.1397576,2.9147847
BG_0039,Reference,Background,MG1655,468800.0,8.196942,-1.4114441
BG_0040,Reference,Background,MG1655,488000.0,8.666402,-0.7320881
BG_0041,Reference,Background,MG1655,492800.0,6.7117662,0.77392995
BG_0042,Reference,Background,MG1655,497600.0,4.8497,-1.7926089
BG_0043,Reference,Background,MG1655,502400.0,5.229715,1.7883395
BG_0044,Reference,Background,MG1655,593600.0,4.6253324,-3.4093149
BG_0045,Reference,Background,MG1655,598400.0,4.835137,-3.800789
BG_0046,Reference,Background,MG1655,603200.0,-0.044837598,-1.3763723
BG_0047,Reference,Background,MG1655,608000.0,-12.763246,-11.733794
BG_0048,Reference,Background,MG1655,646400.0,6.715663,-3.1709023
BG_0049,Reference,Background,MG1655,688000.0,-19.420912,-8.842218
BG_0050,Reference,Background,MG1655,782400.0,6.827261,-2.3445725
BG_0051,Reference,Background,MG1655,787200.0,10.569326,2.7332628
BG_0052,Reference,Background,MG1655,792000.0,8.477337,-0.054277338
BG_0053,Reference,Background,MG1655,809600.0,5.672373,-3.4426837
BG_0054,Reference,Background,MG1655,828800.0,4.496108,2.9604375
BG_0055,Reference,Background,MG1655,843200.0,7.6819634,-5.2099414
BG_0056,Reference,Background,MG1655,848000.0,6.482163,-1.5022612
BG_0057,Reference,Background,MG1655,852800.0,8.806442,-2.334857
BG_0058,Reference,Background,MG1655,857600.0,6.9451914,-5.0716496
BG_0059,Reference,Background,MG1655,862400.0,2.5608635,-4.1837707
BG_0060,Reference,Background,MG1655,884800.0,7.624753,-3.4928422
BG_0061,Reference,Background,MG1655,889600.0,8.863005,-1.9439129
BG_0062,Reference,Background,MG1655,902400.0,6.5964513,-0.15824589
BG_0063,Reference,Background,MG1655,907200.0,2.9652014,-0.94339716
BG_0064,Reference,Background,MG1655,912000.0,4.915657,-5.5513573
BG_0065,Reference,Background,MG1655,916800.0,2.9250138,-3.5649028
BG_0066,Reference,Background,MG1655,921600.0,-4.200054,0.6081639
BG_0067,Reference,Background,MG1655,971200.0,8.691304,2.246721
BG_0068,Reference,Background,MG1655,976000.0,9.470616,3.1357243
BG_0069,Reference,Background,MG1655,980800.0,3.2153068,3.7975063
BG_0070,Reference,Background,MG1655,985600.0,-7.967234,6.3959436
BG_0071,Reference,Background,MG1655,990400.0,2.2190917,6.3923087
BG_0072,Reference,Background,MG1655,1006400.0,2.437144,-3.688279
BG_0073,Reference,Background,MG1655,1011200.0,4.320159,-1.7371888
BG_0074,Reference,Background,MG1655,1016000.0,3.315117,3.7755864
BG_0075,Reference,Background,MG1655,1030400.0,2.0129898,-2.9558675
BG_0076,Reference,Background,MG1655,1035200.0,1.1434741,-3.899686
BG_0077,Reference,Background,MG1655,1040000.0,-0.9334538,-3.1883893
BG_0078,Reference,Background,MG1655,1073600.0,-0.5813562,-2.5864441
BG_0079,Reference,Background,MG1655,1078400.0,-0.5682246,-2.1662765
BG_0080,Reference,Background,MG1655,1128000.0,9.56507,6.6733584
BG_0081,Reference,Background,MG1655,1132800.0,11.177988,4.8128586
BG_0082,Reference,Background,MG1655,1158400.0,-13.471925,4.43874
BG_0083,Reference,Background,MG1655,1163200.0,7.3711963,2.7354038
BG_0084,Reference,Background,MG1655,1168000.0,-3.1670694,-0.21354456
BG_0085,Reference,Background,MG1655,1172800.0,4.057219,-0.63115764
BG_0086,Reference,Background,MG1655,1238400.0,5.067678,0.23957068
BG_0087,Reference,Background,MG1655,1259200.0,-11.361982,4.0184245
BG_0088,Reference,Background,MG1655,1273600.0,9.263119,0.52748686
BG_0089,Reference,Background,MG1655,1286400.0,3.101429,-1.3671861
BG_0090,Reference,Background,MG1655,1323200.0,3.589012,-2.9089959
BG_0091,Reference,Background,MG1655,1328000.0,5.524043,-0.39420557
BG_0092,Reference,Background,MG1655,1427200.0,-1.1120547,-5.5700006
BG_0093,Reference,Background,MG1655,1432000.0,-20.272623,-16.838087
BG_0094,Reference,Background,MG1655,1436800.0,-10.607402,-2.3628387
BG_0095,Reference,Background,MG1655,1441600.0,7.509119,0.8832149
BG_0096,Reference,Background,MG1655,1446400.0,0.85842305,-2.1943994
BG_0097,Reference,Background,MG1655,1451200.0,-1.522431,-3.9815788
BG_0098,Reference,Background,MG1655,1456000.0,-0.33091307,-2.9946907
BG_0099,Reference,Background,MG1655,1460800.0,-1.2071034,-2.868206
BG_0100,Reference,Background,MG1655,1465600.0,-10.989991,-0.24149674
BG_0101,Reference,Background,MG1655,1486400.0,3.230016,-2.7371447
BG_0102,Reference,Background,MG1655,1491200.0,0.04032271,-0.1195402
BG_0103,Reference,Background,MG1655,1496000.0,3.654462,-0.8827136
BG_0104,Reference,Background,MG1655,1500800.0,8.695074,-0.65058863
BG_0105,Reference,Background,MG1655,1505600.0,6.1190543,0.01944032
BG_0106,Reference,Background,MG1655,1510400.0,9.544775,-2.4767973
BG_0107,Reference,Background,MG1655,1553600.0,-2.3181021,-3.8673966
BG_0108,Reference,Background,MG1655,1558400.0,0.7085553,-3.784208
BG_0109,Reference,Background,MG1655,1606400.0,8.673548,-5.7333117
BG_0110,Reference,Background,MG1655,1624000.0,7.36422,-3.7099288
BG_0111,Reference,Background,MG1655,1657600.0,0.49891162,-3.9697826
BG_0112,Reference,Background,MG1655,1675200.0,1.5251458,1.1927515
BG_0113,Reference,Background,MG1655,1680000.0,6.9870815,0.68365914
BG_0114,Reference,Background,MG1655,1684800.0,4.2825203,0.4476519
BG_0115,Reference,Background,MG1655,1713600.0,10.611134,2.6094844
BG_0116,Reference,Background,MG1655,1718400.0,9.969962,4.896615
BG_0117,Reference,Background,MG1655,1723200.0,2.919108,0.47171122
BG_0118,Reference,Background,MG1655,1763200.0,5.901404,-3.7689524
BG_0119,Reference,Background,MG1655,1812800.0,-2.2231877,-2.193808
BG_0120,Reference,Background,MG1655,1817600.0,2.6479871,-2.6971307
BG_0121,Reference,Background,MG1655,1822400.0,10.552423,-0.7354258
BG_0122,Reference,Background,MG1655,1827200.0,4.154281,-4.5448527
BG_0123,Reference,Background,MG1655,1832000.0,6.49087,-3.5385754
BG_0124,Reference,Background,MG1655,1836800.0,7.3213134,-3.1731682
BG_0125,Reference,Background,MG1655,1881600.0,3.6197433,0.5617586
BG_0126,Reference,Background,MG1655,1886400.0,4.269308,-2.660022
BG_0127,Reference,Background,MG1655,1891200.0,5.6127663,-3.607701
BG_0128,Reference,Background,MG1655,1896000.0,4.050023,0.3347963
BG_0129,Reference,Background,MG1655,1900800.0,-11.520991,0.9351865
BG_0130,Reference,Background,MG1655,1905600.0,-14.278768,7.437585
BG_0131,Reference,Background,MG1655,1910400.0,-0.48261067,2.2389748
BG_0132,Reference,Background,MG1655,1926400.0,0.26473644,1.3654219
BG_0133,Reference,Background,MG1655,1931200.0,3.2955396,-2.1178606
BG_0134,Reference,Background,MG1655,1936000.0,-2.116511,3.9094033
BG_0135,Reference,Background,MG1655,1940800.0,7.0459642,7.138192
BG_0136,Reference,Background,MG1655,1945600.0,6.214148,1.2535317
BG_0137,Reference,Background,MG1655,1950400.0,4.992595,1.9407396
BG_0138,Reference,Background,MG1655,1955200.0,5.628542,-4.093237
BG_0139,Reference,Background,MG1655,1960000.0,5.786481,-3.203078
BG_0140,Reference,Background,MG1655,1964800.0,4.583174,-2.9382274
BG_0141,Reference,Background,MG1655,1969600.0,4.190192,1.3932697
BG_0142,Reference,Background,MG1655,1974400.0,5.7257867,3.033239
BG_0143,Reference,Background,MG1655,1979200.0,-5.748523,-5.59966
BG_0144,Reference,Background,MG1655,1984000.0,5.455787,-2.7276464
BG_0145,Reference,Background,MG1655,1988800.0,0.6417959,1.1587137
BG_0146,Reference,Background,MG1655,1993600.0,-5.949859,4.9946957
BG_0147,Reference,Background,MG1655,1998400.0,6.625857,-0.9965728
BG_0148,Reference,Background,MG1655,2003200.0,6.712627,-0.67905945
BG_0149,Reference,Background,MG1655,2065600.0,-20.383867,-10.436794
BG_0150,Reference,Background,MG1655,2070400.0,-19.079634,-9.942541
BG_0151,Reference,Background,MG1655,2075200.0,-1.6527358,1.7921685
BG_0152,Reference,Background,MG1655,2089600.0,4.2934036,-0.090233825
BG_0153,Reference,Background,MG1655,2094400.0,4.1213093,-0.3716449
BG_0154,Reference,Background,MG1655,2155200.0,-2.0900834,-3.73072
BG_0155,Reference,Background,MG1655,2160000.0,5.575059,-3.5997539
BG_0156,Reference,Background,MG1655,2200000.0,6.5980844,-5.6337576
BG_0157,Reference,Background,MG1655,2204800.0,2.3433156,-3.0238187
BG_0158,Reference,Background,MG1655,2222400.0,7.926762,-2.0335028
BG_0159,Reference,Background,MG1655,2246400.0,6.549179,-4.179888
BG_0160,Reference,Background,MG1655,2270400.0,-6.3637,-0.5372102
BG_0161,Reference,Background,MG1655,2275200.0,6.3782687,1.683201
BG_0162,Reference,Background,MG1655,2280000.0,8.35205,-0.18944062
BG_0163,Reference,Background,MG1655,2294400.0,-2.1147566,0.049061302
BG_0164,Reference,Background,MG1655,2310400.0,-3.9503279,-0.16368568
BG_0165,Reference,Background,MG1655,2315200.0,3.8593946,2.7632143
BG_0166,Reference,Background,MG1655,2320000.0,6.668707,2.608918
BG_0167,Reference,Background,MG1655,2324800.0,-1.6756395,-4.367394
BG_0168,Reference,Background,MG1655,2329600.0,1.9645908,-3.2421303
BG_0169,Reference,Background,MG1655,2334400.0,4.279559,-4.0633707
BG_0170,Reference,Background,MG1655,2352000.0,2.161424,-1.6770338
BG_0171,Reference,Background,MG1655,2356800.0,6.3444448,-3.116386
BG_0172,Reference,Background,MG1655,2371200.0,1.2933303,-4.217041
BG_0173,Reference,Background,MG1655,2376000.0,3.7584314,-1.8404493
BG_0174,Reference,Background,MG1655,2404800.0,-12.981437,17.175413
BG_0175,Reference,Background,MG1655,2409600.0,1.6535622,8.168241
BG_0176,Reference,Background,MG1655,2414400.0,3.08258,7.3981686
BG_0177,Reference,Background,MG1655,2419200.0,2.7759326,-1.4111385
BG_0178,Reference,Background,MG1655,2424000.0,2.7322516,-3.1128538
BG_0179,Reference,Background,MG1655,2472000.0,5.250644,-6.5271482
BG_0180,Reference,Background,MG1655,2500800.0,4.643726,-0.38967535
BG_0181,Reference,Background,MG1655,2515200.0,-22.478989,-8.869812
BG_0182,Reference,Background,MG1655,2520000.0,-6.169796,1.0540903
BG_0183,Reference,Background,MG1655,2552000.0,8.004692,-0.5253917
BG_0184,Reference,Background,MG1655,2572800.0,5.8071976,-2.6531918
BG_0185,Reference,Background,MG1655,2577600.0,8.947031,-2.1734543
BG_0186,Reference,Background,MG1655,2582400.0,7.139101,-3.6588178
BG_0187,Reference,Background,MG1655,2587200.0,5.435414,-2.3773232
BG_0188,Reference,Background,MG1655,2592000.0,6.8665276,-0.25206876
BG_0189,Reference,Background,MG1655,2596800.0,-4.491384,4.481681
BG_0190,Reference,Background,MG1655,2601600.0,-6.51554,-0.52918
BG_0191,Reference,Background,MG1655,2606400.0,6.848957,-3.2404218
BG_0192,Reference,Background,MG1655,2611200.0,5.862071,-3.8049564
BG_0193,Reference,Background,MG1655,2616000.0,7.930605,1.0274103
BG_0194,Reference,Background,MG1655,2620800.0,5.876113,-2.9096177
BG_0195,Reference,Background,MG1655,2670400.0,3.5343306,-3.6224618
BG_0196,Reference,Background,MG1655,2675200.0,3.1186333,-3.5886781
BG_0197,Reference,Background,MG1655,2718400.0,-4.5629582,2.0398965
BG_0198,Reference,Background,MG1655,2723200.0,-5.8193436,12.212338
BG_0199,Reference,Background,MG1655,2728000.0,-41.04737,-10.700391
BG_0200,Reference,Background,MG1655,2732800.0,-21.131891,1.6522663
BG_0201,Reference,Background,MG1655,2737600.0,-9.596493,-0.95914596
BG_0202,Reference,Background,MG1655,2742400.0,3.6820583,2.658811
BG_0203,Reference,Background,MG1655,2747200.0,8.126403,9.483248
BG_0204,Reference,Background,MG1655,2822400.0,2.1819472,2.0201285
BG_0205,Reference,Background,MG1655,2827200.0,-6.795708,3.171281
BG_0206,Reference,Background,MG1655,2832000.0,-4.878854,0.57384443
BG_0207,Reference,Background,MG1655,2846400.0,4.2616625,-2.7042058
BG_0208,Reference,Background,MG1655,2851200.0,1.6245359,-1.5127634
BG_0209,Reference,Background,MG1655,2856000.0,4.855406,-4.2205105
BG_0210,Reference,Background,MG1655,2891200.0,7.1290255,-2.9223144
BG_0211,Reference,Background,MG1655,2950400.0,8.249406,-3.0059843
BG_0212,Reference,Background,MG1655,2955200.0,2.8893356,-2.3664496
BG_0213,Reference,Background,MG1655,2976000.0,4.8352213,-0.6123075
BG_0214,Reference,Background,MG1655,3024000.0,6.396909,-4.32804
BG_0215,Reference,Background,MG1655,3033600.0,6.7836,-1.9953079
BG_0216,Reference,Background,MG1655,3062400.0,1.296433,-0.9558933
BG_0217,Reference,Background,MG1655,3086400.0,5.9534826,0.24881977
BG_0218,Reference,Background,MG1655,3091200.0,4.634032,-1.6722002
BG_0219,Reference,Background,MG1655,3096000.0,8.060701,-0.9169944
BG_0220,Reference,Background,MG1655,3100800.0,7.2051177,-1.3213136
BG_0221,Reference,Background,MG1655,3115200.0,4.61822,-4.30323
BG_0222,Reference,Background,MG1655,3129600.0,-17.860598,-8.01085
BG_0223,Reference,Background,MG1655,3134400.0,-1.2003794,-1.8340255
BG_0224,Reference,Background,MG1655,3139200.0,4.5474343,0.043952703
BG_0225,Reference,Background,MG1655,3144000.0,6.205713,7.0920024
BG_0226,Reference,Background,MG1655,3158400.0,6.4980297,-2.934297
BG_0227,Reference,Background,MG1655,3163200.0,3.3452585,0.29214445
BG_0228,Reference,Background,MG1655,3168000.0,7.6981807,-2.3320045
BG_0229,Reference,Background,MG1655,3172800.0,-5.3369527,0.03133424
BG_0230,Reference,Background,MG1655,3214400.0,9.667185,-1.9562039
BG_0231,Reference,Background,MG1655,3219200.0,6.301936,-3.9480193
BG_0232,Reference,Background,MG1655,3235200.0,1.6898893,-2.0203438
BG_0233,Reference,Background,MG1655,3240000.0,3.85847,3.0028346
BG_0234,Reference,Background,MG1655,3244800.0,8.984737,5.7444468
BG_0235,Reference,Background,MG1655,3249600.0,2.012798,2.4873872
BG_0236,Reference,Background,MG1655,3254400.0,6.052986,0.66960496
BG_0237,Reference,Background,MG1655,3296000.0,3.6698627,5.4392815
BG_0238,Reference,Background,MG1655,3300800.0,-1.007575,0.5576066
BG_0239,Reference,Background,MG1655,3305600.0,-6.992328,1.6697019
BG_0240,Reference,Background,MG1655,3310400.0,-10.549185,8.347623
BG_0241,Reference,Background,MG1655,3337600.0,5.986234,7.2308335
BG_0242,Reference,Background,MG1655,3342400.0,5.362193,7.3303003
BG_0243,Reference,Background,MG1655,3347200.0,0.16654275,13.762129
BG_0244,Reference,Background,MG1655,3352000.0,-8.703801,9.648621
BG_0245,Reference,Background,MG1655,3392000.0,8.126475,6.6107173
BG_0246,Reference,Background,MG1655,3396800.0,10.274397,4.1979346
BG_0247,Reference,Background,MG1655,3401600.0,10.017676,4.657195
BG_0248,Reference,Background,MG1655,3420800.0,-10.845749,-0.21677944
BG_0249,Reference,Background,MG1655,3425600.0,-44.125557,-8.430086
BG_0250,Reference,Background,MG1655,3430400.0,-23.838566,3.7561502
BG_0251,Reference,Background,MG1655,3462400.0,6.2343664,-4.3743844
BG_0252,Reference,Background,MG1655,3467200.0,1.9205306,-1.1179197
BG_0253,Reference,Background,MG1655,3472000.0,-16.766088,-2.9269342
BG_0254,Reference,Background,MG1655,3476800.0,2.4787364,5.86687
BG_0255,Reference,Background,MG1655,3481600.0,0.74783695,1.331351
BG_0256,Reference,Background,MG1655,3486400.0,-10.791383,8.394674
BG_0257,Reference,Background,MG1655,3500800.0,5.237975,-3.5537255
BG_0258,Reference,Background,MG1655,3515200.0,-1.2492608,7.078023
BG_0259,Reference,Background,MG1655,3520000.0,-3.6031928,1.9406972
BG_0260,Reference,Background,MG1655,3524800.0,2.3603673,1.1941146
BG_0261,Reference,Background,MG1655,3529600.0,-1.3366908,4.5759325
BG_0262,Reference,Background,MG1655,3534400.0,-8.681569,16.608198
BG_0263,Reference,Background,MG1655,3539200.0,-1.2837883,1.160759
BG_0264,Reference,Background,MG1655,3563200.0,10.681212,2.9800177
BG_0265,Reference,Background,MG1655,3568000.0,10.158347,9.073199
BG_0266,Reference,Background,MG1655,3572800.0,6.9833508,7.0888667
BG_0267,Reference,Background,MG1655,3592000.0,7.07879,-1.9455622
BG_0268,Reference,Background,MG1655,3596800.0,0.016777465,1.8780564
BG_0269,Reference,Background,MG1655,3601600.0,-4.313653,8.267507
BG_0270,Reference,Background,MG1655,3606400.0,3.3119879,5.7386465
BG_0271,Reference,Background,MG1655,3620800.0,-41.999382,-10.310197
BG_0272,Reference,Background,MG1655,3681600.0,2.1749837,6.466752
BG_0273,Reference,Background,MG1655,3686400.0,-1.1582421,1.3877388
BG_0274,Reference,Background,MG1655,3691200.0,5.68947,-2.0286543
BG_0275,Reference,Background,MG1655,3696000.0,-1.800006,1.2650648
BG_0276,Reference,Background,MG1655,3700800.0,1.5954503,1.8688196
BG_0277,Reference,Background,MG1655,3705600.0,-6.8414683,4.969048
BG_0278,Reference,Background,MG1655,3753600.0,9.671271,-2.8111358
BG_0279,Reference,Background,MG1655,3758400.0,-0.12645528,0.5540019
BG_0280,Reference,Background,MG1655,3777600.0,0.48692727,2.1412745
BG_0281,Reference,Background,MG1655,3782400.0,-4.669493,4.10898
BG_0282,Reference,Background,MG1655,3816000.0,3.8114142,-0.07017449
BG_0283,Reference,Background,MG1655,3820800.0,2.0680568,2.7787776
BG_0284,Reference,Background,MG1655,3825600.0,2.321593,2.2658038
BG_0285,Reference,Background,MG1655,3851200.0,0.5811355,-0.71044797
BG_0286,Reference,Background,MG1655,3856000.0,1.4555798,1.0854741
BG_0287,Reference,Background,MG1655,3883200.0,-0.6140013,9.641168
BG_0288,Reference,Background,MG1655,3892800.0,-13.6667,8.120596
BG_0289,Reference,Background,MG1655,3934400.0,-10.555778,8.1610985
BG_0290,Reference,Background,MG1655,3939200.0,-15.3435545,8.446895
BG_0291,Reference,Background,MG1655,3944000.0,-42.895103,-9.461422
BG_0292,Reference,Background,MG1655,3958400.0,3.6918294,0.61216855
BG_0293,Reference,Background,MG1655,3974400.0,6.6693053,1.8364232
BG_0294,Reference,Background,MG1655,3979200.0,6.3141327,1.9183296
BG_0295,Reference,Background,MG1655,4035200.0,-40.089073,-6.586324
BG_0296,Reference,Background,MG1655,4040000.0,-40.171963,-9.112079
BG_0297,Reference,Background,MG1655,4044800.0,-1.6033629,2.1473968
BG_0298,Reference,Background,MG1655,4049600.0,4.0705047,1.4578488
BG_0299,Reference,Background,MG1655,4054400.0,2.5072017,1.9583591
BG_0300,Reference,Background,MG1655,4072000.0,0.61090964,1.3405195
BG_0301,Reference,Background,MG1655,4086400.0,-2.753285,6.034302
BG_0302,Reference,Background,MG1655,4102400.0,3.3137693,1.6932088
BG_0303,Reference,Background,MG1655,4107200.0,6.468377,4.5862093
BG_0304,Reference,Background,MG1655,4128000.0,3.957432,0.4300146
BG_0305,Reference,Background,MG1655,4142400.0,6.6602373,-1.8121572
BG_0306,Reference,Background,MG1655,4156800.0,-0.46849215,0.34371012
BG_0307,Reference,Background,MG1655,4161600.0,-3.499393,7.8918576
BG_0308,Reference,Background,MG1655,4166400.0,-39.41072,-8.933505
BG_0309,Reference,Background,MG1655,4171200.0,-41.411575,-8.8287945
BG_0310,Reference,Background,MG1655,4176000.0,-19.818823,2.1468623
BG_0311,Reference,Background,MG1655,4180800.0,-9.409913,12.590058
BG_0312,Reference,Background,MG1655,4185600.0,4.245057,9.691362
BG_0313,Reference,Background,MG1655,4190400.0,-4.8171554,5.864142
BG_0314,Reference,Background,MG1655,4195200.0,-1.2729769,-0.42617208
BG_0315,Reference,Background,MG1655,4200000.0,3.333422,7.143279
BG_0316,Reference,Background,MG1655,4204800.0,-8.030029,3.3600085
BG_0317,Reference,Background,MG1655,4230400.0,5.2404776,0.82320344
BG_0318,Reference,Background,MG1655,4235200.0,6.518791,0.25495145
BG_0319,Reference,Background,MG1655,4240000.0,-2.2244565,1.9903628
BG_0320,Reference,Background,MG1655,4291200.0,5.701433,-2.274794
BG_0321,Reference,Background,MG1655,4296000.0,-1.0990912,-3.5697443
BG_0322,Reference,Background,MG1655,4300800.0,3.7600648,-2.209432
BG_0323,Reference,Background,MG1655,4320000.0,6.284497,-3.0226352
BG_0324,Reference,Background,MG1655,4324800.0,1.5984619,-5.5932875
BG_0325,Reference,Background,MG1655,4329600.0,2.1227674,-0.8912367
BG_0326,Reference,Background,MG1655,4345600.0,2.250715,-2.6795607
BG_0327,Reference,Background,MG1655,4368000.0,-19.973328,14.999027
BG_0328,Reference,Background,MG1655,4372800.0,-3.1102567,5.302479
BG_0329,Reference,Background,MG1655,4392000.0,7.878177,6.7704377
BG_0330,Reference,Background,MG1655,4396800.0,3.6094391,7.401805
BG_0331,Reference,Background,MG1655,4401600.0,-6.831043,12.099891
BG_0332,Reference,Background,MG1655,4419200.0,-2.007273,0.5918464
BG_0333,Reference,Background,MG1655,4435200.0,10.47385,0.31365582
BG_0334,Reference,Background,MG1655,4449600.0,3.1863656,0.65195084
BG_0335,Reference,Background,MG1655,4454400.0,5.0657763,0.9974043
BG_0336,Reference,Background,MG1655,4459200.0,-0.17993888,8.477794
BG_0337,Reference,Background,MG1655,4464000.0,-20.366148,14.465598
BG_0338,Reference,Background,MG1655,4468800.0,-10.762411,9.114526
BG_0339,Reference,Background,MG1655,4515200.0,1.1831917,1.2077347
BG_0340,Reference,Background,MG1655,4563200.0,6.7632537,-1.7815292
BG_0341,Reference,Background,MG1655,4568000.0,6.563645,-3.0395935
BG_0342,Reference,Background,MG1655,4624000.0,3.89186,-1.791316
BG_0343,Reference,Background,MG1655,4628800.0,4.386372,0.16295119
BG_0344,Reference,Background,MG1655,4633600.0,-0.1329576,0.7414093
FREG_8b3b63cc3da721ad,Candidate,Candidate,MG1655,44800.0,6.40299,-4.8318586
FREG_79903927251dcee0,Candidate,Candidate,MG1655,57200.0,3.3320417,3.941666
FREG_8b001013a888b1a1,Candidate,Candidate,MG1655,106800.0,-10.150507,12.743812
FREG_a30994c0bfee6cb5,Candidate,Candidate,MG1655,127200.0,-8.093114,19.945
FREG_b96ff6000f97801f,Candidate,Candidate,MG1655,154000.0,5.8992844,-2.3040645
FREG_c9e5776010a19d77,Candidate,Candidate,MG1655,168400.0,8.93063,1.027748
FREG_3c17a76c91ba3620,Candidate,Candidate,MG1655,176400.0,12.043406,2.3139174
FREG_753c04c042d56855,Candidate,Candidate,MG1655,184000.0,-4.246776,3.996388
FREG_dec59bcf830d2ee6,Candidate,Candidate,MG1655,200400.0,-3.1683466,11.041107
FREG_ad860f3d4752bd1d,Candidate,Candidate,MG1655,216000.0,8.0301285,-1.6254047
FREG_647ab946884b4026,Candidate,Candidate,MG1655,232400.0,1.2762676,1.9226574
FREG_8814232e60629894,Candidate,Candidate,MG1655,268800.0,7.598423,-8.792385
FREG_4b056190f9431017,Candidate,Candidate,MG1655,322400.0,-19.585413,3.1887655
FREG_3c0c965bf49bf58f,Candidate,Candidate,MG1655,332800.0,11.095204,-3.9796724
FREG_a7d017e8cfb1a69c,Candidate,Candidate,MG1655,396000.0,2.3747017,-0.72271234
FREG_0a91cd1113f47b87,Candidate,Candidate,MG1655,407200.0,12.234899,-1.7914476
FREG_284850edfc48c40c,Candidate,Candidate,MG1655,416000.0,6.9631486,-2.71294
FREG_ea4389647e4ec2cd,Candidate,Candidate,MG1655,431200.0,1.4056039,9.613122
FREG_4405dec493e25a84,Candidate,Candidate,MG1655,450000.0,11.949752,5.1212015
FREG_10132b1169a31424,Candidate,Candidate,MG1655,462400.0,-3.176748,7.6693797
FREG_64eb9e44963b14eb,Candidate,Candidate,MG1655,465600.0,4.315303,2.7896953
FREG_474fdcbc9e65ac97,Candidate,Candidate,MG1655,482800.0,11.977743,2.2341695
FREG_70c0ff1525a8c939,Candidate,Candidate,MG1655,494400.0,4.5701976,-0.21406905
FREG_6499c2593eae15c1,Candidate,Candidate,MG1655,506400.0,8.44547,1.4510753
FREG_3d4a95743b89a9c1,Candidate,Candidate,MG1655,527200.0,-0.2247435,-5.035271
FREG_1624931bb4079346,Candidate,Candidate,MG1655,544000.0,6.14703,-3.9486015
FREG_b047c0b64d8f6b65,Candidate,Candidate,MG1655,560800.0,5.190041,-3.8655317
FREG_b281c30546d2f2dd,Candidate,Candidate,MG1655,609600.0,-4.674532,-11.940965
FREG_0eaff5f92d811c81,Candidate,Candidate,MG1655,631600.0,-6.017201,3.0193667
FREG_f2730b027c33cc50,Candidate,Candidate,MG1655,665600.0,9.660724,-0.8333443
FREG_a4aad970926aefdc,Candidate,Candidate,MG1655,679200.0,8.213683,-4.280642
FREG_f5ef0631b11a8bec,Candidate,Candidate,MG1655,687200.0,-5.6585255,-4.275835
FREG_b80bb97bc30309d3,Candidate,Candidate,MG1655,697600.0,4.8412404,4.2599916
FREG_a4bcec0e05a4ae7e,Candidate,Candidate,MG1655,729200.0,-24.41457,-1.6400198
FREG_927d40c86ef7b1d4,Candidate,Candidate,MG1655,734400.0,-17.019644,-2.160635
FREG_23a197fcaf4df8d6,Candidate,Candidate,MG1655,748400.0,7.146264,-2.4896042
FREG_c9d7ff0094b7ea19,Candidate,Candidate,MG1655,757600.0,6.495107,3.344253
FREG_bf274765f64dcf2e,Candidate,Candidate,MG1655,771600.0,-21.175682,7.906896
FREG_a4e511e692667b31,Candidate,Candidate,MG1655,795200.0,9.821804,-0.5851319
FREG_0d155d5ff59aced5,Candidate,Candidate,MG1655,835200.0,8.5795765,-2.3858504
FREG_1b9581ca537f3ca7,Candidate,Candidate,MG1655,854800.0,11.038175,-2.0504434
FREG_0b1a4fcdb4c6b0f0,Candidate,Candidate,MG1655,868800.0,7.7018294,-2.4619515
FREG_c2261ccf4f321488,Candidate,Candidate,MG1655,882000.0,6.9866557,-1.6533344
FREG_34dee77afce8adf5,Candidate,Candidate,MG1655,904000.0,9.624671,1.6374733
FREG_7e5e958cbc9d5099,Candidate,Candidate,MG1655,923600.0,1.259329,4.233648
FREG_a200f3db7a36dfd1,Candidate,Candidate,MG1655,930400.0,3.7301548,3.2761889
FREG_42d3e2f15815267c,Candidate,Candidate,MG1655,938800.0,-14.020967,6.156345
FREG_f777883f257cc56e,Candidate,Candidate,MG1655,952800.0,-7.0467834,10.527646
FREG_2b068766c74074b7,Candidate,Candidate,MG1655,965600.0,3.9926076,2.350705
FREG_3b8ffec8bac8d1a0,Candidate,Candidate,MG1655,985600.0,-7.9672327,6.3959413
FREG_e7c23e613d40791d,Candidate,Candidate,MG1655,1002400.0,9.003564,-5.4283156
FREG_917de285b2fc037c,Candidate,Candidate,MG1655,1016400.0,3.0409591,5.1491547
FREG_c707a50ab3cedf2a,Candidate,Candidate,MG1655,1057600.0,5.894874,-2.9184897
FREG_a877dd5588b4011c,Candidate,Candidate,MG1655,1108400.0,8.639009,-1.3824972
FREG_34492219a64a9959,Candidate,Candidate,MG1655,1158000.0,-14.66335,5.062928
FREG_fa4ddf1393df7982,Candidate,Candidate,MG1655,1178800.0,8.372609,3.1339743
FREG_32d3b2839ade9f00,Candidate,Candidate,MG1655,1194400.0,9.612998,-0.54963887
FREG_a322968e0e091669,Candidate,Candidate,MG1655,1198400.0,-1.5294067,-9.589615
FREG_c8486e55b019f350,Candidate,Candidate,MG1655,1208400.0,13.885014,-4.2957835
FREG_d3cda5ffb81c91a3,Candidate,Candidate,MG1655,1221600.0,5.501783,-3.5963933
FREG_1c0d76b1f1c8404e,Candidate,Candidate,MG1655,1227600.0,3.5495675,0.101148136
FREG_58716b8657663f82,Candidate,Candidate,MG1655,1234000.0,6.8070498,4.0740128
FREG_419b90a75035f08a,Candidate,Candidate,MG1655,1242000.0,12.17324,2.1845014
FREG_53a68bc12f4553ab,Candidate,Candidate,MG1655,1252400.0,4.5574074,0.18663625
FREG_ab8c4d5f9e40d1d7,Candidate,Candidate,MG1655,1260000.0,-12.258614,4.7359686
FREG_18d6d6b9991c1e67,Candidate,Candidate,MG1655,1266800.0,4.671648,3.0799112
FREG_f58b946f4319d3b7,Candidate,Candidate,MG1655,1302000.0,18.495928,30.008842
FREG_89050f1e4d87cbd9,Candidate,Candidate,MG1655,1321600.0,3.6878562,-3.6904685
FREG_7bfe94b0db3815e0,Candidate,Candidate,MG1655,1340400.0,-5.2005095,4.9023833
FREG_a35a88b667d2c36c,Candidate,Candidate,MG1655,1353600.0,9.52969,1.8296572
FREG_ddd616c6bc270d21,Candidate,Candidate,MG1655,1388800.0,7.000155,2.1934617
FREG_64e6e1a0f778ee71,Candidate,Candidate,MG1655,1392000.0,4.01913,1.8888323
FREG_cad61145e2da40c1,Candidate,Candidate,MG1655,1406400.0,7.9927206,-4.580774
FREG_82a811abb2714642,Candidate,Candidate,MG1655,1428800.0,19.531086,-15.182423
FREG_0ec3deb6cb8e3a1f,Candidate,Candidate,MG1655,1444000.0,7.885271,0.7865659
FREG_7e16c0c4325e5d1d,Candidate,Candidate,MG1655,1470400.0,-9.67635,-23.684189
FREG_72207fa128f1023c,Candidate,Candidate,MG1655,1481600.0,7.4634137,-4.3824797
FREG_d48616db2be0a1f1,Candidate,Candidate,MG1655,1493200.0,4.413008,1.6210506
FREG_6586b29a6604dd96,Candidate,Candidate,MG1655,1496400.0,3.7155457,-1.6419623
FREG_9949ed981f76b32e,Candidate,Candidate,MG1655,1502800.0,9.486145,0.5014906
FREG_f76cb7ab00f0aa90,Candidate,Candidate,MG1655,1575200.0,3.4040189,-3.4937549
FREG_80d3aa7e4fed4c3d,Candidate,Candidate,MG1655,1581200.0,7.4079094,-1.8413717
FREG_acd4b0f85d9048dc,Candidate,Candidate,MG1655,1592800.0,5.371674,-5.2514067
FREG_87dd9aab1b6e66cd,Candidate,Candidate,MG1655,1603200.0,8.516423,-2.7503371
FREG_5cce5084191e0890,Candidate,Candidate,MG1655,1625600.0,6.6585097,-3.7849946
FREG_843e663633f07293,Candidate,Candidate,MG1655,1673600.0,5.8430486,1.0115045
FREG_e78028911b2a79a6,Candidate,Candidate,MG1655,1681200.0,6.717917,1.8222653
FREG_532acb0538fa2912,Candidate,Candidate,MG1655,1691200.0,6.359825,-2.8198051
FREG_f489a38832c12330,Candidate,Candidate,MG1655,1699200.0,10.199375,3.8187602
FREG_2d76c2ca695e2900,Candidate,Candidate,MG1655,1706400.0,10.212868,0.9389921
FREG_ab86a89c0c0253b1,Candidate,Candidate,MG1655,1714000.0,10.474791,2.8119984
FREG_f73b30ea5e8a03ef,Candidate,Candidate,MG1655,1722400.0,4.773423,2.5139627
FREG_1ef71e5980620b76,Candidate,Candidate,MG1655,1751200.0,5.92917,-4.6880693
FREG_b62702b2fe0600ff,Candidate,Candidate,MG1655,1764800.0,5.601707,-3.0988796
FREG_03e105604d014ba6,Candidate,Candidate,MG1655,1788400.0,9.191912,1.8719566
FREG_b7fb4af7ec2dbec0,Candidate,Candidate,MG1655,1800800.0,-12.004908,13.318388
FREG_53c92e209ab0d7b9,Candidate,Candidate,MG1655,1822000.0,10.681655,-0.84011376
FREG_7dc651ecec25e41d,Candidate,Candidate,MG1655,1836800.0,7.3213162,-3.1731682
FREG_3df70068feca0a70,Candidate,Candidate,MG1655,1849200.0,6.572145,7.93951
FREG_f080d87158b570e1,Candidate,Candidate,MG1655,1858800.0,7.4346848,-1.2957431
FREG_060e46470534df49,Candidate,Candidate,MG1655,1865600.0,-1.2556143,2.456653
FREG_c04ad4fa99531c81,Candidate,Candidate,MG1655,1872800.0,6.172479,-1.4756533
FREG_a6342a0a229388f1,Candidate,Candidate,MG1655,1878800.0,8.177963,0.85215956
FREG_d2d392e1e3af249a,Candidate,Candidate,MG1655,1903200.0,-19.047659,7.624535
FREG_95eff5b76065dafb,Candidate,Candidate,MG1655,1912800.0,2.819942,5.775544
FREG_1c5ace96ef187329,Candidate,Candidate,MG1655,1917600.0,4.2969885,3.1893675
FREG_0d709798f3eacad9,Candidate,Candidate,MG1655,1924000.0,1.0179965,4.785936
FREG_1305eb571c3bb8a0,Candidate,Candidate,MG1655,1929600.0,6.8953466,-0.23812863
FREG_ca7f6a3e36c26bb0,Candidate,Candidate,MG1655,1944400.0,11.628824,2.5205023
FREG_f5914e2608a3139c,Candidate,Candidate,MG1655,1971600.0,7.033007,3.7241433
FREG_fee885b91f90be59,Candidate,Candidate,MG1655,1993200.0,-8.1375675,3.2929869
FREG_d9e613a6da1bbfde,Candidate,Candidate,MG1655,2008000.0,6.955564,-2.5077062
FREG_9514e59659180f9c,Candidate,Candidate,MG1655,2019600.0,5.4672647,3.693712
FREG_b63f841473fa35dc,Candidate,Candidate,MG1655,2030400.0,8.11287,-4.637712
FREG_df9791c4a4cf8e2c,Candidate,Candidate,MG1655,2044000.0,-7.920374,-4.05876
FREG_bf3e1676e954ae7d,Candidate,Candidate,MG1655,2054800.0,7.247148,-3.315362
FREG_7ea68c9c73985ae9,Candidate,Candidate,MG1655,2063200.0,7.228253,0.73167765
FREG_80b11d76af0e3f6f,Candidate,Candidate,MG1655,2079600.0,7.820424,-0.40414107
FREG_cf3d3827bf6dd780,Candidate,Candidate,MG1655,2104800.0,-13.563301,-1.3681382
FREG_c7f534c19d17f43c,Candidate,Candidate,MG1655,2140800.0,-6.3960886,7.639285
FREG_1903a600e364f832,Candidate,Candidate,MG1655,2145600.0,1.6997191,2.4655414
FREG_9f6595c9a76c4a7b,Candidate,Candidate,MG1655,2176000.0,-20.717337,-2.303473
FREG_70948b13141d0f2d,Candidate,Candidate,MG1655,2223600.0,9.834275,-1.0391823
FREG_dca36ed12b2dee2f,Candidate,Candidate,MG1655,2244800.0,6.922901,-3.7329512
FREG_a635ba46a50b3a49,Candidate,Candidate,MG1655,2271200.0,-7.5752835,-0.8133159
FREG_75bd2653e4f8ca25,Candidate,Candidate,MG1655,2279200.0,10.052749,1.6945847
FREG_1a15ca20e427f05a,Candidate,Candidate,MG1655,2321200.0,4.121297,1.2857693
FREG_f14ea993e8b25b82,Candidate,Candidate,MG1655,2340800.0,9.429805,-3.4041562
FREG_017c9e4604cf65bb,Candidate,Candidate,MG1655,2391600.0,-16.020603,22.19799
FREG_c80baf09873c8e2e,Candidate,Candidate,MG1655,2440800.0,-10.778525,1.4848093
FREG_7e2826c8606a787c,Candidate,Candidate,MG1655,2478400.0,8.691284,-4.789997
FREG_8eb4220af86c952b,Candidate,Candidate,MG1655,2489600.0,9.355313,-2.345215
FREG_0af1ebaaab86f1c8,Candidate,Candidate,MG1655,2513600.0,-5.9205203,-4.2321167
FREG_7089a736aaf0a1d4,Candidate,Candidate,MG1655,2519600.0,-5.5723796,1.10109
FREG_2f3af1b9c3bbb05e,Candidate,Candidate,MG1655,2534400.0,-16.203365,14.672858
FREG_198036ee9f5a70c4,Candidate,Candidate,MG1655,2548400.0,8.818745,2.2473834
FREG_3371092db014576f,Candidate,Candidate,MG1655,2564400.0,0.8071628,1.2420852
FREG_76f4c379538e5a04,Candidate,Candidate,MG1655,2584000.0,5.727928,-4.558355
FREG_6a4ab7070f8d4444,Candidate,Candidate,MG1655,2604800.0,7.05208,-2.9200902
FREG_62da24bb51f1d2c2,Candidate,Candidate,MG1655,2625200.0,10.816228,-0.110853374
FREG_2a1ab61af8043dae,Candidate,Candidate,MG1655,2641600.0,-2.6370757,9.4539175
FREG_cac735c8cf6e1d2e,Candidate,Candidate,MG1655,2649600.0,9.428773,7.514725
FREG_9ebcb47776f94b87,Candidate,Candidate,MG1655,2708800.0,-4.9528084,1.2650151
FREG_6e09d3bd094c8b1d,Candidate,Candidate,MG1655,2721600.0,-12.682234,12.719393
FREG_11a5f6c7b97c1f4a,Candidate,Candidate,MG1655,2736800.0,-10.6721525,-0.2897564
FREG_73e6e7465ad4e4c4,Candidate,Candidate,MG1655,2747200.0,8.126403,9.48325
FREG_ff532581b24af75c,Candidate,Candidate,MG1655,2754800.0,-0.22281086,-0.50818163
FREG_8e33a6d1e6f10e59,Candidate,Candidate,MG1655,2785600.0,11.802511,-4.521485
FREG_f3868eb02e0f55d5,Candidate,Candidate,MG1655,2809600.0,8.413633,2.8004465
FREG_f3510ef7f2432010,Candidate,Candidate,MG1655,2815600.0,6.421459,2.2161472
FREG_43ba383d41c336e2,Candidate,Candidate,MG1655,2827200.0,-6.7957077,3.171281
FREG_3cabe6a4fbfe2392,Candidate,Candidate,MG1655,2868000.0,-5.76966,3.0492873
FREG_d60cf0e71170ce7a,Candidate,Candidate,MG1655,2880000.0,8.073198,-6.006694
FREG_e072be4f0cf1ad67,Candidate,Candidate,MG1655,2886400.0,8.493033,-2.4004133
FREG_4b7d0b5470bbacb2,Candidate,Candidate,MG1655,2920000.0,-4.2140145,18.709297
FREG_d049a84b69583bb4,Candidate,Candidate,MG1655,2980800.0,7.194414,-5.018246
FREG_182d4c2fa8a9af54,Candidate,Candidate,MG1655,2990000.0,8.872063,-5.5454087
FREG_b7c8fd0caa521c80,Candidate,Candidate,MG1655,3014400.0,-4.253254,3.404242
FREG_002f146b6f614245,Candidate,Candidate,MG1655,3032400.0,9.144818,-0.8752077
FREG_be825ad8b6a2fe4e,Candidate,Candidate,MG1655,3048000.0,-3.8365786,19.401194
FREG_71c429938c2bb421,Candidate,Candidate,MG1655,3072000.0,-9.618888,13.034331
FREG_d9565da6584d3377,Candidate,Candidate,MG1655,3092800.0,4.971158,-1.73502
FREG_5f42baef9d08ba56,Candidate,Candidate,MG1655,3144800.0,6.9976144,6.78727
FREG_89f933686190b586,Candidate,Candidate,MG1655,3163200.0,3.3452573,0.2921431
FREG_19a4a9627a72c5ab,Candidate,Candidate,MG1655,3176800.0,-8.325989,7.53779
FREG_e6d786036463fc14,Candidate,Candidate,MG1655,3222400.0,7.6921415,-3.427109
FREG_6df32034ec393913,Candidate,Candidate,MG1655,3271600.0,-13.929287,13.670358
FREG_50016c5459cdde46,Candidate,Candidate,MG1655,3309200.0,-14.032749,5.106094
FREG_5f65ee0fcb5cc0d3,Candidate,Candidate,MG1655,3348800.0,2.149401,14.995372
FREG_197d91c30a21aa6d,Candidate,Candidate,MG1655,3377600.0,-0.6177091,3.9779794
FREG_673fd16dbc85d929,Candidate,Candidate,MG1655,3394000.0,11.320694,6.099392
FREG_d8009ca77bbfd55b,Candidate,Candidate,MG1655,3416000.0,6.8275685,-5.6988664
FREG_e015e1cbb82f3fda,Candidate,Candidate,MG1655,3440400.0,-26.361462,11.619422
FREG_3c7065d27965c923,Candidate,Candidate,MG1655,3462400.0,6.234367,-4.374386
FREG_3fb3b4c0cc922b63,Candidate,Candidate,MG1655,3472800.0,-5.057876,6.2905774
FREG_9160ea6e04d0fce4,Candidate,Candidate,MG1655,3486800.0,-10.622311,9.1622715
FREG_592b8ee6e80c0332,Candidate,Candidate,MG1655,3505600.0,6.0403876,-3.7228835
FREG_a1f94ce6c9ac1856,Candidate,Candidate,MG1655,3513600.0,1.4337722,8.097272
FREG_3ac62dfe3e5c70a8,Candidate,Candidate,MG1655,3516800.0,-1.2093557,7.2083364
FREG_18308d8d16cb77ab,Candidate,Candidate,MG1655,3534400.0,-8.681568,16.60819
FREG_03698d335d449109,Candidate,Candidate,MG1655,3549200.0,-10.235765,27.468658
FREG_76c0f54100c00508,Candidate,Candidate,MG1655,3592000.0,7.0787888,-1.9455668
FREG_5e71eb22a239e0f3,Candidate,Candidate,MG1655,3601600.0,-4.313655,8.267505
FREG_b78622a8d089b9a6,Candidate,Candidate,MG1655,3624800.0,-22.711187,-1.0281521
FREG_71a1810f771bdea6,Candidate,Candidate,MG1655,3633200.0,-7.9100184,-7.9870043
FREG_e5cc7b1efae1a138,Candidate,Candidate,MG1655,3641200.0,-10.588045,13.059813
FREG_7a99d7dca32569ea,Candidate,Candidate,MG1655,3648800.0,5.1553564,0.3849556
FREG_ec68581bc4f6ef27,Candidate,Candidate,MG1655,3699200.0,5.417786,4.244151
FREG_bc663b2769015222,Candidate,Candidate,MG1655,3707200.0,-4.139879,9.186675
FREG_1f5d6ce85d1ab652,Candidate,Candidate,MG1655,3726400.0,6.0307426,0.88492477
FREG_0b60f99aaa90f305,Candidate,Candidate,MG1655,3738400.0,-7.795527,16.284943
FREG_e9ba2a9c562587f0,Candidate,Candidate,MG1655,3750400.0,8.082535,-3.8057795
FREG_b75c71fb585afd01,Candidate,Candidate,MG1655,3766400.0,-15.075927,-0.8846825
FREG_5808f814db7aac35,Candidate,Candidate,MG1655,3783600.0,-1.711817,5.9606395
FREG_5bfbb87dac6470f6,Candidate,Candidate,MG1655,3802800.0,-7.9091315,-4.304834
FREG_170bc6971c42582b,Candidate,Candidate,MG1655,3844800.0,6.4372015,-1.627892
FREG_f22a9ca580a2c527,Candidate,Candidate,MG1655,3866000.0,-10.445964,8.8545475
FREG_05a0cf3fde05e2f7,Candidate,Candidate,MG1655,3888000.0,-17.182613,7.2427173
FREG_7bb0def6a7b76a96,Candidate,Candidate,MG1655,3918400.0,-0.30988318,15.50354
FREG_8a7aa8e9ef61cfa1,Candidate,Candidate,MG1655,3939600.0,-20.690088,6.6540585
FREG_c423410ef5466d80,Candidate,Candidate,MG1655,3965600.0,-3.8465705,11.1904745
FREG_19fafb389f6821c0,Candidate,Candidate,MG1655,3977600.0,8.860381,3.3885465
FREG_faad4173b025f5d3,Candidate,Candidate,MG1655,3988000.0,-6.339815,10.348758
FREG_5c4f510acea39341,Candidate,Candidate,MG1655,4004400.0,8.127561,1.0798025
FREG_a340ee223eb14a8b,Candidate,Candidate,MG1655,4021600.0,-6.614912,9.378036
FREG_be1e3265dcb6bee1,Candidate,Candidate,MG1655,4032800.0,-13.666486,9.552132
FREG_917948506f98694d,Candidate,Candidate,MG1655,4076800.0,-4.5634828,4.920337
FREG_cad9757d375b2f54,Candidate,Candidate,MG1655,4083200.0,-1.3391722,11.183361
FREG_8f9c3c98be313afa,Candidate,Candidate,MG1655,4117600.0,-2.0640292,7.3061914
FREG_07a2251bfd6d98e1,Candidate,Candidate,MG1655,4134400.0,8.259482,-3.6197157
FREG_4bb24303d6e4e3ac,Candidate,Candidate,MG1655,4179600.0,-5.5474434,16.229855
FREG_dd8ef6e92a048838,Candidate,Candidate,MG1655,4202400.0,3.7416673,8.664005
FREG_79aca59cc181d3d3,Candidate,Candidate,MG1655,4221600.0,0.29119667,-5.2774453
FREG_21b7d5ac1419bc39,Candidate,Candidate,MG1655,4243200.0,-30.390617,12.490154
FREG_a6c37a2014d77af9,Candidate,Candidate,MG1655,4278000.0,4.384681,4.32192
FREG_e4f42f80b5c519e7,Candidate,Candidate,MG1655,4288000.0,9.188971,-2.902685
FREG_2fb66ea62d876021,Candidate,Candidate,MG1655,4343600.0,8.2367935,3.2903037
FREG_e2b6e60709b341ec,Candidate,Candidate,MG1655,4365600.0,-23.653429,9.598912
FREG_1edcba645d0dd4a1,Candidate,Candidate,MG1655,4380800.0,3.5246718,8.844558
FREG_c33836512cd5bdc3,Candidate,Candidate,MG1655,4389600.0,9.038262,7.619768
FREG_e35227c57fd34e9d,Candidate,Candidate,MG1655,4403200.0,-5.9959226,12.127276
FREG_a356c920b79fd72a,Candidate,Candidate,MG1655,4416400.0,-7.447085,1.1143614
FREG_9919e1fb6784c2a8,Candidate,Candidate,MG1655,4435200.0,10.473848,0.31365544
FREG_e5bab547e32c0095,Candidate,Candidate,MG1655,4442000.0,8.277907,3.8394153
FREG_2a458a4eb550141c,Candidate,Candidate,MG1655,4462800.0,-26.393286,9.561385
FREG_fe17dc505c3e4dc0,Candidate,Candidate,MG1655,4491600.0,8.812724,-0.83933556
FREG_d0437ba01c05d49f,Candidate,Candidate,MG1655,4506800.0,-10.0494585,-9.602507
FREG_948b53bdbfa601a8,Candidate,Candidate,MG1655,4526400.0,5.454909,-3.8223023
FREG_e79dd71d2c9d9f84,Candidate,Candidate,MG1655,4564800.0,7.616611,-1.514946
FREG_ca773dc177e53fd6,Candidate,Candidate,MG1655,4585200.0,7.561933,9.091117
FREG_3f8b0de465607760,Candidate,Candidate,MG1655,4612800.0,8.1436615,-2.5772324
