reference_id,reference_kind,type,chrom,start,end,center,genomic_group,probe_label
CHIN_d2deb5271c6a5cdd,Known,CHIN,MG1655,58260,59420,58840.0,MG1655:0,1
CHIN_e75b43fe8984729d,Known,CHIN,MG1655,83460,85860,84660.0,MG1655:0,1
CHIN_ec0a221413a0122f,Known,CHIN,MG1655,150060,152600,151330.0,MG1655:1,1
CHIN_813ba6e5d823057e,Known,CHIN,MG1655,150060,153540,151800.0,MG1655:1,1
CHIN_72b6b435a0910cba,Known,CHIN,MG1655,150060,154620,152340.0,MG1655:1,1
CHIN_8bc99ad127e36986,Known,CHIN,MG1655,153540,155700,154620.0,MG1655:1,1
CHIN_7f578107de94ae33,Known,CHIN,MG1655,156170,157290,156730.0,MG1655:1,1
CHIN_ebff8dd814b0e30d,Known,CHIN,MG1655,179740,181020,180380.0,MG1655:1,1
CHIN_5e96eb45b53473d8,Known,CHIN,MG1655,237000,238940,237970.0,MG1655:1,1
CHIN_6f0fc226dcac97e0,Known,CHIN,MG1655,252280,253840,253060.0,MG1655:1,1
CHIN_95865e7aff35770d,Known,CHIN,MG1655,252280,260520,256400.0,MG1655:2,1
CHIN_347c5b87a6218f43,Known,CHIN,MG1655,258700,260480,259590.0,MG1655:2,1
CHIN_5a72ba4e9470db3b,Known,CHIN,MG1655,262320,263560,262940.0,MG1655:2,1
CHIN_4c5f156d9cc89829,Known,CHIN,MG1655,292430,295450,293940.0,MG1655:2,1
CHIN_845f263abdb730a3,Known,CHIN,MG1655,294940,296400,295670.0,MG1655:2,1
CHIN_041bcc227cd53ba1,Known,CHIN,MG1655,296440,298020,297230.0,MG1655:2,1
CHIN_532567826674af80,Known,CHIN,MG1655,302620,304120,303370.0,MG1655:2,1
CHIN_7398738e11297691,Known,CHIN,MG1655,312500,314520,313510.0,MG1655:2,1
CHIN_b10a121ad52a995a,Known,CHIN,MG1655,318290,319970,319130.0,MG1655:2,1
CHIN_312a74a025dbb29e,Known,CHIN,MG1655,335190,336930,336060.0,MG1655:2,1
CHIN_28ce20abf9be7e23,Known,CHIN,MG1655,343740,345280,344510.0,MG1655:2,1
CHIN_0dd4c64ce8f39b0c,Known,CHIN,MG1655,431650,432910,432280.0,MG1655:3,1
CHIN_fba1a86abad8c7a7,Known,CHIN,MG1655,479730,481550,480640.0,MG1655:3,1
CHIN_71efee1581148a83,Known,CHIN,MG1655,515700,516920,516310.0,MG1655:4,1
CHIN_80c12c16922655e6,Known,CHIN,MG1655,526710,529470,528090.0,MG1655:4,1
CHIN_8eb17f66486b0cb3,Known,CHIN,MG1655,535810,538250,537030.0,MG1655:4,1
CHIN_756380c51ed71de1,Known,CHIN,MG1655,537490,539170,538330.0,MG1655:4,1
CHIN_765ae5aaa92eba4c,Known,CHIN,MG1655,545170,546710,545940.0,MG1655:4,1
CHIN_0665f54cdc25bc86,Known,CHIN,MG1655,558190,560310,559250.0,MG1655:4,1
CHIN_24c69819d9eb0ea3,Known,CHIN,MG1655,558190,561210,559700.0,MG1655:4,1
CHIN_7f52b12dfe4fe133,Known,CHIN,MG1655,562020,564760,563390.0,MG1655:4,1
CHIN_7a803da6ac58d221,Known,CHIN,MG1655,563970,568970,566470.0,MG1655:4,1
CHIN_a63720d7766d7461,Known,CHIN,MG1655,568090,570890,569490.0,MG1655:4,1
CHIN_8df27ebe669975c4,Known,CHIN,MG1655,569420,572480,570950.0,MG1655:4,1
CHIN_33fec0705cfb277a,Known,CHIN,MG1655,570750,572390,571570.0,MG1655:4,1
CHIN_a1e86caa5ea8ad7a,Known,CHIN,MG1655,582900,585780,584340.0,MG1655:4,1
CHIN_037eac2ae9ec84b3,Known,CHIN,MG1655,617720,619520,618620.0,MG1655:4,1
CHIN_79b92fd133c7aa25,Known,CHIN,MG1655,636260,638180,637220.0,MG1655:4,1
CHIN_03da8349566fc478,Known,CHIN,MG1655,655540,657040,656290.0,MG1655:5,1
CHIN_f93cc107dd51e45a,Known,CHIN,MG1655,660590,662490,661540.0,MG1655:5,1
CHIN_5112515e92b132f5,Known,CHIN,MG1655,676260,677580,676920.0,MG1655:5,1
CHIN_12300449726e7c4d,Known,CHIN,MG1655,676260,680280,678270.0,MG1655:5,1
CHIN_f6dd7eecdc24d3c3,Known,CHIN,MG1655,715620,717120,716370.0,MG1655:5,1
CHIN_71544cab6749d657,Known,CHIN,MG1655,720100,721340,720720.0,MG1655:5,1
CHIN_101609e6a031b5b2,Known,CHIN,MG1655,732990,736410,734700.0,MG1655:5,1
CHIN_31f753a6c5032426,Known,CHIN,MG1655,735680,739080,737380.0,MG1655:5,1
CHIN_d09cbcfd88a8bdfb,Known,CHIN,MG1655,748180,749460,748820.0,MG1655:5,1
CHIN_d42479337ed2ab90,Known,CHIN,MG1655,751750,753190,752470.0,MG1655:5,1
CHIN_0f74c85e412d80b9,Known,CHIN,MG1655,799970,802230,801100.0,MG1655:6,1
CHIN_ca0f2dc213c43b19,Known,CHIN,MG1655,820280,821760,821020.0,MG1655:6,1
CHIN_8110991a73e48713,Known,CHIN,MG1655,872520,876840,874680.0,MG1655:6,1
CHIN_be03a3bd16796038,Known,CHIN,MG1655,997460,998920,998190.0,MG1655:7,1
CHIN_3b157ef6413ebd3b,Known,CHIN,MG1655,998130,999910,999020.0,MG1655:7,1
CHIN_a61eedfc4b0326fc,Known,CHIN,MG1655,1049000,1051220,1050110.0,MG1655:8,1
CHIN_04e54383f38f765c,Known,CHIN,MG1655,1050610,1052710,1051660.0,MG1655:8,1
CHIN_bc4243d412e56afc,Known,CHIN,MG1655,1064050,1065830,1064940.0,MG1655:8,1
CHIN_73e1a314282c7e31,Known,CHIN,MG1655,1086240,1089040,1087640.0,MG1655:8,1
CHIN_a305212f1c632ac0,Known,CHIN,MG1655,1086240,1093920,1090080.0,MG1655:8,1
CHIN_f8eacba8473838ef,Known,CHIN,MG1655,1087590,1089310,1088450.0,MG1655:8,1
CHIN_f03aad61ac30b982,Known,CHIN,MG1655,1090720,1094340,1092530.0,MG1655:8,1
CHIN_f2eb436a00c8388f,Known,CHIN,MG1655,1092650,1096790,1094720.0,MG1655:8,1
CHIN_ed327955a26354f8,Known,CHIN,MG1655,1101500,1103860,1102680.0,MG1655:8,1
CHIN_5d2c28e9756edcc4,Known,CHIN,MG1655,1103980,1105420,1104700.0,MG1655:8,1
CHIN_81761ead4e5babcc,Known,CHIN,MG1655,1117780,1119480,1118630.0,MG1655:8,1
CHIN_eece7eddb47ce44c,Known,CHIN,MG1655,1118940,1121440,1120190.0,MG1655:8,1
CHIN_c7e63e408c4c9165,Known,CHIN,MG1655,1180270,1181990,1181130.0,MG1655:9,1
CHIN_30fa1007486e99c0,Known,CHIN,MG1655,1196620,1200380,1198500.0,MG1655:9,1
CHIN_0b96404ea31c5cc5,Known,CHIN,MG1655,1197850,1200030,1198940.0,MG1655:9,1
CHIN_887aeb65ed02a486,Known,CHIN,MG1655,1201850,1203350,1202600.0,MG1655:9,1
CHIN_a67bc4a756886582,Known,CHIN,MG1655,1209910,1212870,1211390.0,MG1655:9,1
CHIN_66b05ab570831b8a,Known,CHIN,MG1655,1214260,1217180,1215720.0,MG1655:9,1
CHIN_3ae2b7f708e898a3,Known,CHIN,MG1655,1215940,1218880,1217410.0,MG1655:9,1
CHIN_48fed281505db35a,Known,CHIN,MG1655,1215940,1221040,1218490.0,MG1655:9,1
CHIN_1da809bfbf2865bd,Known,CHIN,MG1655,1217950,1220390,1219170.0,MG1655:9,1
CHIN_39d26f4e365a3b6a,Known,CHIN,MG1655,1219500,1220780,1220140.0,MG1655:9,1
CHIN_f6588d529a4d5c83,Known,CHIN,MG1655,1228980,1230740,1229860.0,MG1655:9,1
CHIN_6de429ae4e16dc37,Known,CHIN,MG1655,1314540,1316520,1315530.0,MG1655:10,1
CHIN_8d5285e73ae7443e,Known,CHIN,MG1655,1369780,1372400,1371090.0,MG1655:10,1
CHIN_a4b9b499b72e0971,Known,CHIN,MG1655,1381410,1383750,1382580.0,MG1655:10,1
CHIN_ca43f16bb916c0f9,Known,CHIN,MG1655,1393890,1396230,1395060.0,MG1655:10,1
CHIN_fc815dfb8c7f111c,Known,CHIN,MG1655,1411210,1412610,1411910.0,MG1655:11,1
CHIN_ca2ad0322ec77659,Known,CHIN,MG1655,1412520,1414160,1413340.0,MG1655:11,1
CHIN_c194cc436f91eadf,Known,CHIN,MG1655,1417480,1419240,1418360.0,MG1655:11,1
CHIN_080a3fd4b9cab15f,Known,CHIN,MG1655,1419250,1420750,1420000.0,MG1655:11,1
CHIN_b62b5345635fb8d8,Known,CHIN,MG1655,1475330,1477350,1476340.0,MG1655:11,1
CHIN_20739850c2069452,Known,CHIN,MG1655,1475330,1479670,1477500.0,MG1655:11,1
CHIN_9c9130eaf8d782b3,Known,CHIN,MG1655,1519960,1521340,1520650.0,MG1655:11,1
CHIN_db627b41dbbead17,Known,CHIN,MG1655,1526710,1530630,1528670.0,MG1655:11,1
CHIN_a8c0513faced91e6,Known,CHIN,MG1655,1529440,1532720,1531080.0,MG1655:11,1
CHIN_bdc62f0b6d196924,Known,CHIN,MG1655,1566010,1567870,1566940.0,MG1655:12,1
CHIN_d45c7c6f4a11fa68,Known,CHIN,MG1655,1575090,1577150,1576120.0,MG1655:12,1
CHIN_a836f1c637e50e10,Known,CHIN,MG1655,1577970,1580910,1579440.0,MG1655:12,1
CHIN_76e05e2f594dedf6,Known,CHIN,MG1655,1581250,1584230,1582740.0,MG1655:12,1
CHIN_65f6e92014e70d27,Known,CHIN,MG1655,1586080,1590460,1588270.0,MG1655:12,1
CHIN_bc406ed7cc5a05e9,Known,CHIN,MG1655,1596300,1598600,1597450.0,MG1655:12,1
CHIN_43f7d66b2dcd0645,Known,CHIN,MG1655,1615310,1617130,1616220.0,MG1655:12,1
CHIN_db385658b1636eac,Known,CHIN,MG1655,1630880,1632680,1631780.0,MG1655:12,1
CHIN_a11de8d01a5ecd10,Known,CHIN,MG1655,1636990,1639070,1638030.0,MG1655:12,1
CHIN_437d690d7167424d,Known,CHIN,MG1655,1646300,1649960,1648130.0,MG1655:12,1
CHIN_ea1e5b49df376026,Known,CHIN,MG1655,1753290,1755370,1754330.0,MG1655:13,1
CHIN_c6c62ce7bb03095b,Known,CHIN,MG1655,1771840,1774000,1772920.0,MG1655:13,1
CHIN_4fb329424e3dad09,Known,CHIN,MG1655,1775480,1776960,1776220.0,MG1655:13,1
CHIN_0aff14c0f8d8b7e0,Known,CHIN,MG1655,1802700,1805220,1803960.0,MG1655:14,1
CHIN_1181d296a9d4466d,Known,CHIN,MG1655,1843870,1845130,1844500.0,MG1655:14,1
CHIN_2f14634f1542e0cf,Known,CHIN,MG1655,1852690,1854510,1853600.0,MG1655:14,1
CHIN_2a056e8d00f0d57e,Known,CHIN,MG1655,1856500,1858100,1857300.0,MG1655:14,1
CHIN_1b43b15c8ca43bcc,Known,CHIN,MG1655,1869840,1872100,1870970.0,MG1655:14,1
CHIN_413c7aed4a1f2e45,Known,CHIN,MG1655,1869840,1873960,1871900.0,MG1655:14,1
CHIN_e79e0f2a30775d13,Known,CHIN,MG1655,2010930,2012450,2011690.0,MG1655:15,1
CHIN_75bef55d7e6d8415,Known,CHIN,MG1655,2023320,2024820,2024070.0,MG1655:15,1
CHIN_3316498dc3a118cd,Known,CHIN,MG1655,2035550,2037570,2036560.0,MG1655:15,1
CHIN_ac3eded02b4ccf68,Known,CHIN,MG1655,2052200,2053560,2052880.0,MG1655:16,1
CHIN_ae3487f724c72e24,Known,CHIN,MG1655,2056360,2057820,2057090.0,MG1655:16,1
CHIN_9336b6dd24567a55,Known,CHIN,MG1655,2102940,2104420,2103680.0,MG1655:16,1
CHIN_4c5b118b76314438,Known,CHIN,MG1655,2102940,2105920,2104430.0,MG1655:16,1
CHIN_27fcb8c59cdd19ed,Known,CHIN,MG1655,2102940,2106440,2104690.0,MG1655:16,1
CHIN_cb62ec523cd9aabf,Known,CHIN,MG1655,2103970,2107410,2105690.0,MG1655:16,1
CHIN_4bd6df699a4a442d,Known,CHIN,MG1655,2105150,2107890,2106520.0,MG1655:16,1
CHIN_6a1a24c637d17f3b,Known,CHIN,MG1655,2105150,2108710,2106930.0,MG1655:16,1
CHIN_aafbbc0179d18cd3,Known,CHIN,MG1655,2106480,2109140,2107810.0,MG1655:16,1
CHIN_ca9b1395fa31ca60,Known,CHIN,MG1655,2108740,2110960,2109850.0,MG1655:16,1
CHIN_838823b66ebc9485,Known,CHIN,MG1655,2114070,2115310,2114690.0,MG1655:16,1
CHIN_efd3b9f350308704,Known,CHIN,MG1655,2128380,2130680,2129530.0,MG1655:16,1
CHIN_7342c9e2862bcb5d,Known,CHIN,MG1655,2167780,2170120,2168950.0,MG1655:16,1
CHIN_ce6a7185cf5fa235,Known,CHIN,MG1655,2169510,2173210,2171360.0,MG1655:16,1
CHIN_1c70d1a650016e04,Known,CHIN,MG1655,2172240,2175080,2173660.0,MG1655:16,1
CHIN_2d7af64b36b410f4,Known,CHIN,MG1655,2178150,2180190,2179170.0,MG1655:17,1
CHIN_a291d6c5e031b26b,Known,CHIN,MG1655,2187330,2188810,2188070.0,MG1655:17,1
CHIN_adea01451cb1d0a7,Known,CHIN,MG1655,2187330,2192810,2190070.0,MG1655:17,1
CHIN_c6b545edf6771073,Known,CHIN,MG1655,2188010,2189870,2188940.0,MG1655:17,1
CHIN_21ff4711ee55e68c,Known,CHIN,MG1655,2190110,2192670,2191390.0,MG1655:17,1
CHIN_170b0a1b9643a8db,Known,CHIN,MG1655,2233020,2234220,2233620.0,MG1655:17,1
CHIN_a50686a688e4cb02,Known,CHIN,MG1655,2237570,2239470,2238520.0,MG1655:17,1
CHIN_57f596abaeaccae4,Known,CHIN,MG1655,2254830,2256110,2255470.0,MG1655:17,1
CHIN_072974e2927b123b,Known,CHIN,MG1655,2257770,2259530,2258650.0,MG1655:17,1
CHIN_13ce252fbae0cbfe,Known,CHIN,MG1655,2343360,2344660,2344010.0,MG1655:18,1
CHIN_dd92f5d829bb4be0,Known,CHIN,MG1655,2383080,2385200,2384140.0,MG1655:18,1
CHIN_91904b7e5910e56c,Known,CHIN,MG1655,2385750,2387030,2386390.0,MG1655:18,1
CHIN_0d7c2ca69d1c63c8,Known,CHIN,MG1655,2385750,2388850,2387300.0,MG1655:18,1
CHIN_8996a4742f03d7bd,Known,CHIN,MG1655,2454600,2456380,2455490.0,MG1655:19,1
CHIN_ec6956bb3f5f4be0,Known,CHIN,MG1655,2462580,2464380,2463480.0,MG1655:19,1
CHIN_d39507f936616600,Known,CHIN,MG1655,2480930,2483750,2482340.0,MG1655:19,1
CHIN_22e07f81f47f41b7,Known,CHIN,MG1655,2480930,2486830,2483880.0,MG1655:19,1
CHIN_a5786a3ebf4f757f,Known,CHIN,MG1655,2482490,2486530,2484510.0,MG1655:19,1
CHIN_7166ae9780b2f33d,Known,CHIN,MG1655,2485190,2488290,2486740.0,MG1655:19,1
CHIN_dc7847370035ae4b,Known,CHIN,MG1655,2488280,2490700,2489490.0,MG1655:19,1
CHIN_327765acd5ab2895,Known,CHIN,MG1655,2491890,2493890,2492890.0,MG1655:19,1
CHIN_bfb5f6f7a0a0aa2e,Known,CHIN,MG1655,2628290,2630530,2629410.0,MG1655:20,1
CHIN_7c7199f99f57f610,Known,CHIN,MG1655,2653160,2654340,2653750.0,MG1655:20,1
CHIN_d1bcd25223375bb6,Known,CHIN,MG1655,2699740,2700840,2700290.0,MG1655:21,1
CHIN_31f41fb4b7695a7a,Known,CHIN,MG1655,2757510,2759670,2758590.0,MG1655:21,1
CHIN_63b64d89cb555a98,Known,CHIN,MG1655,2757510,2761530,2759520.0,MG1655:21,1
CHIN_f37a01bb149bdd2c,Known,CHIN,MG1655,2773010,2775530,2774270.0,MG1655:21,1
CHIN_78a1a7d17ac8e4e2,Known,CHIN,MG1655,2781040,2785900,2783470.0,MG1655:21,1
CHIN_776dbab456673217,Known,CHIN,MG1655,2784290,2786430,2785360.0,MG1655:21,1
CHIN_fa05997ad11be666,Known,CHIN,MG1655,2784290,2789230,2786760.0,MG1655:21,1
CHIN_58d99e489f853d61,Known,CHIN,MG1655,2787400,2788660,2788030.0,MG1655:21,1
CHIN_c51ed1b8c285d019,Known,CHIN,MG1655,2797390,2798750,2798070.0,MG1655:21,1
CHIN_0f07f9fdd2a69572,Known,CHIN,MG1655,2804290,2805810,2805050.0,MG1655:21,1
CHIN_1f7c5c2fafc1afc3,Known,CHIN,MG1655,2882580,2884780,2883680.0,MG1655:22,1
CHIN_f18d969785c78f39,Known,CHIN,MG1655,2899270,2900870,2900070.0,MG1655:22,1
CHIN_c2a33174c23c2960,Known,CHIN,MG1655,2903620,2906340,2904980.0,MG1655:22,1
CHIN_f5a8f41398ecafac,Known,CHIN,MG1655,2933470,2934890,2934180.0,MG1655:22,1
CHIN_4f3e820755d8686d,Known,CHIN,MG1655,2986330,2988010,2987170.0,MG1655:23,1
CHIN_7547f8c089f6bd2d,Known,CHIN,MG1655,2986330,2990830,2988580.0,MG1655:23,1
CHIN_093ecf60a3c47f13,Known,CHIN,MG1655,2986330,2997430,2991880.0,MG1655:23,1
CHIN_6c72f6379b7c7f83,Known,CHIN,MG1655,2993620,2996420,2995020.0,MG1655:23,1
CHIN_bedc2ff69136d27c,Known,CHIN,MG1655,2995130,2999070,2997100.0,MG1655:23,1
CHIN_faf91596d8b88128,Known,CHIN,MG1655,3053730,3055230,3054480.0,MG1655:23,1
CHIN_bae49c2f837ce4c1,Known,CHIN,MG1655,3076900,3079440,3078170.0,MG1655:24,1
CHIN_d0ab3e0d05bbc705,Known,CHIN,MG1655,3185610,3187830,3186720.0,MG1655:24,1
CHIN_1886affd5bea50b1,Known,CHIN,MG1655,3187520,3189020,3188270.0,MG1655:24,1
CHIN_409ced35971a8cee,Known,CHIN,MG1655,3187520,3191480,3189500.0,MG1655:24,1
CHIN_57ae8a9564d86914,Known,CHIN,MG1655,3188660,3192060,3190360.0,MG1655:24,1
CHIN_d00f6b0d05aa0dba,Known,CHIN,MG1655,3189930,3192250,3191090.0,MG1655:24,1
CHIN_5fda4207a4e790f9,Known,CHIN,MG1655,3190810,3192830,3191820.0,MG1655:24,1
CHIN_6575437f6319ebfd,Known,CHIN,MG1655,3205500,3206720,3206110.0,MG1655:25,1
CHIN_0a55e534fdc7545d,Known,CHIN,MG1655,3225680,3228200,3226940.0,MG1655:25,1
CHIN_ee3355b18d634b8e,Known,CHIN,MG1655,3262150,3263750,3262950.0,MG1655:25,1
CHIN_9549903c064709e2,Known,CHIN,MG1655,3264890,3266490,3265690.0,MG1655:25,1
CHIN_f1c1419569298f23,Known,CHIN,MG1655,3267680,3269860,3268770.0,MG1655:25,1
CHIN_e60512525b58312d,Known,CHIN,MG1655,3286970,3288890,3287930.0,MG1655:25,1
CHIN_9461e74755c3f236,Known,CHIN,MG1655,3320530,3322310,3321420.0,MG1655:25,1
CHIN_23a574b35aa4cad2,Known,CHIN,MG1655,3329880,3331180,3330530.0,MG1655:26,1
CHIN_890c4e23088449cc,Known,CHIN,MG1655,3360590,3362710,3361650.0,MG1655:26,1
CHIN_0134e150bffadd1b,Known,CHIN,MG1655,3412610,3414130,3413370.0,MG1655:26,1
CHIN_5b1d05bc659d52ce,Known,CHIN,MG1655,3581640,3583480,3582560.0,MG1655:27,1
CHIN_db88dbeee4f734c5,Known,CHIN,MG1655,3582640,3585100,3583870.0,MG1655:27,1
CHIN_5d54f5e6e2eeaaf5,Known,CHIN,MG1655,3631380,3633920,3632650.0,MG1655:28,1
CHIN_276dc2f80d3fd17b,Known,CHIN,MG1655,3631380,3634760,3633070.0,MG1655:28,1
CHIN_597d783bf467e297,Known,CHIN,MG1655,3631380,3636320,3633850.0,MG1655:28,1
CHIN_c4faaae576113acc,Known,CHIN,MG1655,3634410,3635870,3635140.0,MG1655:28,1
CHIN_07ca371a77ef3fd4,Known,CHIN,MG1655,3651080,3654040,3652560.0,MG1655:28,1
CHIN_f9636cb1066c7698,Known,CHIN,MG1655,3653170,3655470,3654320.0,MG1655:28,1
CHIN_5fb265845cdfb063,Known,CHIN,MG1655,3655000,3658720,3656860.0,MG1655:28,1
CHIN_8f4f3c87efab8e46,Known,CHIN,MG1655,3656690,3658770,3657730.0,MG1655:28,1
CHIN_a0a5873995d492e4,Known,CHIN,MG1655,3664320,3665980,3665150.0,MG1655:28,1
CHIN_27ec42e89ade22e5,Known,CHIN,MG1655,3673940,3675060,3674500.0,MG1655:28,1
CHIN_9d5f1985493ba5cc,Known,CHIN,MG1655,3720060,3722320,3721190.0,MG1655:29,1
CHIN_17d8930e9adab5f0,Known,CHIN,MG1655,3730830,3733310,3732070.0,MG1655:29,1
CHIN_71cfdc3af27cb741,Known,CHIN,MG1655,3743830,3746470,3745150.0,MG1655:29,1
CHIN_cfc9f22558808905,Known,CHIN,MG1655,3766010,3768530,3767270.0,MG1655:29,1
CHIN_f860adadaee690b7,Known,CHIN,MG1655,3767450,3770090,3768770.0,MG1655:29,1
CHIN_9f11e380cfc90784,Known,CHIN,MG1655,3788920,3790480,3789700.0,MG1655:29,1
CHIN_9d23c5f02dd7374e,Known,CHIN,MG1655,3796820,3799260,3798040.0,MG1655:29,1
CHIN_98acb48ba1e7481b,Known,CHIN,MG1655,3796820,3800060,3798440.0,MG1655:29,1
CHIN_20cbe6301103e773,Known,CHIN,MG1655,3796820,3801260,3799040.0,MG1655:29,1
CHIN_4be9a90f7551ea66,Known,CHIN,MG1655,3796820,3802940,3799880.0,MG1655:29,1
CHIN_b70b5bec64024ebb,Known,CHIN,MG1655,3796820,3804000,3800410.0,MG1655:29,1
CHIN_8cf1c5b9776a09cc,Known,CHIN,MG1655,3796820,3806500,3801660.0,MG1655:29,1
CHIN_de804d8b4eb4fa33,Known,CHIN,MG1655,3796820,3807720,3802270.0,MG1655:29,1
CHIN_7480d77a14ad4716,Known,CHIN,MG1655,3796820,3808240,3802530.0,MG1655:29,1
CHIN_3ed028798e697d9f,Known,CHIN,MG1655,3798700,3807820,3803260.0,MG1655:29,1
CHIN_2162125d7d40a72a,Known,CHIN,MG1655,3803270,3807830,3805550.0,MG1655:29,1
CHIN_4290884d21f50f71,Known,CHIN,MG1655,3803910,3808030,3805970.0,MG1655:29,1
CHIN_b60bcb6a563a796c,Known,CHIN,MG1655,3836700,3838100,3837400.0,MG1655:29,1
CHIN_4c746ab4abe6056d,Known,CHIN,MG1655,3842940,3844140,3843540.0,MG1655:30,1
CHIN_12faf31bfcc0dac1,Known,CHIN,MG1655,3874630,3876290,3875460.0,MG1655:30,1
CHIN_ffb342e7762c971b,Known,CHIN,MG1655,3900640,3902720,3901680.0,MG1655:30,1
CHIN_1eda231c69a32156,Known,CHIN,MG1655,3905540,3906960,3906250.0,MG1655:30,1
CHIN_7993abe94866773d,Known,CHIN,MG1655,4061600,4065400,4063500.0,MG1655:31,1
CHIN_74d847ba17a94412,Known,CHIN,MG1655,4063250,4065170,4064210.0,MG1655:31,1
CHIN_a93b99b46d39efb8,Known,CHIN,MG1655,4063900,4065500,4064700.0,MG1655:31,1
CHIN_e5de6e56d385e2ef,Known,CHIN,MG1655,4214840,4216080,4215460.0,MG1655:32,1
CHIN_7be712b5421ea380,Known,CHIN,MG1655,4220330,4222730,4221530.0,MG1655:32,1
CHIN_992805e6506de16e,Known,CHIN,MG1655,4250240,4252640,4251440.0,MG1655:33,1
CHIN_c1610920a984ce60,Known,CHIN,MG1655,4259950,4261730,4260840.0,MG1655:33,1
CHIN_40431770bb3161b3,Known,CHIN,MG1655,4268140,4269400,4268770.0,MG1655:33,1
CHIN_155c0872526c85bb,Known,CHIN,MG1655,4281710,4283310,4282510.0,MG1655:33,1
CHIN_08c97d9eff842e36,Known,CHIN,MG1655,4310500,4312380,4311440.0,MG1655:33,1
CHIN_d2f86a32da053e28,Known,CHIN,MG1655,4336710,4338650,4337680.0,MG1655:33,1
CHIN_016dd7404328fa8e,Known,CHIN,MG1655,4359540,4361040,4360290.0,MG1655:34,1
CHIN_278875092b882687,Known,CHIN,MG1655,4383690,4384710,4384200.0,MG1655:34,1
CHIN_e1d457f01594d475,Known,CHIN,MG1655,4409780,4412680,4411230.0,MG1655:34,1
CHIN_05391e6f08c9897f,Known,CHIN,MG1655,4426690,4427830,4427260.0,MG1655:34,1
CHIN_c36249e67a41eb04,Known,CHIN,MG1655,4475240,4477300,4476270.0,MG1655:34,1
CHIN_58e00648c4307690,Known,CHIN,MG1655,4479470,4480810,4480140.0,MG1655:35,1
CHIN_42b69aefb1e2f90e,Known,CHIN,MG1655,4495410,4497470,4496440.0,MG1655:35,1
CHIN_2cf23c80facc9bd4,Known,CHIN,MG1655,4503670,4504910,4504290.0,MG1655:35,1
CHIN_e2127c2e68c0c686,Known,CHIN,MG1655,4503670,4505470,4504570.0,MG1655:35,1
CHIN_2f0656ffb562f4fc,Known,CHIN,MG1655,4524820,4526100,4525460.0,MG1655:35,1
CHIN_4b3800cf2fefec7c,Known,CHIN,MG1655,4537470,4539730,4538600.0,MG1655:35,1
CHIN_487a371c98e2d168,Known,CHIN,MG1655,4537470,4542770,4540120.0,MG1655:35,1
CHIN_4cef58bf54385ad0,Known,CHIN,MG1655,4540460,4542540,4541500.0,MG1655:35,1
CHIN_4512d3902e0a850f,Known,CHIN,MG1655,4544360,4546580,4545470.0,MG1655:35,1
CHIN_34efc001937deb79,Known,CHIN,MG1655,4555270,4556750,4556010.0,MG1655:35,1
CHIN_aa90853f07faf5ba,Known,CHIN,MG1655,4576950,4579290,4578120.0,MG1655:35,1
CHIN_6230ca4ce9b8e644,Known,CHIN,MG1655,4594330,4596410,4595370.0,MG1655:35,1
CHIN_67d1ad42ef37c115,Known,CHIN,MG1655,4602820,4604820,4603820.0,MG1655:35,1
CHIN_623e8fe7b2afd1a8,Known,CHIN,MG1655,4616400,4617480,4616940.0,MG1655:36,1
OPCID_a48ec8c6b5e6e38b,Known,OPCID,MG1655,49660,59940,54800.0,MG1655:0,1
OPCID_eaf35ae5cddf4c0d,Known,OPCID,MG1655,87820,93270,90545.0,MG1655:0,1
OPCID_a3c7ad9c66cf12f1,Known,OPCID,MG1655,106140,108980,107560.0,MG1655:0,1
OPCID_07d051796dc7059b,Known,OPCID,MG1655,121910,129450,125680.0,MG1655:0,1
OPCID_ef9d936de4b62940,Known,OPCID,MG1655,182460,184370,183415.0,MG1655:1,1
OPCID_1612f8f2ea7e9f06,Known,OPCID,MG1655,192730,193950,193340.0,MG1655:1,1
OPCID_4c1cd6d81f6b0f95,Known,OPCID,MG1655,194470,198740,196605.0,MG1655:1,1
OPCID_d003e176e8d23c63,Known,OPCID,MG1655,199310,201910,200610.0,MG1655:1,1
OPCID_36e0565260f2141f,Known,OPCID,MG1655,243140,249010,246075.0,MG1655:1,1
OPCID_392028707b8a2532,Known,OPCID,MG1655,321350,325140,323245.0,MG1655:2,1
OPCID_4421803242064dec,Known,OPCID,MG1655,426840,441690,434265.0,MG1655:3,1
OPCID_10f9269e6bda4947,Known,OPCID,MG1655,629820,632900,631360.0,MG1655:4,1
OPCID_9dc38e719d08f155,Known,OPCID,MG1655,699160,708860,704010.0,MG1655:5,1
OPCID_69a72fb00fdc2938,Known,OPCID,MG1655,762610,765260,763935.0,MG1655:5,1
OPCID_17d26e5c8bdd11fa,Known,OPCID,MG1655,771270,774550,772910.0,MG1655:6,1
OPCID_b1757a56703936d1,Known,OPCID,MG1655,932320,940780,936550.0,MG1655:7,1
OPCID_a6f2fecc54bc432d,Known,OPCID,MG1655,950090,955440,952765.0,MG1655:7,1
OPCID_9ac65fd4bf038173,Known,OPCID,MG1655,961460,964210,962835.0,MG1655:7,1
OPCID_430b7c0bb5fc530a,Known,OPCID,MG1655,1140560,1145010,1142785.0,MG1655:8,1
OPCID_0f71385a399dc767,Known,OPCID,MG1655,1186860,1190410,1188635.0,MG1655:9,1
OPCID_304b6ccbb191eb65,Known,OPCID,MG1655,1224080,1226150,1225115.0,MG1655:9,1
OPCID_7a866c11603150e7,Known,OPCID,MG1655,1247430,1251440,1249435.0,MG1655:9,1
OPCID_3045d21bebe98beb,Known,OPCID,MG1655,1295210,1310880,1303045.0,MG1655:10,1
OPCID_414cf80847bd9929,Known,OPCID,MG1655,1337800,1341950,1339875.0,MG1655:10,1
OPCID_129f719ef537ae3f,Known,OPCID,MG1655,1350060,1357740,1353900.0,MG1655:10,1
OPCID_fa9e2c77b6424ea9,Known,OPCID,MG1655,1666390,1668580,1667485.0,MG1655:13,1
OPCID_1734fe040179910f,Known,OPCID,MG1655,1695830,1705800,1700815.0,MG1655:13,1
OPCID_029d6f79d3b495d7,Known,OPCID,MG1655,1732990,1737920,1735455.0,MG1655:13,1
OPCID_33579465745b0522,Known,OPCID,MG1655,1741110,1747490,1744300.0,MG1655:13,1
OPCID_ae970230ebbec9d2,Known,OPCID,MG1655,1798820,1802930,1800875.0,MG1655:14,1
OPCID_9d9e69ad0ce51f11,Known,OPCID,MG1655,2139120,2147740,2143430.0,MG1655:16,1
OPCID_8d5d9994a513fc11,Known,OPCID,MG1655,2211940,2215000,2213470.0,MG1655:17,1
OPCID_c4aea9eca44028ce,Known,OPCID,MG1655,2259040,2263960,2261500.0,MG1655:17,1
OPCID_3a4aa0d0d21262a8,Known,OPCID,MG1655,2389410,2393000,2391205.0,MG1655:18,1
OPCID_33b4f3a14ebbc59e,Known,OPCID,MG1655,2393000,2397570,2395285.0,MG1655:18,1
OPCID_6abc058ae2242c3c,Known,OPCID,MG1655,2440390,2441890,2441140.0,MG1655:19,1
OPCID_c0709bc7c08ec44f,Known,OPCID,MG1655,2529590,2532260,2530925.0,MG1655:19,1
OPCID_c8522caa8fd83322,Known,OPCID,MG1655,2532990,2536410,2534700.0,MG1655:19,1
OPCID_630c92ecf870fece,Known,OPCID,MG1655,2543000,2544750,2543875.0,MG1655:19,1
OPCID_adee45e8dfb40894,Known,OPCID,MG1655,2563220,2565610,2564415.0,MG1655:20,1
OPCID_079060fd1545272e,Known,OPCID,MG1655,2637380,2643140,2640260.0,MG1655:20,1
OPCID_3808275a8edee593,Known,OPCID,MG1655,2647290,2653520,2650405.0,MG1655:20,1
OPCID_e946d7d808213e3f,Known,OPCID,MG1655,2661520,2663750,2662635.0,MG1655:20,1
OPCID_ee3461cf21068a4c,Known,OPCID,MG1655,2683840,2691680,2687760.0,MG1655:20,1
OPCID_210f8ff672fa4c9a,Known,OPCID,MG1655,2708310,2710490,2709400.0,MG1655:21,1
OPCID_e04790b97d37c16e,Known,OPCID,MG1655,2866350,2870610,2868480.0,MG1655:22,1
OPCID_149d0308ae463e46,Known,OPCID,MG1655,2917350,2922640,2919995.0,MG1655:22,1
OPCID_8429a777f942f05d,Known,OPCID,MG1655,2939250,2942980,2941115.0,MG1655:22,1
OPCID_bb60f5d218faa929,Known,OPCID,MG1655,2964460,2969080,2966770.0,MG1655:23,1
OPCID_dee7d45a8897305b,Known,OPCID,MG1655,3012260,3016260,3014260.0,MG1655:23,1
OPCID_ad7cb00f8c882c61,Known,OPCID,MG1655,3040170,3043170,3041670.0,MG1655:23,1
OPCID_b7f0a78b5bc75834,Known,OPCID,MG1655,3046160,3051090,3048625.0,MG1655:23,1
OPCID_725a69a69963ad59,Known,OPCID,MG1655,3269380,3278780,3274080.0,MG1655:25,1
OPCID_3b8eefccce2e36fc,Known,OPCID,MG1655,3375910,3384990,3380450.0,MG1655:26,1
OPCID_5c038f6d802a0373,Known,OPCID,MG1655,3439610,3448700,3444155.0,MG1655:26,1
OPCID_3ca243441c0a5a91,Known,OPCID,MG1655,3547440,3552940,3550190.0,MG1655:27,1
OPCID_6e5625e30f0c3e40,Known,OPCID,MG1655,3552940,3556260,3554600.0,MG1655:27,1
OPCID_f124da0b3913d5c3,Known,OPCID,MG1655,3638960,3642850,3640905.0,MG1655:28,1
OPCID_a2fcb5ddde5dbcf6,Known,OPCID,MG1655,3735170,3740140,3737655.0,MG1655:29,1
OPCID_7a387ab67a4e089c,Known,OPCID,MG1655,3864340,3869140,3866740.0,MG1655:30,1
OPCID_22365f72e65106b5,Known,OPCID,MG1655,3911270,3927110,3919190.0,MG1655:30,1
OPCID_092946eccc52a81c,Known,OPCID,MG1655,3986190,4002850,3994520.0,MG1655:31,1
OPCID_f235f321095064d1,Known,OPCID,MG1655,4015990,4027660,4021825.0,MG1655:31,1
OPCID_52757c7e517094bd,Known,OPCID,MG1655,4115250,4120550,4117900.0,MG1655:32,1
OPCID_4a51b9db831f2860,Known,OPCID,MG1655,4252060,4260210,4256135.0,MG1655:33,1
OPCID_b9f55508e75e487b,Known,OPCID,MG1655,4276470,4282120,4279295.0,MG1655:33,1
OPCID_1d111d2805e7745b,Known,OPCID,MG1655,4480430,4488410,4484420.0,MG1655:35,1
OPCID_54d272e23bb92a3b,Known,OPCID,MG1655,4583060,4587140,4585100.0,MG1655:35,1
CHID_10c0edbfd02353c9,Known,CHID,MG1655,149900,157060,153480.0,MG1655:1,1
CHID_d5d6186c6918f2bb,Known,CHID,MG1655,310750,320090,315420.0,MG1655:2,1
CHID_21f48d066f082128,Known,CHID,MG1655,558100,572380,565240.0,MG1655:4,1
CHID_85b41ba2b9c36824,Known,CHID,MG1655,574340,585760,580050.0,MG1655:4,1
CHID_c16193a866007239,Known,CHID,MG1655,872940,876560,874750.0,MG1655:6,1
CHID_ddb48e888603fa31,Known,CHID,MG1655,1085960,1104240,1095100.0,MG1655:8,1
CHID_9ee02f36e2c46f9c,Known,CHID,MG1655,1207850,1221040,1214445.0,MG1655:9,1
CHID_98a77fbf535246a2,Known,CHID,MG1655,1543310,1546830,1545070.0,MG1655:12,1
CHID_5977802645c5a666,Known,CHID,MG1655,1586640,1590260,1588450.0,MG1655:12,1
CHID_2ca33fd28f8ff17d,Known,CHID,MG1655,1770410,1779620,1775015.0,MG1655:13,1
CHID_e99742d9fb1834b2,Known,CHID,MG1655,2101300,2110960,2106130.0,MG1655:16,1
CHID_3dbc3a51ad1f4a2e,Known,CHID,MG1655,2187180,2192430,2189805.0,MG1655:17,1
CHID_22cd1a298e3f8de6,Known,CHID,MG1655,2382590,2389020,2385805.0,MG1655:18,1
CHID_a3539b4c5da95bec,Known,CHID,MG1655,2480590,2492350,2486470.0,MG1655:19,1
CHID_242423613227795b,Known,CHID,MG1655,2757490,2761220,2759355.0,MG1655:21,1
CHID_bb5176753cf7c269,Known,CHID,MG1655,2780610,2788810,2784710.0,MG1655:21,1
CHID_f834d1ac36e1b8fa,Known,CHID,MG1655,2986150,2998700,2992425.0,MG1655:23,1
CHID_0fd794b4635bec68,Known,CHID,MG1655,3183500,3193050,3188275.0,MG1655:24,1
CHID_73f567423cf41748,Known,CHID,MG1655,3631260,3635950,3633605.0,MG1655:28,1
CHID_f06b787cca3dcb95,Known,CHID,MG1655,3650910,3658770,3654840.0,MG1655:28,1
CHID_829be93d3f3a9719,Known,CHID,MG1655,3765970,3769680,3767825.0,MG1655:29,1
CHID_2dad41c5a944685a,Known,CHID,MG1655,3797060,3808210,3802635.0,MG1655:29,1
CHID_719d61be1e7fecf1,Known,CHID,MG1655,4061010,4065490,4063250.0,MG1655:31,1
CHID_0def30026dacfa28,Known,CHID,MG1655,4503590,4507480,4505535.0,MG1655:35,1
CHID_52339c707e099308,Known,CHID,MG1655,4533730,4546660,4540195.0,MG1655:35,1
CHID_299eef69ee510b9f,Known,CHID,MG1655,4576950,4581280,4579115.0,MG1655:35,1
BG_0001,Background,Background,MG1655,0,12800,6400.0,MG1655:0,0
BG_0002,Background,Background,MG1655,4800,17600,11200.0,MG1655:0,0
BG_0003,Background,Background,MG1655,9600,22400,16000.0,MG1655:0,0
BG_0004,Background,Background,MG1655,14400,27200,20800.0,MG1655:0,0
BG_0005,Background,Background,MG1655,19200,32000,25600.0,MG1655:0,0
BG_0006,Background,Background,MG1655,24000,36800,30400.0,MG1655:0,0
BG_0007,Background,Background,MG1655,28800,41600,35200.0,MG1655:0,0
BG_0008,Background,Background,MG1655,33600,46400,40000.0,MG1655:0,0
BG_0009,Background,Background,MG1655,60800,73600,67200.0,MG1655:0,0
BG_0010,Background,Background,MG1655,65600,78400,72000.0,MG1655:0,0
BG_0011,Background,Background,MG1655,70400,83200,76800.0,MG1655:0,0
BG_0012,Background,Background,MG1655,129600,142400,136000.0,MG1655:1,0
BG_0013,Background,Background,MG1655,134400,147200,140800.0,MG1655:1,0
BG_0014,Background,Background,MG1655,158400,171200,164800.0,MG1655:1,0
BG_0015,Background,Background,MG1655,163200,176000,169600.0,MG1655:1,0
BG_0016,Background,Background,MG1655,203200,216000,209600.0,MG1655:1,0
BG_0017,Background,Background,MG1655,208000,220800,214400.0,MG1655:1,0
BG_0018,Background,Background,MG1655,212800,225600,219200.0,MG1655:1,0
BG_0019,Background,Background,MG1655,217600,230400,224000.0,MG1655:1,0
BG_0020,Background,Background,MG1655,222400,235200,228800.0,MG1655:1,0
BG_0021,Background,Background,MG1655,264000,276800,270400.0,MG1655:2,0
BG_0022,Background,Background,MG1655,268800,281600,275200.0,MG1655:2,0
BG_0023,Background,Background,MG1655,273600,286400,280000.0,MG1655:2,0
BG_0024,Background,Background,MG1655,278400,291200,284800.0,MG1655:2,0
BG_0025,Background,Background,MG1655,345600,358400,352000.0,MG1655:2,0
BG_0026,Background,Background,MG1655,360000,372800,366400.0,MG1655:2,0
BG_0027,Background,Background,MG1655,369600,382400,376000.0,MG1655:2,0
BG_0028,Background,Background,MG1655,384000,396800,390400.0,MG1655:3,0
BG_0029,Background,Background,MG1655,388800,401600,395200.0,MG1655:3,0
BG_0030,Background,Background,MG1655,393600,406400,400000.0,MG1655:3,0
BG_0031,Background,Background,MG1655,398400,411200,404800.0,MG1655:3,0
BG_0032,Background,Background,MG1655,403200,416000,409600.0,MG1655:3,0
BG_0033,Background,Background,MG1655,408000,420800,414400.0,MG1655:3,0
BG_0034,Background,Background,MG1655,412800,425600,419200.0,MG1655:3,0
BG_0035,Background,Background,MG1655,443200,456000,449600.0,MG1655:3,0
BG_0036,Background,Background,MG1655,448000,460800,454400.0,MG1655:3,0
BG_0037,Background,Background,MG1655,452800,465600,459200.0,MG1655:3,0
BG_0038,Background,Background,MG1655,457600,470400,464000.0,MG1655:3,0
BG_0039,Background,Background,MG1655,462400,475200,468800.0,MG1655:3,0
BG_0040,Background,Background,MG1655,481600,494400,488000.0,MG1655:3,0
BG_0041,Background,Background,MG1655,486400,499200,492800.0,MG1655:3,0
BG_0042,Background,Background,MG1655,491200,504000,497600.0,MG1655:3,0
BG_0043,Background,Background,MG1655,496000,508800,502400.0,MG1655:3,0
BG_0044,Background,Background,MG1655,587200,600000,593600.0,MG1655:4,0
BG_0045,Background,Background,MG1655,592000,604800,598400.0,MG1655:4,0
BG_0046,Background,Background,MG1655,596800,609600,603200.0,MG1655:4,0
BG_0047,Background,Background,MG1655,601600,614400,608000.0,MG1655:4,0
BG_0048,Background,Background,MG1655,640000,652800,646400.0,MG1655:5,0
BG_0049,Background,Background,MG1655,681600,694400,688000.0,MG1655:5,0
BG_0050,Background,Background,MG1655,776000,788800,782400.0,MG1655:6,0
BG_0051,Background,Background,MG1655,780800,793600,787200.0,MG1655:6,0
BG_0052,Background,Background,MG1655,785600,798400,792000.0,MG1655:6,0
BG_0053,Background,Background,MG1655,803200,816000,809600.0,MG1655:6,0
BG_0054,Background,Background,MG1655,822400,835200,828800.0,MG1655:6,0
BG_0055,Background,Background,MG1655,836800,849600,843200.0,MG1655:6,0
BG_0056,Background,Background,MG1655,841600,854400,848000.0,MG1655:6,0
BG_0057,Background,Background,MG1655,846400,859200,852800.0,MG1655:6,0
BG_0058,Background,Background,MG1655,851200,864000,857600.0,MG1655:6,0
BG_0059,Background,Background,MG1655,856000,868800,862400.0,MG1655:6,0
BG_0060,Background,Background,MG1655,878400,891200,884800.0,MG1655:6,0
BG_0061,Background,Background,MG1655,883200,896000,889600.0,MG1655:6,0
BG_0062,Background,Background,MG1655,896000,908800,902400.0,MG1655:7,0
BG_0063,Background,Background,MG1655,900800,913600,907200.0,MG1655:7,0
BG_0064,Background,Background,MG1655,905600,918400,912000.0,MG1655:7,0
BG_0065,Background,Background,MG1655,910400,923200,916800.0,MG1655:7,0
BG_0066,Background,Background,MG1655,915200,928000,921600.0,MG1655:7,0
BG_0067,Background,Background,MG1655,964800,977600,971200.0,MG1655:7,0
BG_0068,Background,Background,MG1655,969600,982400,976000.0,MG1655:7,0
BG_0069,Background,Background,MG1655,974400,987200,980800.0,MG1655:7,0
BG_0070,Background,Background,MG1655,979200,992000,985600.0,MG1655:7,0
BG_0071,Background,Background,MG1655,984000,996800,990400.0,MG1655:7,0
BG_0072,Background,Background,MG1655,1000000,1012800,1006400.0,MG1655:7,0
BG_0073,Background,Background,MG1655,1004800,1017600,1011200.0,MG1655:7,0
BG_0074,Background,Background,MG1655,1009600,1022400,1016000.0,MG1655:7,0
BG_0075,Background,Background,MG1655,1024000,1036800,1030400.0,MG1655:8,0
BG_0076,Background,Background,MG1655,1028800,1041600,1035200.0,MG1655:8,0
BG_0077,Background,Background,MG1655,1033600,1046400,1040000.0,MG1655:8,0
BG_0078,Background,Background,MG1655,1067200,1080000,1073600.0,MG1655:8,0
BG_0079,Background,Background,MG1655,1072000,1084800,1078400.0,MG1655:8,0
BG_0080,Background,Background,MG1655,1121600,1134400,1128000.0,MG1655:8,0
BG_0081,Background,Background,MG1655,1126400,1139200,1132800.0,MG1655:8,0
BG_0082,Background,Background,MG1655,1152000,1164800,1158400.0,MG1655:9,0
BG_0083,Background,Background,MG1655,1156800,1169600,1163200.0,MG1655:9,0
BG_0084,Background,Background,MG1655,1161600,1174400,1168000.0,MG1655:9,0
BG_0085,Background,Background,MG1655,1166400,1179200,1172800.0,MG1655:9,0
BG_0086,Background,Background,MG1655,1232000,1244800,1238400.0,MG1655:9,0
BG_0087,Background,Background,MG1655,1252800,1265600,1259200.0,MG1655:9,0
BG_0088,Background,Background,MG1655,1267200,1280000,1273600.0,MG1655:9,0
BG_0089,Background,Background,MG1655,1280000,1292800,1286400.0,MG1655:10,0
BG_0090,Background,Background,MG1655,1316800,1329600,1323200.0,MG1655:10,0
BG_0091,Background,Background,MG1655,1321600,1334400,1328000.0,MG1655:10,0
BG_0092,Background,Background,MG1655,1420800,1433600,1427200.0,MG1655:11,0
BG_0093,Background,Background,MG1655,1425600,1438400,1432000.0,MG1655:11,0
BG_0094,Background,Background,MG1655,1430400,1443200,1436800.0,MG1655:11,0
BG_0095,Background,Background,MG1655,1435200,1448000,1441600.0,MG1655:11,0
BG_0096,Background,Background,MG1655,1440000,1452800,1446400.0,MG1655:11,0
BG_0097,Background,Background,MG1655,1444800,1457600,1451200.0,MG1655:11,0
BG_0098,Background,Background,MG1655,1449600,1462400,1456000.0,MG1655:11,0
BG_0099,Background,Background,MG1655,1454400,1467200,1460800.0,MG1655:11,0
BG_0100,Background,Background,MG1655,1459200,1472000,1465600.0,MG1655:11,0
BG_0101,Background,Background,MG1655,1480000,1492800,1486400.0,MG1655:11,0
BG_0102,Background,Background,MG1655,1484800,1497600,1491200.0,MG1655:11,0
BG_0103,Background,Background,MG1655,1489600,1502400,1496000.0,MG1655:11,0
BG_0104,Background,Background,MG1655,1494400,1507200,1500800.0,MG1655:11,0
BG_0105,Background,Background,MG1655,1499200,1512000,1505600.0,MG1655:11,0
BG_0106,Background,Background,MG1655,1504000,1516800,1510400.0,MG1655:11,0
BG_0107,Background,Background,MG1655,1547200,1560000,1553600.0,MG1655:12,0
BG_0108,Background,Background,MG1655,1552000,1564800,1558400.0,MG1655:12,0
BG_0109,Background,Background,MG1655,1600000,1612800,1606400.0,MG1655:12,0
BG_0110,Background,Background,MG1655,1617600,1630400,1624000.0,MG1655:12,0
BG_0111,Background,Background,MG1655,1651200,1664000,1657600.0,MG1655:12,0
BG_0112,Background,Background,MG1655,1668800,1681600,1675200.0,MG1655:13,0
BG_0113,Background,Background,MG1655,1673600,1686400,1680000.0,MG1655:13,0
BG_0114,Background,Background,MG1655,1678400,1691200,1684800.0,MG1655:13,0
BG_0115,Background,Background,MG1655,1707200,1720000,1713600.0,MG1655:13,0
BG_0116,Background,Background,MG1655,1712000,1724800,1718400.0,MG1655:13,0
BG_0117,Background,Background,MG1655,1716800,1729600,1723200.0,MG1655:13,0
BG_0118,Background,Background,MG1655,1756800,1769600,1763200.0,MG1655:13,0
BG_0119,Background,Background,MG1655,1806400,1819200,1812800.0,MG1655:14,0
BG_0120,Background,Background,MG1655,1811200,1824000,1817600.0,MG1655:14,0
BG_0121,Background,Background,MG1655,1816000,1828800,1822400.0,MG1655:14,0
BG_0122,Background,Background,MG1655,1820800,1833600,1827200.0,MG1655:14,0
BG_0123,Background,Background,MG1655,1825600,1838400,1832000.0,MG1655:14,0
BG_0124,Background,Background,MG1655,1830400,1843200,1836800.0,MG1655:14,0
BG_0125,Background,Background,MG1655,1875200,1888000,1881600.0,MG1655:14,0
BG_0126,Background,Background,MG1655,1880000,1892800,1886400.0,MG1655:14,0
BG_0127,Background,Background,MG1655,1884800,1897600,1891200.0,MG1655:14,0
BG_0128,Background,Background,MG1655,1889600,1902400,1896000.0,MG1655:14,0
BG_0129,Background,Background,MG1655,1894400,1907200,1900800.0,MG1655:14,0
BG_0130,Background,Background,MG1655,1899200,1912000,1905600.0,MG1655:14,0
BG_0131,Background,Background,MG1655,1904000,1916800,1910400.0,MG1655:14,0
BG_0132,Background,Background,MG1655,1920000,1932800,1926400.0,MG1655:15,0
BG_0133,Background,Background,MG1655,1924800,1937600,1931200.0,MG1655:15,0
BG_0134,Background,Background,MG1655,1929600,1942400,1936000.0,MG1655:15,0
BG_0135,Background,Background,MG1655,1934400,1947200,1940800.0,MG1655:15,0
BG_0136,Background,Background,MG1655,1939200,1952000,1945600.0,MG1655:15,0
BG_0137,Background,Background,MG1655,1944000,1956800,1950400.0,MG1655:15,0
BG_0138,Background,Background,MG1655,1948800,1961600,1955200.0,MG1655:15,0
BG_0139,Background,Background,MG1655,1953600,1966400,1960000.0,MG1655:15,0
BG_0140,Background,Background,MG1655,1958400,1971200,1964800.0,MG1655:15,0
BG_0141,Background,Background,MG1655,1963200,1976000,1969600.0,MG1655:15,0
BG_0142,Background,Background,MG1655,1968000,1980800,1974400.0,MG1655:15,0
BG_0143,Background,Background,MG1655,1972800,1985600,1979200.0,MG1655:15,0
BG_0144,Background,Background,MG1655,1977600,1990400,1984000.0,MG1655:15,0
BG_0145,Background,Background,MG1655,1982400,1995200,1988800.0,MG1655:15,0
BG_0146,Background,Background,MG1655,1987200,2000000,1993600.0,MG1655:15,0
BG_0147,Background,Background,MG1655,1992000,2004800,1998400.0,MG1655:15,0
BG_0148,Background,Background,MG1655,1996800,2009600,2003200.0,MG1655:15,0
BG_0149,Background,Background,MG1655,2059200,2072000,2065600.0,MG1655:16,0
BG_0150,Background,Background,MG1655,2064000,2076800,2070400.0,MG1655:16,0
BG_0151,Background,Background,MG1655,2068800,2081600,2075200.0,MG1655:16,0
BG_0152,Background,Background,MG1655,2083200,2096000,2089600.0,MG1655:16,0
BG_0153,Background,Background,MG1655,2088000,2100800,2094400.0,MG1655:16,0
BG_0154,Background,Background,MG1655,2148800,2161600,2155200.0,MG1655:16,0
BG_0155,Background,Background,MG1655,2153600,2166400,2160000.0,MG1655:16,0
BG_0156,Background,Background,MG1655,2193600,2206400,2200000.0,MG1655:17,0
BG_0157,Background,Background,MG1655,2198400,2211200,2204800.0,MG1655:17,0
BG_0158,Background,Background,MG1655,2216000,2228800,2222400.0,MG1655:17,0
BG_0159,Background,Background,MG1655,2240000,2252800,2246400.0,MG1655:17,0
BG_0160,Background,Background,MG1655,2264000,2276800,2270400.0,MG1655:17,0
BG_0161,Background,Background,MG1655,2268800,2281600,2275200.0,MG1655:17,0
BG_0162,Background,Background,MG1655,2273600,2286400,2280000.0,MG1655:17,0
BG_0163,Background,Background,MG1655,2288000,2300800,2294400.0,MG1655:17,0
BG_0164,Background,Background,MG1655,2304000,2316800,2310400.0,MG1655:18,0
BG_0165,Background,Background,MG1655,2308800,2321600,2315200.0,MG1655:18,0
BG_0166,Background,Background,MG1655,2313600,2326400,2320000.0,MG1655:18,0
BG_0167,Background,Background,MG1655,2318400,2331200,2324800.0,MG1655:18,0
BG_0168,Background,Background,MG1655,2323200,2336000,2329600.0,MG1655:18,0
BG_0169,Background,Background,MG1655,2328000,2340800,2334400.0,MG1655:18,0
BG_0170,Background,Background,MG1655,2345600,2358400,2352000.0,MG1655:18,0
BG_0171,Background,Background,MG1655,2350400,2363200,2356800.0,MG1655:18,0
BG_0172,Background,Background,MG1655,2364800,2377600,2371200.0,MG1655:18,0
BG_0173,Background,Background,MG1655,2369600,2382400,2376000.0,MG1655:18,0
BG_0174,Background,Background,MG1655,2398400,2411200,2404800.0,MG1655:18,0
BG_0175,Background,Background,MG1655,2403200,2416000,2409600.0,MG1655:18,0
BG_0176,Background,Background,MG1655,2408000,2420800,2414400.0,MG1655:18,0
BG_0177,Background,Background,MG1655,2412800,2425600,2419200.0,MG1655:18,0
BG_0178,Background,Background,MG1655,2417600,2430400,2424000.0,MG1655:18,0
BG_0179,Background,Background,MG1655,2465600,2478400,2472000.0,MG1655:19,0
BG_0180,Background,Background,MG1655,2494400,2507200,2500800.0,MG1655:19,0
BG_0181,Background,Background,MG1655,2508800,2521600,2515200.0,MG1655:19,0
BG_0182,Background,Background,MG1655,2513600,2526400,2520000.0,MG1655:19,0
BG_0183,Background,Background,MG1655,2545600,2558400,2552000.0,MG1655:19,0
BG_0184,Background,Background,MG1655,2566400,2579200,2572800.0,MG1655:20,0
BG_0185,Background,Background,MG1655,2571200,2584000,2577600.0,MG1655:20,0
BG_0186,Background,Background,MG1655,2576000,2588800,2582400.0,MG1655:20,0
BG_0187,Background,Background,MG1655,2580800,2593600,2587200.0,MG1655:20,0
BG_0188,Background,Background,MG1655,2585600,2598400,2592000.0,MG1655:20,0
BG_0189,Background,Background,MG1655,2590400,2603200,2596800.0,MG1655:20,0
BG_0190,Background,Background,MG1655,2595200,2608000,2601600.0,MG1655:20,0
BG_0191,Background,Background,MG1655,2600000,2612800,2606400.0,MG1655:20,0
BG_0192,Background,Background,MG1655,2604800,2617600,2611200.0,MG1655:20,0
BG_0193,Background,Background,MG1655,2609600,2622400,2616000.0,MG1655:20,0
BG_0194,Background,Background,MG1655,2614400,2627200,2620800.0,MG1655:20,0
BG_0195,Background,Background,MG1655,2664000,2676800,2670400.0,MG1655:20,0
BG_0196,Background,Background,MG1655,2668800,2681600,2675200.0,MG1655:20,0
BG_0197,Background,Background,MG1655,2712000,2724800,2718400.0,MG1655:21,0
BG_0198,Background,Background,MG1655,2716800,2729600,2723200.0,MG1655:21,0
BG_0199,Background,Background,MG1655,2721600,2734400,2728000.0,MG1655:21,0
BG_0200,Background,Background,MG1655,2726400,2739200,2732800.0,MG1655:21,0
BG_0201,Background,Background,MG1655,2731200,2744000,2737600.0,MG1655:21,0
BG_0202,Background,Background,MG1655,2736000,2748800,2742400.0,MG1655:21,0
BG_0203,Background,Background,MG1655,2740800,2753600,2747200.0,MG1655:21,0
BG_0204,Background,Background,MG1655,2816000,2828800,2822400.0,MG1655:22,0
BG_0205,Background,Background,MG1655,2820800,2833600,2827200.0,MG1655:22,0
BG_0206,Background,Background,MG1655,2825600,2838400,2832000.0,MG1655:22,0
BG_0207,Background,Background,MG1655,2840000,2852800,2846400.0,MG1655:22,0
BG_0208,Background,Background,MG1655,2844800,2857600,2851200.0,MG1655:22,0
BG_0209,Background,Background,MG1655,2849600,2862400,2856000.0,MG1655:22,0
BG_0210,Background,Background,MG1655,2884800,2897600,2891200.0,MG1655:22,0
BG_0211,Background,Background,MG1655,2944000,2956800,2950400.0,MG1655:23,0
BG_0212,Background,Background,MG1655,2948800,2961600,2955200.0,MG1655:23,0
BG_0213,Background,Background,MG1655,2969600,2982400,2976000.0,MG1655:23,0
BG_0214,Background,Background,MG1655,3017600,3030400,3024000.0,MG1655:23,0
BG_0215,Background,Background,MG1655,3027200,3040000,3033600.0,MG1655:23,0
BG_0216,Background,Background,MG1655,3056000,3068800,3062400.0,MG1655:23,0
BG_0217,Background,Background,MG1655,3080000,3092800,3086400.0,MG1655:24,0
BG_0218,Background,Background,MG1655,3084800,3097600,3091200.0,MG1655:24,0
BG_0219,Background,Background,MG1655,3089600,3102400,3096000.0,MG1655:24,0
BG_0220,Background,Background,MG1655,3094400,3107200,3100800.0,MG1655:24,0
BG_0221,Background,Background,MG1655,3108800,3121600,3115200.0,MG1655:24,0
BG_0222,Background,Background,MG1655,3123200,3136000,3129600.0,MG1655:24,0
BG_0223,Background,Background,MG1655,3128000,3140800,3134400.0,MG1655:24,0
BG_0224,Background,Background,MG1655,3132800,3145600,3139200.0,MG1655:24,0
BG_0225,Background,Background,MG1655,3137600,3150400,3144000.0,MG1655:24,0
BG_0226,Background,Background,MG1655,3152000,3164800,3158400.0,MG1655:24,0
BG_0227,Background,Background,MG1655,3156800,3169600,3163200.0,MG1655:24,0
BG_0228,Background,Background,MG1655,3161600,3174400,3168000.0,MG1655:24,0
BG_0229,Background,Background,MG1655,3166400,3179200,3172800.0,MG1655:24,0
BG_0230,Background,Background,MG1655,3208000,3220800,3214400.0,MG1655:25,0
BG_0231,Background,Background,MG1655,3212800,3225600,3219200.0,MG1655:25,0
BG_0232,Background,Background,MG1655,3228800,3241600,3235200.0,MG1655:25,0
BG_0233,Background,Background,MG1655,3233600,3246400,3240000.0,MG1655:25,0
BG_0234,Background,Background,MG1655,3238400,3251200,3244800.0,MG1655:25,0
BG_0235,Background,Background,MG1655,3243200,3256000,3249600.0,MG1655:25,0
BG_0236,Background,Background,MG1655,3248000,3260800,3254400.0,MG1655:25,0
BG_0237,Background,Background,MG1655,3289600,3302400,3296000.0,MG1655:25,0
BG_0238,Background,Background,MG1655,3294400,3307200,3300800.0,MG1655:25,0
BG_0239,Background,Background,MG1655,3299200,3312000,3305600.0,MG1655:25,0
BG_0240,Background,Background,MG1655,3304000,3316800,3310400.0,MG1655:25,0
BG_0241,Background,Background,MG1655,3331200,3344000,3337600.0,MG1655:26,0
BG_0242,Background,Background,MG1655,3336000,3348800,3342400.0,MG1655:26,0
BG_0243,Background,Background,MG1655,3340800,3353600,3347200.0,MG1655:26,0
BG_0244,Background,Background,MG1655,3345600,3358400,3352000.0,MG1655:26,0
BG_0245,Background,Background,MG1655,3385600,3398400,3392000.0,MG1655:26,0
BG_0246,Background,Background,MG1655,3390400,3403200,3396800.0,MG1655:26,0
BG_0247,Background,Background,MG1655,3395200,3408000,3401600.0,MG1655:26,0
BG_0248,Background,Background,MG1655,3414400,3427200,3420800.0,MG1655:26,0
BG_0249,Background,Background,MG1655,3419200,3432000,3425600.0,MG1655:26,0
BG_0250,Background,Background,MG1655,3424000,3436800,3430400.0,MG1655:26,0
BG_0251,Background,Background,MG1655,3456000,3468800,3462400.0,MG1655:27,0
BG_0252,Background,Background,MG1655,3460800,3473600,3467200.0,MG1655:27,0
BG_0253,Background,Background,MG1655,3465600,3478400,3472000.0,MG1655:27,0
BG_0254,Background,Background,MG1655,3470400,3483200,3476800.0,MG1655:27,0
BG_0255,Background,Background,MG1655,3475200,3488000,3481600.0,MG1655:27,0
BG_0256,Background,Background,MG1655,3480000,3492800,3486400.0,MG1655:27,0
BG_0257,Background,Background,MG1655,3494400,3507200,3500800.0,MG1655:27,0
BG_0258,Background,Background,MG1655,3508800,3521600,3515200.0,MG1655:27,0
BG_0259,Background,Background,MG1655,3513600,3526400,3520000.0,MG1655:27,0
BG_0260,Background,Background,MG1655,3518400,3531200,3524800.0,MG1655:27,0
BG_0261,Background,Background,MG1655,3523200,3536000,3529600.0,MG1655:27,0
BG_0262,Background,Background,MG1655,3528000,3540800,3534400.0,MG1655:27,0
BG_0263,Background,Background,MG1655,3532800,3545600,3539200.0,MG1655:27,0
BG_0264,Background,Background,MG1655,3556800,3569600,3563200.0,MG1655:27,0
BG_0265,Background,Background,MG1655,3561600,3574400,3568000.0,MG1655:27,0
BG_0266,Background,Background,MG1655,3566400,3579200,3572800.0,MG1655:27,0
BG_0267,Background,Background,MG1655,3585600,3598400,3592000.0,MG1655:28,0
BG_0268,Background,Background,MG1655,3590400,3603200,3596800.0,MG1655:28,0
BG_0269,Background,Background,MG1655,3595200,3608000,3601600.0,MG1655:28,0
BG_0270,Background,Background,MG1655,3600000,3612800,3606400.0,MG1655:28,0
BG_0271,Background,Background,MG1655,3614400,3627200,3620800.0,MG1655:28,0
BG_0272,Background,Background,MG1655,3675200,3688000,3681600.0,MG1655:28,0
BG_0273,Background,Background,MG1655,3680000,3692800,3686400.0,MG1655:28,0
BG_0274,Background,Background,MG1655,3684800,3697600,3691200.0,MG1655:28,0
BG_0275,Background,Background,MG1655,3689600,3702400,3696000.0,MG1655:28,0
BG_0276,Background,Background,MG1655,3694400,3707200,3700800.0,MG1655:28,0
BG_0277,Background,Background,MG1655,3699200,3712000,3705600.0,MG1655:28,0
BG_0278,Background,Background,MG1655,3747200,3760000,3753600.0,MG1655:29,0
BG_0279,Background,Background,MG1655,3752000,3764800,3758400.0,MG1655:29,0
BG_0280,Background,Background,MG1655,3771200,3784000,3777600.0,MG1655:29,0
BG_0281,Background,Background,MG1655,3776000,3788800,3782400.0,MG1655:29,0
BG_0282,Background,Background,MG1655,3809600,3822400,3816000.0,MG1655:29,0
BG_0283,Background,Background,MG1655,3814400,3827200,3820800.0,MG1655:29,0
BG_0284,Background,Background,MG1655,3819200,3832000,3825600.0,MG1655:29,0
BG_0285,Background,Background,MG1655,3844800,3857600,3851200.0,MG1655:30,0
BG_0286,Background,Background,MG1655,3849600,3862400,3856000.0,MG1655:30,0
BG_0287,Background,Background,MG1655,3876800,3889600,3883200.0,MG1655:30,0
BG_0288,Background,Background,MG1655,3886400,3899200,3892800.0,MG1655:30,0
BG_0289,Background,Background,MG1655,3928000,3940800,3934400.0,MG1655:30,0
BG_0290,Background,Background,MG1655,3932800,3945600,3939200.0,MG1655:30,0
BG_0291,Background,Background,MG1655,3937600,3950400,3944000.0,MG1655:30,0
BG_0292,Background,Background,MG1655,3952000,3964800,3958400.0,MG1655:30,0
BG_0293,Background,Background,MG1655,3968000,3980800,3974400.0,MG1655:31,0
BG_0294,Background,Background,MG1655,3972800,3985600,3979200.0,MG1655:31,0
BG_0295,Background,Background,MG1655,4028800,4041600,4035200.0,MG1655:31,0
BG_0296,Background,Background,MG1655,4033600,4046400,4040000.0,MG1655:31,0
BG_0297,Background,Background,MG1655,4038400,4051200,4044800.0,MG1655:31,0
BG_0298,Background,Background,MG1655,4043200,4056000,4049600.0,MG1655:31,0
BG_0299,Background,Background,MG1655,4048000,4060800,4054400.0,MG1655:31,0
BG_0300,Background,Background,MG1655,4065600,4078400,4072000.0,MG1655:31,0
BG_0301,Background,Background,MG1655,4080000,4092800,4086400.0,MG1655:31,0
BG_0302,Background,Background,MG1655,4096000,4108800,4102400.0,MG1655:32,0
BG_0303,Background,Background,MG1655,4100800,4113600,4107200.0,MG1655:32,0
BG_0304,Background,Background,MG1655,4121600,4134400,4128000.0,MG1655:32,0
BG_0305,Background,Background,MG1655,4136000,4148800,4142400.0,MG1655:32,0
BG_0306,Background,Background,MG1655,4150400,4163200,4156800.0,MG1655:32,0
BG_0307,Background,Background,MG1655,4155200,4168000,4161600.0,MG1655:32,0
BG_0308,Background,Background,MG1655,4160000,4172800,4166400.0,MG1655:32,0
BG_0309,Background,Background,MG1655,4164800,4177600,4171200.0,MG1655:32,0
BG_0310,Background,Background,MG1655,4169600,4182400,4176000.0,MG1655:32,0
BG_0311,Background,Background,MG1655,4174400,4187200,4180800.0,MG1655:32,0
BG_0312,Background,Background,MG1655,4179200,4192000,4185600.0,MG1655:32,0
BG_0313,Background,Background,MG1655,4184000,4196800,4190400.0,MG1655:32,0
BG_0314,Background,Background,MG1655,4188800,4201600,4195200.0,MG1655:32,0
BG_0315,Background,Background,MG1655,4193600,4206400,4200000.0,MG1655:32,0
BG_0316,Background,Background,MG1655,4198400,4211200,4204800.0,MG1655:32,0
BG_0317,Background,Background,MG1655,4224000,4236800,4230400.0,MG1655:33,0
BG_0318,Background,Background,MG1655,4228800,4241600,4235200.0,MG1655:33,0
BG_0319,Background,Background,MG1655,4233600,4246400,4240000.0,MG1655:33,0
BG_0320,Background,Background,MG1655,4284800,4297600,4291200.0,MG1655:33,0
BG_0321,Background,Background,MG1655,4289600,4302400,4296000.0,MG1655:33,0
BG_0322,Background,Background,MG1655,4294400,4307200,4300800.0,MG1655:33,0
BG_0323,Background,Background,MG1655,4313600,4326400,4320000.0,MG1655:33,0
BG_0324,Background,Background,MG1655,4318400,4331200,4324800.0,MG1655:33,0
BG_0325,Background,Background,MG1655,4323200,4336000,4329600.0,MG1655:33,0
BG_0326,Background,Background,MG1655,4339200,4352000,4345600.0,MG1655:33,0
BG_0327,Background,Background,MG1655,4361600,4374400,4368000.0,MG1655:34,0
BG_0328,Background,Background,MG1655,4366400,4379200,4372800.0,MG1655:34,0
BG_0329,Background,Background,MG1655,4385600,4398400,4392000.0,MG1655:34,0
BG_0330,Background,Background,MG1655,4390400,4403200,4396800.0,MG1655:34,0
BG_0331,Background,Background,MG1655,4395200,4408000,4401600.0,MG1655:34,0
BG_0332,Background,Background,MG1655,4412800,4425600,4419200.0,MG1655:34,0
BG_0333,Background,Background,MG1655,4428800,4441600,4435200.0,MG1655:34,0
BG_0334,Background,Background,MG1655,4443200,4456000,4449600.0,MG1655:34,0
BG_0335,Background,Background,MG1655,4448000,4460800,4454400.0,MG1655:34,0
BG_0336,Background,Background,MG1655,4452800,4465600,4459200.0,MG1655:34,0
BG_0337,Background,Background,MG1655,4457600,4470400,4464000.0,MG1655:34,0
BG_0338,Background,Background,MG1655,4462400,4475200,4468800.0,MG1655:34,0
BG_0339,Background,Background,MG1655,4508800,4521600,4515200.0,MG1655:35,0
BG_0340,Background,Background,MG1655,4556800,4569600,4563200.0,MG1655:35,0
BG_0341,Background,Background,MG1655,4561600,4574400,4568000.0,MG1655:35,0
BG_0342,Background,Background,MG1655,4617600,4630400,4624000.0,MG1655:36,0
BG_0343,Background,Background,MG1655,4622400,4635200,4628800.0,MG1655:36,0
BG_0344,Background,Background,MG1655,4627200,4640000,4633600.0,MG1655:36,0
