chrom,block_index,block_id,block_start,block_end,split,assignment_attempt
MG1655,0,MG1655:0,0,128000,calibration,1
MG1655,1,MG1655:1,128000,256000,train,1
MG1655,2,MG1655:2,256000,384000,train,1
MG1655,3,MG1655:3,384000,512000,validation,1
MG1655,4,MG1655:4,512000,640000,calibration,1
MG1655,5,MG1655:5,640000,768000,train,1
MG1655,6,MG1655:6,768000,896000,train,1
MG1655,7,MG1655:7,896000,1024000,train,1
MG1655,8,MG1655:8,1024000,1152000,train,1
MG1655,9,MG1655:9,1152000,1280000,train,1
MG1655,10,MG1655:10,1280000,1408000,train,1
MG1655,11,MG1655:11,1408000,1536000,train,1
MG1655,12,MG1655:12,1536000,1664000,train,1
MG1655,13,MG1655:13,1664000,1792000,train,1
MG1655,14,MG1655:14,1792000,1920000,validation,1
MG1655,15,MG1655:15,1920000,2048000,train,1
MG1655,16,MG1655:16,2048000,2176000,train,1
MG1655,17,MG1655:17,2176000,2304000,validation,1
MG1655,18,MG1655:18,2304000,2432000,train,1
MG1655,19,MG1655:19,2432000,2560000,calibration,1
MG1655,20,MG1655:20,2560000,2688000,train,1
MG1655,21,MG1655:21,2688000,2816000,train,1
MG1655,22,MG1655:22,2816000,2944000,train,1
MG1655,23,MG1655:23,2944000,3072000,train,1
MG1655,24,MG1655:24,3072000,3200000,validation,1
MG1655,25,MG1655:25,3200000,3328000,validation,1
MG1655,26,MG1655:26,3328000,3456000,calibration,1
MG1655,27,MG1655:27,3456000,3584000,calibration,1
MG1655,28,MG1655:28,3584000,3712000,train,1
MG1655,29,MG1655:29,3712000,3840000,train,1
MG1655,30,MG1655:30,3840000,3968000,train,1
MG1655,31,MG1655:31,3968000,4096000,train,1
MG1655,32,MG1655:32,4096000,4224000,train,1
MG1655,33,MG1655:33,4224000,4352000,train,1
MG1655,34,MG1655:34,4352000,4480000,train,1
MG1655,35,MG1655:35,4480000,4608000,train,1
MG1655,36,MG1655:36,4608000,4641652,validation,1
