structure_id,true_label_id,predicted_label_id,replicates_used,missing_replicate,logit_0,logit_1,logit_2
CHIN_e75b43fe8984729d,0,0,rep1;rep2,False,1.4475968,-1.6737379,0.31912556
CHIN_6f0fc226dcac97e0,0,0,rep1;rep2,False,1.4119518,-1.8804882,0.5372044
CHIN_95865e7aff35770d,0,2,rep1;rep2,False,2.462669,-8.1983795,5.0865674
CHIN_347c5b87a6218f43,0,2,rep1;rep2,False,3.1492467,-10.258598,6.278833
CHIN_5a72ba4e9470db3b,0,0,rep1;rep2,False,2.199815,-3.0994766,0.99257946
CHIN_fba1a86abad8c7a7,0,0,rep1;rep2,False,0.9679811,-1.3061079,0.38570255
CHIN_a1e86caa5ea8ad7a,0,0,rep1;rep2,False,3.0217595,-4.0671425,1.1626012
CHIN_101609e6a031b5b2,0,2,rep1;rep2,False,5.344246,-14.560278,8.202091
CHIN_31f753a6c5032426,0,2,rep1;rep2,False,3.7723005,-9.278251,4.9962893
CHIN_d09cbcfd88a8bdfb,0,0,rep1;rep2,False,2.6260533,-2.5021033,0.12054407
CHIN_d42479337ed2ab90,0,0,rep1;rep2,False,2.1280239,-2.4710734,0.47246674
CHIN_ed327955a26354f8,0,0,rep1;rep2,False,1.3236665,-2.5826979,1.2188249
CHIN_5d2c28e9756edcc4,0,0,rep1;rep2,False,1.7868198,-3.3751035,1.517473
CHIN_c7e63e408c4c9165,0,0,rep1;rep2,False,1.2757108,-1.8123487,0.5816376
CHIN_ca43f16bb916c0f9,0,2,rep1;rep2,False,0.93843186,-4.1372833,2.7785711
CHIN_b62b5345635fb8d8,0,2,rep1;rep2,False,1.1000375,-4.0508,2.6393309
CHIN_20739850c2069452,0,2,rep1;rep2,False,1.1089004,-4.3847494,2.9108922
CHIN_bc406ed7cc5a05e9,0,0,rep1;rep2,False,3.6977491,-4.869819,1.3070436
CHIN_c6c62ce7bb03095b,0,2,rep1;rep2,False,0.9007721,-2.578733,1.5336841
CHIN_4fb329424e3dad09,0,0,rep1;rep2,False,2.1094139,-3.203787,1.1273863
CHIN_1b43b15c8ca43bcc,0,0,rep1;rep2,False,0.99849707,-2.005548,0.97164637
CHIN_413c7aed4a1f2e45,0,2,rep1;rep2,False,0.805992,-1.8531232,1.007217
CHIN_170b0a1b9643a8db,0,0,rep1;rep2,False,0.28417096,0.17781585,-0.37762776
CHIN_a50686a688e4cb02,0,0,rep1;rep2,False,1.3607428,-2.704405,1.2759564
CHIN_7c7199f99f57f610,0,0,rep1;rep2,False,0.8670337,-1.6893828,0.79231846
CHIN_31f41fb4b7695a7a,0,2,rep1;rep2,False,0.81144226,-3.5623016,2.433572
CHIN_63b64d89cb555a98,0,2,rep1;rep2,False,1.0724596,-4.039687,2.653319
CHIN_78a1a7d17ac8e4e2,0,2,rep1;rep2,False,1.5466785,-5.7418957,3.691153
CHIN_776dbab456673217,0,2,rep1;rep2,False,2.6762784,-9.617419,6.02798
CHIN_fa05997ad11be666,0,2,rep1;rep2,False,2.9500725,-10.57208,6.624462
CHIN_58d99e489f853d61,0,2,rep1;rep2,False,3.3141122,-11.263762,6.938899
CHIN_faf91596d8b88128,0,1,rep1;rep2,False,-0.3416909,0.65276766,-0.33002612
CHIN_e60512525b58312d,0,0,rep1;rep2,False,2.0082605,-2.9898677,1.0223348
CHIN_5b1d05bc659d52ce,0,2,rep1;rep2,False,1.3778026,-4.8662605,3.1312354
CHIN_db88dbeee4f734c5,0,2,rep1;rep2,False,1.3181558,-4.9374123,3.2370791
CHIN_71cfdc3af27cb741,0,0,rep1;rep2,False,2.1217165,-3.0995374,1.0212646
CHIN_623e8fe7b2afd1a8,0,0,rep1;rep2,False,1.9284787,-1.7532928,0.022269763
OPCID_eaf35ae5cddf4c0d,1,1,rep1;rep2,False,-0.7728838,2.4337134,-1.5159683
OPCID_a3c7ad9c66cf12f1,1,1,rep1;rep2,False,-0.9342239,2.9556441,-1.8409864
OPCID_9dc38e719d08f155,1,1,rep1;rep2,False,-0.5535723,1.9297162,-1.2240208
OPCID_a6f2fecc54bc432d,1,1,rep1;rep2,False,-0.5020225,1.627928,-1.0973928
OPCID_9ac65fd4bf038173,1,0,rep1;rep2,False,0.54629767,0.15374589,-0.5930834
OPCID_430b7c0bb5fc530a,1,1,rep1;rep2,False,-0.91570747,2.9144397,-1.8345429
OPCID_3045d21bebe98beb,1,1,rep1;rep2,False,-0.9949617,2.7819853,-1.7649157
OPCID_079060fd1545272e,1,1,rep1;rep2,False,-0.8459396,2.8122096,-1.7655133
OPCID_3808275a8edee593,1,1,rep1;rep2,False,-0.031138897,0.63269126,-0.53391117
OPCID_b7f0a78b5bc75834,1,1,rep1;rep2,False,-1.0404683,3.1743875,-1.9438987
CHID_85b41ba2b9c36824,2,0,rep1;rep2,False,2.3845103,-4.725281,2.2241042
CHID_2ca33fd28f8ff17d,2,2,rep1;rep2,False,1.4992262,-3.5177426,1.8854381
CHID_242423613227795b,2,2,rep1;rep2,False,0.8197676,-3.1385453,2.0887485
CHID_bb5176753cf7c269,2,2,rep1;rep2,False,2.3671677,-8.244379,5.1197066
