region_id,chrom,start,end,center,length_bp,representative_window_id,best_p,best_scale,best_branch,from_small_density,from_small_shape,from_medium_density,from_medium_shape,from_large_density,from_large_shape,n_support_channels,n_support_proposals,rep1_support,rep2_support,zero_axis_flag,known_center_overlap,known_interval_overlap,known_types,known_structure_ids
FREG_8b3b63cc3da721ad,MG1655,38400,51200,44800,12800,WIN_large_f80bd2a5cab5ad62,0.021366740947083546,large,shape,False,False,False,False,False,True,1,1,0,1,False,False,True,OPCID,OPCID_a48ec8c6b5e6e38b
FREG_79903927251dcee0,MG1655,55600,58800,57200,3200,WIN_small_7aea722bde7eea2d,0.034917043519229994,small,shape,False,True,False,False,False,False,1,1,1,0,False,False,True,CHIN;OPCID,CHIN_d2deb5271c6a5cdd;OPCID_a48ec8c6b5e6e38b
FREG_8b001013a888b1a1,MG1655,72000,115200,106800,43200,WIN_small_20b587d476552d71,0.0013404867889791324,small,density,True,True,True,False,True,True,5,20,17,17,False,True,True,CHIN;OPCID,CHIN_e75b43fe8984729d;OPCID_a3c7ad9c66cf12f1;OPCID_eaf35ae5cddf4c0d
FREG_a30994c0bfee6cb5,MG1655,116800,131200,127200,14400,WIN_small_d1f97192bfb7e961,0.001895734597156275,small,density,True,False,True,False,True,False,3,9,9,8,False,True,True,OPCID,OPCID_07d051796dc7059b
FREG_b96ff6000f97801f,MG1655,152400,155600,154000,3200,WIN_small_6921f8a4f68672bf,0.007342148523615854,small,shape,False,True,False,False,False,False,1,1,1,1,False,True,True,CHID;CHIN,CHID_10c0edbfd02353c9;CHIN_72b6b435a0910cba;CHIN_813ba6e5d823057e;CHIN_8bc99ad127e36986;CHIN_ec0a221413a0122f
FREG_c9e5776010a19d77,MG1655,166800,170000,168400,3200,WIN_small_c1c627b64ddf19ef,0.012503228396466896,small,shape,False,True,False,False,False,False,1,1,1,0,False,False,False,,
FREG_3c17a76c91ba3620,MG1655,172000,178400,176400,6400,WIN_small_1fc5c9afe3919ca7,0.006965373676160559,small,shape,False,True,False,True,False,False,2,3,3,3,False,False,False,,
FREG_753c04c042d56855,MG1655,182400,185600,184000,3200,WIN_small_dc73631a06c29418,0.04319821370656236,small,density,True,False,False,False,False,False,1,1,0,1,False,True,True,OPCID,OPCID_ef9d936de4b62940
FREG_dec59bcf830d2ee6,MG1655,192000,204800,200400,12800,WIN_small_1275a2024481ef21,0.0241659692587335,small,density,True,False,True,False,True,False,3,6,6,6,False,True,True,OPCID,OPCID_1612f8f2ea7e9f06;OPCID_4c1cd6d81f6b0f95;OPCID_d003e176e8d23c63
FREG_ad860f3d4752bd1d,MG1655,209600,225600,216000,16000,WIN_large_8f32c8affeab8647,0.01170304599708694,large,shape,False,True,False,True,False,True,3,3,1,3,True,False,False,,
FREG_647ab946884b4026,MG1655,230800,234000,232400,3200,WIN_small_d274d07f5b7f007f,0.033161811724238606,small,shape,False,True,False,False,False,False,1,1,1,1,False,False,False,,
FREG_8814232e60629894,MG1655,262400,284800,268800,22400,WIN_large_70e734eccd7094f2,0.0067567567567567,large,shape,False,False,False,False,False,True,1,2,2,1,True,True,True,CHIN,CHIN_5a72ba4e9470db3b
FREG_4b056190f9431017,MG1655,316400,328000,322400,11600,WIN_small_f56f1927667c7556,0.0009478672985781,small,density,True,True,True,False,False,False,3,5,5,5,False,True,True,CHID;CHIN;OPCID,CHID_d5d6186c6918f2bb;CHIN_b10a121ad52a995a;OPCID_392028707b8a2532
FREG_3c0c965bf49bf58f,MG1655,328000,337600,332800,9600,WIN_small_62e9940f6291a66a,0.0087901597113701,small,shape,False,True,False,True,False,False,2,4,4,3,False,True,True,CHIN,CHIN_312a74a025dbb29e
FREG_a7d017e8cfb1a69c,MG1655,394400,397600,396000,3200,WIN_small_07e93baf19c56589,0.04428681094302806,small,shape,False,True,False,False,False,False,1,1,0,1,False,False,False,,
FREG_0a91cd1113f47b87,MG1655,405600,408800,407200,3200,WIN_small_bb029553d76cd6f4,0.016982438736652714,small,shape,False,True,False,False,False,False,1,1,1,0,False,False,False,,
FREG_284850edfc48c40c,MG1655,409600,422400,416000,12800,WIN_large_30adab270e4a6cbb,0.0067567567567567,large,shape,False,True,False,False,False,True,2,2,2,2,False,False,False,,
FREG_ea4389647e4ec2cd,MG1655,427200,433600,431200,6400,WIN_small_143fe6ef4fce6286,0.027958068632706327,small,density,True,False,True,False,False,False,2,3,3,3,False,True,True,CHIN;OPCID,CHIN_0dd4c64ce8f39b0c;OPCID_4421803242064dec
FREG_4405dec493e25a84,MG1655,446800,455600,450000,8800,WIN_small_69f378fc65c51c2e,0.003791469194312675,small,shape,False,True,False,True,False,False,2,4,4,3,False,False,False,,
FREG_10132b1169a31424,MG1655,456800,464000,462400,7200,WIN_small_3a7994991a80791c,0.035058278689870895,small,density,True,False,True,False,False,False,2,2,2,1,False,False,False,,
FREG_64eb9e44963b14eb,MG1655,464000,478400,465600,14400,WIN_small_ede0581a54913cb5,0.012175575903947855,small,shape,False,True,False,False,False,True,2,3,2,3,False,False,False,,
FREG_474fdcbc9e65ac97,MG1655,481200,484400,482800,3200,WIN_small_e7c1479e3eb9facd,0.02846759700034344,small,shape,False,True,False,False,False,False,1,1,1,1,False,False,True,CHIN,CHIN_fba1a86abad8c7a7
FREG_70c0ff1525a8c939,MG1655,484800,500800,494400,16000,WIN_large_ca4a23657eb2f01e,0.020270270270270185,large,shape,False,False,False,True,False,True,2,2,1,1,False,False,False,,
FREG_6499c2593eae15c1,MG1655,503200,516800,506400,13600,WIN_medium_6518576628f7c007,0.03510590483357194,medium,shape,False,True,False,True,False,True,3,3,3,0,False,True,True,CHIN,CHIN_71efee1581148a83
FREG_3d4a95743b89a9c1,MG1655,525600,528800,527200,3200,WIN_small_08e983931f487aac,0.0013404867889791324,small,shape,False,True,False,False,False,False,1,1,1,1,True,True,True,CHIN,CHIN_80c12c16922655e6
FREG_1624931bb4079346,MG1655,540800,547200,544000,6400,WIN_medium_92edf821dbe41d04,0.049755058472696005,medium,shape,False,False,False,True,False,False,1,1,0,1,False,True,True,CHIN,CHIN_765ae5aaa92eba4c
FREG_b047c0b64d8f6b65,MG1655,559200,562400,560800,3200,WIN_small_93168e794789ea27,0.03951594992545173,small,shape,False,True,False,False,False,False,1,1,1,0,False,True,True,CHID;CHIN,CHID_21f48d066f082128;CHIN_0665f54cdc25bc86;CHIN_24c69819d9eb0ea3;CHIN_7f52b12dfe4fe133
FREG_b281c30546d2f2dd,MG1655,606400,612800,609600,6400,WIN_medium_2074db0063e642ec,0.008018753738744751,medium,shape,False,False,False,True,False,False,1,1,1,1,True,False,False,,
FREG_0eaff5f92d811c81,MG1655,630000,633200,631600,3200,WIN_small_cf3dedf49e94ebe0,0.03269798731878731,small,density,True,False,False,False,False,False,1,1,1,1,False,True,True,OPCID,OPCID_10f9269e6bda4947
FREG_f2730b027c33cc50,MG1655,662400,668800,665600,6400,WIN_medium_b1c6ba4fc68e30ab,0.020443890894277325,medium,shape,False,True,False,True,False,False,2,3,3,1,False,False,True,CHIN,CHIN_f93cc107dd51e45a
FREG_a4aad970926aefdc,MG1655,672400,680800,679200,8400,WIN_small_19dfffd7b087e7ef,0.01928624639751253,small,shape,False,True,False,False,False,False,1,3,3,1,False,True,True,CHIN,CHIN_12300449726e7c4d;CHIN_5112515e92b132f5
FREG_f5ef0631b11a8bec,MG1655,685600,688800,687200,3200,WIN_small_e583ca740188b29e,0.028828258437430813,small,shape,False,True,False,False,False,False,1,1,0,1,True,False,False,,
FREG_b80bb97bc30309d3,MG1655,696000,699200,697600,3200,WIN_small_2c491e3402a6b45c,0.026976776247881813,small,shape,False,True,False,False,False,False,1,1,1,0,False,False,True,OPCID,OPCID_9dc38e719d08f155
FREG_a4bcec0e05a4ae7e,MG1655,727600,730800,729200,3200,WIN_small_d81c0d27448fb05c,0.032338809685747705,small,shape,False,True,False,False,False,False,1,1,1,0,True,False,False,,
FREG_927d40c86ef7b1d4,MG1655,731200,744000,734400,12800,WIN_small_7755745f1f34005f,0.0009478672985781,small,shape,False,True,False,True,False,True,3,5,4,5,True,True,True,CHIN,CHIN_101609e6a031b5b2;CHIN_31f753a6c5032426
FREG_23a197fcaf4df8d6,MG1655,746800,750000,748400,3200,WIN_small_c597296dbac5d18c,0.047241462727496034,small,shape,False,True,False,False,False,False,1,1,1,0,False,True,True,CHIN,CHIN_d09cbcfd88a8bdfb
FREG_c9d7ff0094b7ea19,MG1655,756000,759200,757600,3200,WIN_small_58221bf5792c2bad,0.033645951373078194,small,shape,False,True,False,False,False,False,1,1,1,0,False,False,False,,
FREG_bf274765f64dcf2e,MG1655,761600,780800,771600,19200,WIN_small_4e830f95e4bf64f5,0.0009478672985781,small,density,True,False,True,False,True,False,3,7,7,7,False,True,True,OPCID,OPCID_17d26e5c8bdd11fa;OPCID_69a72fb00fdc2938
FREG_a4e511e692667b31,MG1655,782400,801600,795200,19200,WIN_large_19639d02a0421e81,0.0067567567567567,large,shape,False,True,False,True,False,True,3,8,6,6,False,True,True,CHIN,CHIN_0f74c85e412d80b9
FREG_0d155d5ff59aced5,MG1655,826800,848000,835200,21200,WIN_large_3123884949ba1bfc,0.01170304599708694,large,shape,False,True,False,True,False,True,3,4,2,4,False,False,False,,
FREG_1b9581ca537f3ca7,MG1655,853200,856400,854800,3200,WIN_small_990e16b5bf1ebd0c,0.035058278689870895,small,shape,False,True,False,False,False,False,1,1,1,1,False,False,False,,
FREG_0b1a4fcdb4c6b0f0,MG1655,862400,875200,868800,12800,WIN_large_660f52497dcc31c3,0.01170304599708694,large,shape,False,True,False,False,False,True,2,2,2,1,False,True,True,CHID;CHIN,CHID_c16193a866007239;CHIN_8110991a73e48713
FREG_c2261ccf4f321488,MG1655,880000,894400,882000,14400,WIN_small_41db40a42c371690,0.005191683009527546,small,shape,False,True,False,True,False,True,3,5,3,4,False,False,False,,
FREG_34dee77afce8adf5,MG1655,901600,908000,904000,6400,WIN_small_f4eb3abac767d226,0.019701051839645867,small,shape,False,True,False,True,False,False,2,3,2,2,False,False,False,,
FREG_7e5e958cbc9d5099,MG1655,922000,925200,923600,3200,WIN_small_ee571ab9c09898da,0.04143600567657699,small,density,True,False,False,False,False,False,1,1,1,1,False,False,False,,
FREG_a200f3db7a36dfd1,MG1655,928800,932000,930400,3200,WIN_small_694b02ebc30fcd1b,0.009712749541193815,small,shape,False,True,False,False,False,False,1,1,1,1,False,False,False,,
FREG_42d3e2f15815267c,MG1655,932400,940400,938800,8000,WIN_small_3f079494be9b0ca7,0.033619237632167134,small,density,True,False,True,False,False,False,2,4,4,4,False,True,True,OPCID,OPCID_b1757a56703936d1
FREG_f777883f257cc56e,MG1655,949600,956000,952800,6400,WIN_small_8ddfdea63d23dbed,0.007093189358813046,small,density,True,False,True,False,False,False,2,3,3,1,False,True,True,OPCID,OPCID_a6f2fecc54bc432d
FREG_2b068766c74074b7,MG1655,964000,982400,965600,18400,WIN_small_9921680e39d7e4d7,0.002321791225386758,small,shape,False,True,False,True,False,True,3,6,6,6,False,False,True,OPCID,OPCID_9ac65fd4bf038173
FREG_3b8ffec8bac8d1a0,MG1655,982400,988800,985600,6400,WIN_small_10911837ea9ce07b,0.018428646535756866,small,density,True,False,True,False,False,False,2,3,3,3,False,False,False,,
FREG_e7c23e613d40791d,MG1655,999200,1005600,1002400,6400,WIN_medium_aad1fc1e5f65ee1c,0.01793047845466389,medium,shape,False,True,False,True,False,False,2,2,2,1,False,False,True,CHIN,CHIN_3b157ef6413ebd3b
FREG_917de285b2fc037c,MG1655,1014800,1018000,1016400,3200,WIN_small_d445c9f4fc217e45,0.010031284591713563,small,shape,False,True,False,False,False,False,1,1,0,1,False,False,False,,
FREG_c707a50ab3cedf2a,MG1655,1051200,1064000,1057600,12800,WIN_large_c07203f86b2adf36,0.042733481894167244,large,shape,False,False,False,False,False,True,1,1,0,1,False,True,True,CHIN,CHIN_04e54383f38f765c;CHIN_a61eedfc4b0326fc
FREG_a877dd5588b4011c,MG1655,1093600,1126400,1108400,32800,WIN_small_78a22d652b4b7295,0.004545811870438351,small,shape,False,True,False,True,False,True,3,12,10,11,True,True,True,CHID;CHIN,CHID_ddb48e888603fa31;CHIN_5d2c28e9756edcc4;CHIN_81761ead4e5babcc;CHIN_a305212f1c632ac0;CHIN_ed327955a26354f8;CHIN_eece7eddb47ce44c;CHIN_f03aad61ac30b982;CHIN_f2eb436a00c8388f
FREG_34492219a64a9959,MG1655,1126400,1166000,1158000,39600,WIN_small_8581e1d8542acaf5,0.0013404867889791324,small,density,True,True,True,True,True,True,6,25,24,23,False,True,True,OPCID,OPCID_430b7c0bb5fc530a
FREG_fa4ddf1393df7982,MG1655,1175600,1180400,1178800,4800,WIN_small_3237cee8d080f178,0.014499581555239897,small,shape,False,True,False,False,False,False,1,2,2,1,False,False,True,CHIN,CHIN_c7e63e408c4c9165
FREG_32d3b2839ade9f00,MG1655,1190400,1196800,1194400,6400,WIN_small_a314ba884488a7c3,0.027471804258178894,small,shape,False,True,False,True,False,False,2,2,2,1,False,False,True,CHIN;OPCID,CHIN_30fa1007486e99c0;OPCID_0f71385a399dc767
FREG_a322968e0e091669,MG1655,1196800,1200000,1198400,3200,WIN_small_058ccc12882da731,0.04379721346785936,small,density,True,False,False,False,False,False,1,1,1,0,False,True,True,CHIN,CHIN_0b96404ea31c5cc5;CHIN_30fa1007486e99c0
FREG_c8486e55b019f350,MG1655,1204000,1211600,1208400,7600,WIN_small_687d342b0fe20f78,0.0013404867889791324,small,shape,False,True,False,True,False,False,2,3,2,3,False,True,True,CHID;CHIN,CHID_9ee02f36e2c46f9c;CHIN_a67bc4a756886582
FREG_d3cda5ffb81c91a3,MG1655,1220000,1223200,1221600,3200,WIN_small_7e425661cca091c7,0.02061475182078809,small,shape,False,True,False,False,False,False,1,1,1,1,False,True,True,CHID;CHIN,CHID_9ee02f36e2c46f9c;CHIN_1da809bfbf2865bd;CHIN_39d26f4e365a3b6a;CHIN_48fed281505db35a
FREG_1c0d76b1f1c8404e,MG1655,1226000,1229200,1227600,3200,WIN_small_1f4cbef9ffede61c,0.04823890293838657,small,shape,False,True,False,False,False,False,1,1,0,1,False,False,True,CHIN;OPCID,CHIN_f6588d529a4d5c83;OPCID_304b6ccbb191eb65
FREG_58716b8657663f82,MG1655,1232400,1235600,1234000,3200,WIN_small_48bafae9902d4c27,0.028022266348994206,small,shape,False,True,False,False,False,False,1,1,1,1,False,False,False,,
FREG_419b90a75035f08a,MG1655,1236800,1250400,1242000,13600,WIN_small_c47195ada6c207c8,0.00815386281236246,small,shape,False,True,False,True,False,True,3,6,6,3,False,True,True,OPCID,OPCID_7a866c11603150e7
FREG_53a68bc12f4553ab,MG1655,1250800,1256000,1252400,5200,WIN_small_a65abe69bc0249dc,0.031135673375652664,small,shape,False,True,False,False,False,False,1,2,2,0,False,False,True,OPCID,OPCID_7a866c11603150e7
FREG_ab8c4d5f9e40d1d7,MG1655,1256800,1264800,1260000,8000,WIN_small_d7838cf548101819,0.013930747352321303,small,density,True,False,True,False,False,False,2,3,3,3,False,False,False,,
FREG_18d6d6b9991c1e67,MG1655,1265200,1268400,1266800,3200,WIN_small_ba08e1cff1a34a90,0.023734566873078396,small,shape,False,True,False,False,False,False,1,1,0,1,False,False,False,,
FREG_f58b946f4319d3b7,MG1655,1287600,1315200,1302000,27600,WIN_small_3ec20958545f0cac,0.0009478672985781,small,density,True,True,True,True,True,False,5,22,22,20,True,True,True,CHIN;OPCID,CHIN_6de429ae4e16dc37;OPCID_3045d21bebe98beb
FREG_89050f1e4d87cbd9,MG1655,1315200,1329600,1321600,14400,WIN_large_4801f24b32ecfa12,0.020270270270270185,large,shape,False,False,False,True,False,True,2,2,1,1,False,True,True,CHIN,CHIN_6de429ae4e16dc37
FREG_7bfe94b0db3815e0,MG1655,1338800,1342000,1340400,3200,WIN_small_81e9b584b7c6ed32,0.030272453881841282,small,density,True,False,False,False,False,False,1,1,1,1,False,True,True,OPCID,OPCID_414cf80847bd9929
FREG_a35a88b667d2c36c,MG1655,1350400,1356800,1353600,6400,WIN_medium_edaf651bfe63d055,0.01035216656249896,medium,shape,False,True,False,True,False,False,2,2,2,2,False,True,True,OPCID,OPCID_129f719ef537ae3f
FREG_ddd616c6bc270d21,MG1655,1387200,1390400,1388800,3200,WIN_small_914b268c08e94ce7,0.02885940729410094,small,shape,False,True,False,False,False,False,1,1,1,0,False,False,False,,
FREG_64e6e1a0f778ee71,MG1655,1390400,1393600,1392000,3200,WIN_small_b9489368a2996a22,0.0104265402843601,small,shape,False,True,False,False,False,False,1,1,1,1,False,False,False,,
FREG_cad61145e2da40c1,MG1655,1397200,1412800,1406400,15600,WIN_large_fb1c24d3cc0f66fa,0.0067567567567567,large,shape,True,False,False,True,False,True,3,3,3,2,False,True,True,CHIN,CHIN_ca2ad0322ec77659;CHIN_fc815dfb8c7f111c
FREG_82a811abb2714642,MG1655,1422400,1435200,1428800,12800,WIN_large_c0422c2cbe2c565e,0.0067567567567567,large,shape,False,False,False,False,False,True,1,1,1,1,True,False,False,,
FREG_0ec3deb6cb8e3a1f,MG1655,1442400,1445600,1444000,3200,WIN_small_60c27885e5f175a6,0.026489457085274042,small,shape,False,True,False,False,False,False,1,1,0,1,False,False,False,,
FREG_7e16c0c4325e5d1d,MG1655,1464000,1476800,1470400,12800,WIN_large_9bb3913524a24d1b,0.0067567567567567,large,shape,False,False,False,False,False,True,1,1,1,1,True,True,True,CHIN,CHIN_20739850c2069452;CHIN_b62b5345635fb8d8
FREG_72207fa128f1023c,MG1655,1478400,1484800,1481600,6400,WIN_medium_5aee5f2b276f152d,0.033544853579142206,medium,shape,False,False,False,True,False,False,1,1,1,1,False,False,True,CHIN,CHIN_20739850c2069452
FREG_d48616db2be0a1f1,MG1655,1491600,1494800,1493200,3200,WIN_small_bdf8083fa51f1e8b,0.024952505366991676,small,shape,False,True,False,False,False,False,1,1,1,0,False,False,False,,
FREG_6586b29a6604dd96,MG1655,1494800,1498000,1496400,3200,WIN_small_6bce2670d6863d2f,0.04926174961208063,small,shape,False,True,False,False,False,False,1,1,1,0,False,False,False,,
FREG_9949ed981f76b32e,MG1655,1499600,1521600,1502800,22000,WIN_small_3078d21d6980657b,0.00444589171547231,small,shape,False,True,False,True,False,True,3,9,8,8,False,True,True,CHIN,CHIN_9c9130eaf8d782b3
FREG_f76cb7ab00f0aa90,MG1655,1572000,1578400,1575200,6400,WIN_medium_4c05b52b2a077f7d,0.009820927516479764,medium,shape,False,True,False,True,False,False,2,2,2,2,False,True,True,CHIN,CHIN_a836f1c637e50e10;CHIN_d45c7c6f4a11fa68
FREG_80d3aa7e4fed4c3d,MG1655,1579600,1582800,1581200,3200,WIN_small_5d5814dd01885a4c,0.011053937241412602,small,shape,False,True,False,False,False,False,1,1,1,0,False,True,True,CHIN,CHIN_76e05e2f594dedf6;CHIN_a836f1c637e50e10
FREG_acd4b0f85d9048dc,MG1655,1589600,1596000,1592800,6400,WIN_medium_1aee286a3752ddc3,0.03409935153392645,medium,shape,False,False,False,True,False,False,1,1,0,1,False,False,True,CHID;CHIN,CHID_5977802645c5a666;CHIN_65f6e92014e70d27
FREG_87dd9aab1b6e66cd,MG1655,1600000,1606400,1603200,6400,WIN_medium_ab2e46bfcfa47baf,0.03586095690932782,medium,shape,False,False,False,True,False,False,1,1,1,0,False,False,False,,
FREG_5cce5084191e0890,MG1655,1611200,1638400,1625600,27200,WIN_large_840c9773180d910c,0.0067567567567567,large,shape,False,True,False,True,False,True,3,6,6,6,True,True,True,CHIN,CHIN_43f7d66b2dcd0645;CHIN_a11de8d01a5ecd10;CHIN_db385658b1636eac
FREG_843e663633f07293,MG1655,1672000,1675200,1673600,3200,WIN_small_40584ec5528a2225,0.04746913374615696,small,shape,False,True,False,False,False,False,1,1,0,1,False,False,False,,
FREG_e78028911b2a79a6,MG1655,1678000,1682800,1681200,4800,WIN_small_db5281228f188a36,0.01431248234174525,small,shape,False,True,False,False,False,False,1,2,2,1,False,False,False,,
FREG_532acb0538fa2912,MG1655,1684800,1697600,1691200,12800,WIN_large_2ee3774b1494295b,0.01351351351351345,large,shape,False,True,False,False,False,True,2,2,2,2,False,False,True,OPCID,OPCID_1734fe040179910f
FREG_f489a38832c12330,MG1655,1697600,1700800,1699200,3200,WIN_small_62fc44f87092f7ab,0.02006256918342803,small,shape,False,True,False,False,False,False,1,1,0,1,False,False,True,OPCID,OPCID_1734fe040179910f
FREG_2d76c2ca695e2900,MG1655,1704000,1712000,1706400,8000,WIN_small_5bebc985f37d34f6,0.007816313982213163,small,shape,False,True,False,True,False,False,2,3,1,3,False,False,True,OPCID,OPCID_1734fe040179910f
FREG_ab86a89c0c0253b1,MG1655,1712400,1715600,1714000,3200,WIN_small_512b81ff14e5143c,0.02495250536699139,small,shape,False,True,False,False,False,False,1,1,1,0,False,False,False,,
FREG_f73b30ea5e8a03ef,MG1655,1720800,1724000,1722400,3200,WIN_small_c491605cffc495b3,0.002843601895734433,small,shape,False,True,False,False,False,False,1,1,1,1,False,False,False,,
FREG_1ef71e5980620b76,MG1655,1748000,1754400,1751200,6400,WIN_medium_44d38e87e24ca9a2,0.03232462973094657,medium,shape,False,False,False,True,False,False,1,1,1,1,False,True,True,CHIN,CHIN_ea1e5b49df376026
FREG_b62702b2fe0600ff,MG1655,1758400,1771600,1764800,13200,WIN_large_349f5a3dd7192e00,0.01170304599708694,large,shape,False,True,False,False,False,True,2,2,2,1,False,False,True,CHID,CHID_2ca33fd28f8ff17d
FREG_03e105604d014ba6,MG1655,1786800,1790000,1788400,3200,WIN_small_65b2983ab4e78dfd,0.00994131609639945,small,shape,False,True,False,False,False,False,1,1,1,1,False,False,False,,
FREG_b7fb4af7ec2dbec0,MG1655,1790400,1812000,1800800,21600,WIN_small_217f2591736e3a16,0.0009478672985781,small,density,True,True,True,False,True,False,4,9,8,7,False,True,True,CHIN;OPCID,CHIN_0aff14c0f8d8b7e0;OPCID_ae970230ebbec9d2
FREG_53c92e209ab0d7b9,MG1655,1820000,1826400,1822000,6400,WIN_small_e7f485f43a77d04f,0.010807350000939606,small,shape,False,True,False,True,False,False,2,3,2,2,False,False,False,,
FREG_7dc651ecec25e41d,MG1655,1830400,1843200,1836800,12800,WIN_large_295cec602611b69d,0.0067567567567567,large,shape,False,False,False,True,False,True,2,2,1,2,False,False,False,,
FREG_3df70068feca0a70,MG1655,1845600,1850800,1849200,5200,WIN_small_5648f44128c40998,0.0036710742618077754,small,shape,False,True,False,False,False,False,1,2,2,1,False,False,False,,
FREG_f080d87158b570e1,MG1655,1854000,1860800,1858800,6800,WIN_small_a86b1dee4bfc9e9d,0.015165876777250788,small,shape,False,True,False,True,False,False,2,3,1,3,False,True,True,CHIN,CHIN_2a056e8d00f0d57e;CHIN_2f14634f1542e0cf
FREG_060e46470534df49,MG1655,1864000,1867200,1865600,3200,WIN_small_ddad769541101a46,0.027471804258178894,small,shape,False,True,False,False,False,False,1,1,1,0,False,False,False,,
FREG_c04ad4fa99531c81,MG1655,1871200,1874400,1872800,3200,WIN_small_183d368c4e70f7d0,0.02392308903151452,small,shape,False,True,False,False,False,False,1,1,1,1,False,True,True,CHIN,CHIN_1b43b15c8ca43bcc;CHIN_413c7aed4a1f2e45
FREG_a6342a0a229388f1,MG1655,1876800,1894400,1878800,17600,WIN_small_50b4106b82f49d4b,0.005445083077287114,small,shape,False,True,False,True,False,True,3,4,4,3,False,False,False,,
FREG_d2d392e1e3af249a,MG1655,1896000,1910000,1903200,14000,WIN_small_59ceaf23fa91788a,0.0009478672985781,small,density,True,True,True,False,True,False,4,9,9,7,False,False,False,,
FREG_95eff5b76065dafb,MG1655,1911200,1914400,1912800,3200,WIN_small_82c3326405a1c651,0.013404867889792225,small,shape,False,True,False,False,False,False,1,1,1,1,False,False,False,,
FREG_1c5ace96ef187329,MG1655,1916000,1922400,1917600,6400,WIN_small_96063a9b433ba6a5,0.03348534925621911,small,shape,False,True,False,True,False,False,2,2,1,1,False,False,False,,
FREG_0d709798f3eacad9,MG1655,1922400,1925600,1924000,3200,WIN_small_cfd73dc48447ec94,0.028906067643558044,small,density,True,False,False,False,False,False,1,1,1,1,False,False,False,,
FREG_1305eb571c3bb8a0,MG1655,1926400,1931200,1929600,4800,WIN_small_435f49e6c6e31204,0.014684297047231804,small,shape,False,True,False,False,False,False,1,2,2,2,False,False,False,,
FREG_ca7f6a3e36c26bb0,MG1655,1939200,1946000,1944400,6800,WIN_small_465d10fe1c310eb7,0.0036710742618078786,small,shape,False,True,False,True,False,False,2,4,4,3,False,False,False,,
FREG_f5914e2608a3139c,MG1655,1961600,1975200,1971600,13600,WIN_small_612929a706b9d23b,0.014622984474446547,small,shape,False,True,False,True,False,True,3,3,2,1,False,False,False,,
FREG_fee885b91f90be59,MG1655,1988800,1995200,1993200,6400,WIN_small_da2472400aadad4b,0.02132174763829754,small,density,True,False,True,False,False,False,2,3,3,3,False,False,False,,
FREG_d9e613a6da1bbfde,MG1655,2001600,2014400,2008000,12800,WIN_large_8a051bad7e65da5d,0.0067567567567567,large,shape,False,True,False,False,False,True,2,2,1,2,False,True,True,CHIN,CHIN_e79e0f2a30775d13
FREG_9514e59659180f9c,MG1655,2018000,2021200,2019600,3200,WIN_small_0b56c77019356ae5,0.04198527884426549,small,shape,False,True,False,False,False,False,1,1,0,1,False,False,False,,
FREG_b63f841473fa35dc,MG1655,2024000,2036800,2030400,12800,WIN_large_970c16aa8f5f1d82,0.0067567567567567,large,shape,False,True,False,True,False,True,3,4,3,4,False,True,True,CHIN,CHIN_3316498dc3a118cd;CHIN_75bef55d7e6d8415
FREG_df9791c4a4cf8e2c,MG1655,2042400,2045600,2044000,3200,WIN_small_b8df259c5c145edd,0.04058156327698126,small,density,True,False,False,False,False,False,1,1,1,1,False,False,False,,
FREG_bf3e1676e954ae7d,MG1655,2053200,2056400,2054800,3200,WIN_small_38130989fc36fe9c,0.03364595137307821,small,shape,False,True,False,False,False,False,1,1,1,0,False,False,True,CHIN,CHIN_ac3eded02b4ccf68;CHIN_ae3487f724c72e24
FREG_7ea68c9c73985ae9,MG1655,2060000,2064800,2063200,4800,WIN_small_e38100101a92cbc1,0.0018957345971563,small,shape,False,True,False,False,False,False,1,2,2,2,False,False,False,,
FREG_80b11d76af0e3f6f,MG1655,2072000,2084800,2079600,12800,WIN_small_ea7f3d8a2dee81ea,0.006428748799170693,small,shape,False,True,False,False,False,True,2,3,3,3,False,False,False,,
FREG_cf3d3827bf6dd780,MG1655,2103200,2110000,2104800,6800,WIN_small_27ed462432bad4b2,0.029399170463072576,small,density,True,False,True,False,False,False,2,4,4,4,False,True,True,CHID;CHIN,CHID_e99742d9fb1834b2;CHIN_27fcb8c59cdd19ed;CHIN_4bd6df699a4a442d;CHIN_4c5b118b76314438;CHIN_6a1a24c637d17f3b;CHIN_9336b6dd24567a55;CHIN_aafbbc0179d18cd3;CHIN_ca9b1395fa31ca60;CHIN_cb62ec523cd9aabf
FREG_c7f534c19d17f43c,MG1655,2139200,2142400,2140800,3200,WIN_small_4092ee8a8c7f6563,0.025114011942164418,small,density,True,False,False,False,False,False,1,1,1,1,False,False,True,OPCID,OPCID_9d9e69ad0ce51f11
FREG_1903a600e364f832,MG1655,2144000,2147200,2145600,3200,WIN_small_bdaf40521cdc6b5a,0.015575049028582824,small,shape,False,True,False,False,False,False,1,1,1,1,False,False,True,OPCID,OPCID_9d9e69ad0ce51f11
FREG_9f6595c9a76c4a7b,MG1655,2171200,2180800,2176000,9600,WIN_small_63b14958654491ce,0.0009478672985781,small,density,True,False,True,False,False,False,2,4,4,4,True,True,True,CHIN,CHIN_1c70d1a650016e04;CHIN_2d7af64b36b410f4;CHIN_ce6a7185cf5fa235
FREG_70948b13141d0f2d,MG1655,2216000,2228800,2223600,12800,WIN_small_9111912a5bddd2da,0.00998640166147161,small,shape,False,True,False,True,False,True,3,4,3,3,False,False,False,,
FREG_dca36ed12b2dee2f,MG1655,2237600,2264000,2244800,26400,WIN_large_fb2374e25563edc4,0.0067567567567567,large,shape,True,True,True,True,False,True,5,10,9,10,False,True,True,CHIN;OPCID,CHIN_072974e2927b123b;CHIN_57f596abaeaccae4;CHIN_a50686a688e4cb02;OPCID_c4aea9eca44028ce
FREG_a635ba46a50b3a49,MG1655,2269600,2272800,2271200,3200,WIN_small_1447d1c18a950bdd,0.028718971388707257,small,density,True,False,False,False,False,False,1,1,1,1,False,False,False,,
FREG_75bd2653e4f8ca25,MG1655,2272800,2280800,2279200,8000,WIN_small_313c034a83cbd433,0.013337675146417104,small,shape,False,True,False,True,False,False,2,2,2,1,False,False,False,,
FREG_1a15ca20e427f05a,MG1655,2316800,2323200,2321200,6400,WIN_small_6ea83beb31f28fa5,0.005191683009527363,small,shape,False,True,False,True,False,False,2,3,2,2,False,False,False,,
FREG_f14ea993e8b25b82,MG1655,2334400,2347200,2340800,12800,WIN_large_397f9abbf2d0a089,0.0067567567567567,large,shape,False,False,False,False,False,True,1,1,1,1,False,True,True,CHIN,CHIN_13ce252fbae0cbfe
FREG_017c9e4604cf65bb,MG1655,2385600,2411200,2391600,25600,WIN_small_1e0010964edcdb3f,0.0009478672985781,small,density,True,True,True,False,True,False,4,19,19,18,False,True,True,CHID;CHIN;OPCID,CHID_22cd1a298e3f8de6;CHIN_0d7c2ca69d1c63c8;CHIN_91904b7e5910e56c;OPCID_33b4f3a14ebbc59e;OPCID_3a4aa0d0d21262a8
FREG_c80baf09873c8e2e,MG1655,2439200,2442400,2440800,3200,WIN_small_ebab66b6453f275d,0.0255924170616113,small,density,True,False,False,False,False,False,1,1,1,1,False,True,True,OPCID,OPCID_6abc058ae2242c3c
FREG_7e2826c8606a787c,MG1655,2475200,2481600,2478400,6400,WIN_medium_2096edc374721e03,0.04140866624999604,medium,shape,False,True,False,True,False,False,2,2,1,2,False,False,True,CHID;CHIN,CHID_a3539b4c5da95bec;CHIN_22e07f81f47f41b7;CHIN_d39507f936616600
FREG_8eb4220af86c952b,MG1655,2488000,2496000,2489600,8000,WIN_small_f11a54ba730e01a1,0.03400453291877159,small,shape,False,True,False,True,False,False,2,2,2,0,False,True,True,CHID;CHIN,CHID_a3539b4c5da95bec;CHIN_327765acd5ab2895;CHIN_7166ae9780b2f33d;CHIN_dc7847370035ae4b
FREG_0af1ebaaab86f1c8,MG1655,2512000,2515200,2513600,3200,WIN_small_a7dfd4d1eb0e9940,0.02536320030380911,small,shape,False,True,False,False,False,False,1,1,1,0,True,False,False,,
FREG_7089a736aaf0a1d4,MG1655,2518000,2521200,2519600,3200,WIN_small_636726740420b9ed,0.04797744354443128,small,density,True,False,False,False,False,False,1,1,1,0,False,False,False,,
FREG_2f3af1b9c3bbb05e,MG1655,2524800,2537600,2534400,12800,WIN_small_ca5a33a75d4afa7e,0.0009478672985781,small,density,True,False,True,False,True,False,3,8,8,8,False,True,True,OPCID,OPCID_c0709bc7c08ec44f;OPCID_c8522caa8fd83322
FREG_198036ee9f5a70c4,MG1655,2545200,2552000,2548400,6800,WIN_small_ba5b6e6d790ca92a,0.005607658562179635,small,shape,False,True,False,True,False,False,2,3,3,3,False,False,False,,
FREG_3371092db014576f,MG1655,2559200,2566000,2564400,6800,WIN_small_da683e7e2eb31316,0.006965373676160601,small,density,True,False,True,False,False,False,2,2,2,2,False,True,True,OPCID,OPCID_adee45e8dfb40894
FREG_76f4c379538e5a04,MG1655,2577600,2590400,2584000,12800,WIN_large_901b8929bc6ca23a,0.040540540540540446,large,shape,False,False,False,False,False,True,1,1,0,1,False,False,False,,
FREG_6a4ab7070f8d4444,MG1655,2601600,2608000,2604800,6400,WIN_medium_114657ff6e6522b1,0.04899539464934424,medium,shape,False,False,False,True,False,False,1,1,1,0,False,False,False,,
FREG_62da24bb51f1d2c2,MG1655,2614800,2628800,2625200,14000,WIN_small_a2b31baecdae3c98,0.010890166154574372,small,shape,False,True,False,False,False,True,2,3,2,2,False,False,True,CHIN,CHIN_bfb5f6f7a0a0aa2e
FREG_2a1ab61af8043dae,MG1655,2638400,2643200,2641600,4800,WIN_small_347a59ebbcf4b94e,0.02747180425817896,small,density,True,False,False,False,False,False,1,2,1,2,False,True,True,OPCID,OPCID_079060fd1545272e
FREG_cac735c8cf6e1d2e,MG1655,2648000,2651200,2649600,3200,WIN_small_f19a8c0cbcf93e4f,0.010469536509181964,small,shape,False,True,False,False,False,False,1,1,1,0,False,True,True,OPCID,OPCID_3808275a8edee593
FREG_9ebcb47776f94b87,MG1655,2707200,2710400,2708800,3200,WIN_small_876651001f4517d3,0.045675009680215144,small,density,True,False,False,False,False,False,1,1,1,0,False,True,True,OPCID,OPCID_210f8ff672fa4c9a
FREG_6e09d3bd094c8b1d,MG1655,2719200,2725600,2721600,6400,WIN_small_d800c25b4ba41ebd,0.022729059352192906,small,density,True,False,True,False,False,False,2,3,3,3,False,False,False,,
FREG_11a5f6c7b97c1f4a,MG1655,2735200,2744000,2736800,8800,WIN_small_5e707a6e5550a5a1,0.0170616113744075,small,density,True,True,False,False,False,False,2,4,4,2,False,False,False,,
FREG_73e6e7465ad4e4c4,MG1655,2745600,2751600,2747200,6000,WIN_small_5b77cad4c536ee4b,0.04438813070698799,small,density,True,True,False,False,False,False,2,2,2,2,False,False,False,,
FREG_ff532581b24af75c,MG1655,2753200,2756400,2754800,3200,WIN_small_1e224b860da21373,0.0369668246445497,small,density,True,False,False,False,False,False,1,1,1,1,False,False,False,,
FREG_8e33a6d1e6f10e59,MG1655,2784000,2789200,2785600,5200,WIN_small_b8075a58487df1bd,0.008687347289015579,small,shape,False,True,False,False,False,False,1,2,1,2,False,True,True,CHID;CHIN,CHID_bb5176753cf7c269;CHIN_58d99e489f853d61;CHIN_776dbab456673217;CHIN_78a1a7d17ac8e4e2;CHIN_fa05997ad11be666
FREG_f3868eb02e0f55d5,MG1655,2808000,2811200,2809600,3200,WIN_small_f6145e35984951f8,0.044114033282351015,small,shape,False,True,False,False,False,False,1,1,1,0,False,False,False,,
FREG_f3510ef7f2432010,MG1655,2814000,2817200,2815600,3200,WIN_small_d86e0f82e0364dd8,0.022450652667918396,small,shape,False,True,False,False,False,False,1,1,1,1,False,False,False,,
FREG_43ba383d41c336e2,MG1655,2825600,2828800,2827200,3200,WIN_small_eecfcf10f1bfd6e0,0.02557485793977631,small,density,True,False,False,False,False,False,1,1,1,1,False,False,False,,
FREG_3cabe6a4fbfe2392,MG1655,2866400,2869600,2868000,3200,WIN_small_6dfdb087885f8686,0.039799140806098546,small,density,True,False,False,False,False,False,1,1,1,1,False,True,True,OPCID,OPCID_e04790b97d37c16e
FREG_d60cf0e71170ce7a,MG1655,2876800,2883200,2880000,6400,WIN_medium_4203e6e1784331a9,0.017010345435994226,medium,shape,False,False,False,True,False,False,1,1,1,1,False,False,True,CHIN,CHIN_1f7c5c2fafc1afc3
FREG_e072be4f0cf1ad67,MG1655,2884800,2888000,2886400,3200,WIN_small_6bc0575dce7ca070,0.03570579753902801,small,shape,False,True,False,False,False,False,1,1,1,0,False,False,False,,
FREG_4b7d0b5470bbacb2,MG1655,2910400,2929600,2920000,19200,WIN_small_a5b3e8d1f9c5dad3,0.0040214603669375855,small,density,True,True,True,False,True,False,4,8,7,7,False,True,True,OPCID,OPCID_149d0308ae463e46
FREG_d049a84b69583bb4,MG1655,2968800,2987200,2980800,18400,WIN_large_4fbcbbcd14482e07,0.0067567567567567,large,shape,False,False,False,True,False,True,2,3,3,1,False,True,True,CHID;CHIN;OPCID,CHID_f834d1ac36e1b8fa;CHIN_093ecf60a3c47f13;CHIN_4f3e820755d8686d;CHIN_7547f8c089f6bd2d;OPCID_bb60f5d218faa929
FREG_182d4c2fa8a9af54,MG1655,2988400,2993600,2990000,5200,WIN_small_5eb32857ebbb13e1,0.01912250331927195,small,shape,True,True,False,False,False,False,2,2,2,2,False,True,True,CHID;CHIN,CHID_f834d1ac36e1b8fa;CHIN_093ecf60a3c47f13;CHIN_7547f8c089f6bd2d
FREG_b7c8fd0caa521c80,MG1655,3012800,3016000,3014400,3200,WIN_small_ddd721fb6b387e95,0.03831541787944589,small,density,True,False,False,False,False,False,1,1,1,1,False,True,True,OPCID,OPCID_dee7d45a8897305b
FREG_002f146b6f614245,MG1655,3030800,3034000,3032400,3200,WIN_small_45f9945b71ae213b,0.037293489237736434,small,shape,False,True,False,False,False,False,1,1,1,1,False,False,False,,
FREG_be825ad8b6a2fe4e,MG1655,3036800,3060000,3048000,23200,WIN_medium_1d9e698aa28eac17,0.0023148148148148,medium,density,True,True,True,False,True,False,4,17,17,17,False,True,True,CHIN;OPCID,CHIN_faf91596d8b88128;OPCID_ad7cb00f8c882c61;OPCID_b7f0a78b5bc75834
FREG_71c429938c2bb421,MG1655,3066800,3075200,3072000,8400,WIN_small_864fa9a7f9dfc532,0.0037914691943127,small,density,True,True,True,False,False,False,3,5,5,4,False,False,False,,
FREG_d9565da6584d3377,MG1655,3086400,3105600,3092800,19200,WIN_large_4f37ad10f8e6adc7,0.01170304599708694,large,shape,False,False,False,False,False,True,1,2,2,2,False,False,False,,
FREG_5f42baef9d08ba56,MG1655,3143200,3146400,3144800,3200,WIN_small_c660e6f2280d68fc,0.028718971388707257,small,shape,False,True,False,False,False,False,1,1,1,1,False,False,False,,
FREG_89f933686190b586,MG1655,3156800,3169600,3163200,12800,WIN_large_4cd697fff4fd6bec,0.04825289478745159,large,shape,False,False,False,False,False,True,1,1,1,0,False,False,False,,
FREG_19a4a9627a72c5ab,MG1655,3172800,3185600,3176800,12800,WIN_small_8b7729c76d110bbf,0.02321791225386891,small,density,True,False,True,False,True,False,3,4,4,4,False,False,True,CHID,CHID_0fd794b4635bec68
FREG_e6d786036463fc14,MG1655,3216000,3236800,3222400,20800,WIN_large_9abef0aed6a73c31,0.021366740947083546,large,shape,False,False,False,False,False,True,1,2,0,2,False,True,True,CHIN,CHIN_0a55e534fdc7545d
FREG_6df32034ec393913,MG1655,3260800,3294400,3271600,33600,WIN_small_f7d75b9a6bbef07d,0.0009478672985781,small,density,True,True,True,True,True,True,6,22,19,20,False,True,True,CHIN;OPCID,CHIN_9549903c064709e2;CHIN_e60512525b58312d;CHIN_ee3355b18d634b8e;CHIN_f1c1419569298f23;OPCID_725a69a69963ad59
FREG_50016c5459cdde46,MG1655,3306000,3334400,3309200,28400,WIN_small_4c4435ea1ed625d1,0.0032835086399409016,small,density,True,False,True,False,True,False,3,14,14,13,False,True,True,CHIN,CHIN_23a574b35aa4cad2;CHIN_9461e74755c3f236
FREG_5f65ee0fcb5cc0d3,MG1655,3342400,3355200,3348800,12800,WIN_medium_7a7e2500d2d731a8,0.005670115145331394,medium,density,True,False,True,False,True,False,3,8,8,8,False,False,False,,
FREG_197d91c30a21aa6d,MG1655,3376000,3379200,3377600,3200,WIN_small_2586aa7b83d0196a,0.0407582938388625,small,density,True,False,False,False,False,False,1,1,1,1,False,False,True,OPCID,OPCID_3b8eefccce2e36fc
FREG_673fd16dbc85d929,MG1655,3392400,3406400,3394000,14000,WIN_small_047ca442a0238e95,0.007093189358813046,small,shape,False,True,False,True,False,True,3,5,4,4,False,False,False,,
FREG_d8009ca77bbfd55b,MG1655,3409600,3422400,3416000,12800,WIN_large_e3e61cde604d2c99,0.015108567415539037,large,shape,False,False,False,False,False,True,1,1,1,1,False,True,True,CHIN,CHIN_0134e150bffadd1b
FREG_e015e1cbb82f3fda,MG1655,3429600,3452800,3440400,23200,WIN_small_f563efa3c06c7b27,0.0009478672985781,small,density,True,True,True,True,True,False,5,21,21,18,False,True,True,OPCID,OPCID_5c038f6d802a0373
FREG_3c7065d27965c923,MG1655,3456000,3468800,3462400,12800,WIN_large_a8f8e98196078a73,0.027027027027027,large,shape,False,False,False,False,False,True,1,1,0,1,False,False,False,,
FREG_3fb3b4c0cc922b63,MG1655,3471200,3474400,3472800,3200,WIN_small_e3fb416d7211bd54,0.045458118704385916,small,density,True,False,False,False,False,False,1,1,1,1,False,False,False,,
FREG_9160ea6e04d0fce4,MG1655,3483600,3491200,3486800,7600,WIN_small_ab7998c9375b0a2f,0.0104265402843601,small,density,True,False,True,False,False,False,2,3,3,3,False,False,False,,
FREG_592b8ee6e80c0332,MG1655,3499200,3512000,3505600,12800,WIN_large_90ea040468604a09,0.0202702702702702,large,shape,False,False,False,False,False,True,1,1,1,1,False,False,False,,
FREG_a1f94ce6c9ac1856,MG1655,3512000,3515200,3513600,3200,WIN_small_f3e6ccc66a12abef,0.030976558556147973,small,shape,False,True,False,False,False,False,1,1,1,0,False,False,False,,
FREG_3ac62dfe3e5c70a8,MG1655,3515200,3518400,3516800,3200,WIN_small_a1bce5d5e3f20700,0.043591591611628074,small,density,True,False,False,False,False,False,1,1,1,1,False,False,False,,
FREG_18308d8d16cb77ab,MG1655,3531200,3537600,3534400,6400,WIN_small_34080cbc56c1aa59,0.0018957345971563,small,density,True,False,True,False,False,False,2,4,4,4,False,False,False,,
FREG_03698d335d449109,MG1655,3540800,3574000,3549200,33200,WIN_small_089dad41168928ce,0.0009478672985781,small,density,True,True,True,True,True,False,5,19,17,18,False,True,True,OPCID,OPCID_3ca243441c0a5a91;OPCID_6e5625e30f0c3e40
FREG_76c0f54100c00508,MG1655,3585600,3598400,3592000,12800,WIN_large_3ad3a5be063f324b,0.03310121274031314,large,shape,False,False,False,False,False,True,1,1,0,1,False,False,False,,
FREG_5e71eb22a239e0f3,MG1655,3598400,3605600,3601600,7200,WIN_small_e654b4abcd25c228,0.0189573459715639,small,density,True,False,True,False,False,False,2,3,3,3,False,False,False,,
FREG_b78622a8d089b9a6,MG1655,3623200,3626400,3624800,3200,WIN_small_e9c1111aeff044a7,0.043519394438858695,small,shape,False,True,False,False,False,False,1,1,1,0,True,False,False,,
FREG_71a1810f771bdea6,MG1655,3631600,3634800,3633200,3200,WIN_small_22a87eae65b517c5,0.03573095132695872,small,density,True,False,False,False,False,False,1,1,1,1,False,True,True,CHID;CHIN,CHID_73f567423cf41748;CHIN_276dc2f80d3fd17b;CHIN_597d783bf467e297;CHIN_5d54f5e6e2eeaaf5;CHIN_c4faaae576113acc
FREG_e5cc7b1efae1a138,MG1655,3637600,3644400,3641200,6800,WIN_small_a902e92491842d85,0.0009478672985781,small,density,True,False,True,False,False,False,2,4,4,4,False,True,True,OPCID,OPCID_f124da0b3913d5c3
FREG_7a99d7dca32569ea,MG1655,3647200,3650400,3648800,3200,WIN_small_7c2eb188608f9ee4,0.04453967819704529,small,shape,False,True,False,False,False,False,1,1,1,0,False,False,False,,
FREG_ec68581bc4f6ef27,MG1655,3697600,3700800,3699200,3200,WIN_small_8ee13e0cc071706f,0.013768567816429565,small,shape,False,True,False,False,False,False,1,1,0,1,False,False,False,,
FREG_bc663b2769015222,MG1655,3704800,3711200,3707200,6400,WIN_small_bf98a6b237d026cc,0.022269839098522634,small,density,True,False,True,False,False,False,2,3,3,2,False,False,False,,
FREG_1f5d6ce85d1ab652,MG1655,3724800,3728000,3726400,3200,WIN_small_fbb8c6290e63761a,0.011013222785423738,small,shape,False,True,False,False,False,False,1,1,1,1,False,False,False,,
FREG_0b60f99aaa90f305,MG1655,3735200,3741600,3738400,6400,WIN_small_e581aade2eef8006,0.0046435824507737,small,density,True,False,True,False,False,False,2,4,4,4,False,True,True,OPCID,OPCID_a2fcb5ddde5dbcf6
FREG_e9ba2a9c562587f0,MG1655,3744000,3756800,3750400,12800,WIN_large_b9077dcda2c0f4d9,0.01170304599708694,large,shape,False,False,False,False,False,True,1,1,1,1,False,True,True,CHIN,CHIN_71cfdc3af27cb741
FREG_b75c71fb585afd01,MG1655,3761600,3776000,3766400,14400,WIN_small_9d0ce6b7983936ba,0.0009478672985781,small,shape,False,True,False,False,False,True,2,3,2,3,True,True,True,CHID;CHIN,CHID_829be93d3f3a9719;CHIN_cfc9f22558808905;CHIN_f860adadaee690b7
FREG_5808f814db7aac35,MG1655,3782000,3785200,3783600,3200,WIN_small_cdd006b73b7bfb4b,0.0388625592417061,small,density,True,False,False,False,False,False,1,1,1,1,False,False,False,,
FREG_5bfbb87dac6470f6,MG1655,3793600,3808000,3802800,14400,WIN_small_5debe0087248064d,0.027634843103532154,small,density,True,False,True,False,True,False,3,7,7,4,False,True,True,CHID;CHIN,CHID_2dad41c5a944685a;CHIN_20cbe6301103e773;CHIN_2162125d7d40a72a;CHIN_3ed028798e697d9f;CHIN_4290884d21f50f71;CHIN_4be9a90f7551ea66;CHIN_7480d77a14ad4716;CHIN_8cf1c5b9776a09cc;CHIN_98acb48ba1e7481b;CHIN_9d23c5f02dd7374e;CHIN_b70b5bec64024ebb;CHIN_de804d8b4eb4fa33
FREG_170bc6971c42582b,MG1655,3838400,3851200,3844800,12800,WIN_large_054b79e2e0e60523,0.0067567567567567,large,shape,False,False,False,False,False,True,1,1,1,1,False,True,True,CHIN,CHIN_4c746ab4abe6056d
FREG_f22a9ca580a2c527,MG1655,3862800,3869600,3866000,6800,WIN_small_d3ca2b54291d97ca,0.016822975686539107,small,density,True,False,True,False,False,False,2,4,4,4,False,True,True,OPCID,OPCID_7a387ab67a4e089c
FREG_05a0cf3fde05e2f7,MG1655,3875200,3897600,3888000,22400,WIN_small_1c9a485521a9a74a,0.0009478672985781,small,density,True,True,True,True,True,False,5,13,12,13,False,True,True,CHIN,CHIN_12faf31bfcc0dac1
FREG_7bb0def6a7b76a96,MG1655,3911600,3924800,3918400,13200,WIN_medium_198b237734ee8ac6,0.0023148148148148,medium,density,True,True,True,False,True,False,4,10,10,10,False,True,True,OPCID,OPCID_22365f72e65106b5
FREG_8a7aa8e9ef61cfa1,MG1655,3930000,3941200,3939600,11200,WIN_small_e7d4e924b22990d1,0.02140585742300693,small,shape,True,True,True,False,False,False,3,5,5,5,False,False,False,,
FREG_c423410ef5466d80,MG1655,3964000,3970400,3965600,6400,WIN_small_216d1e8f200b53cd,0.014622984474446845,small,density,True,False,True,False,False,False,2,4,4,4,False,False,False,,
FREG_19fafb389f6821c0,MG1655,3974400,3980800,3977600,6400,WIN_medium_935ecc5549da3f55,0.02070433312499802,medium,shape,False,True,False,True,False,False,2,2,1,2,False,False,False,,
FREG_faad4173b025f5d3,MG1655,3985600,3998400,3988000,12800,WIN_small_b94cdc2653dfa5a9,0.02132174763829754,small,density,True,False,True,False,True,False,3,6,6,6,False,True,True,OPCID,OPCID_092946eccc52a81c
FREG_5c4f510acea39341,MG1655,4002800,4006000,4004400,3200,WIN_small_e2021a048a0e55ab,0.04926174961208063,small,shape,False,True,False,False,False,False,1,1,1,0,False,False,True,OPCID,OPCID_092946eccc52a81c
FREG_a340ee223eb14a8b,MG1655,4016000,4028800,4021600,12800,WIN_small_8f40f2a503ea0fe7,0.012787428969888104,small,density,True,False,True,False,True,False,3,7,7,7,False,True,True,OPCID,OPCID_f235f321095064d1
FREG_be1e3265dcb6bee1,MG1655,4031200,4034400,4032800,3200,WIN_small_579f841240675e74,0.006142882178585324,small,shape,False,True,False,False,False,False,1,1,1,1,False,False,False,,
FREG_917948506f98694d,MG1655,4075200,4078400,4076800,3200,WIN_small_11bbba4fdefd6731,0.030772858920849078,small,density,True,False,False,False,False,False,1,1,1,1,False,False,False,,
FREG_cad9757d375b2f54,MG1655,4080000,4086800,4083200,6800,WIN_medium_cd921bd5db6d9880,0.028726096402756574,medium,density,True,True,True,False,False,False,3,4,4,3,False,False,False,,
FREG_8f9c3c98be313afa,MG1655,4116000,4119200,4117600,3200,WIN_small_1186bd4d8fc24dbb,0.0322274881516587,small,density,True,False,False,False,False,False,1,1,1,1,False,True,True,OPCID,OPCID_52757c7e517094bd
FREG_07a2251bfd6d98e1,MG1655,4128000,4147200,4134400,19200,WIN_large_0932170805ce6a63,0.0067567567567567,large,shape,False,False,False,False,False,True,1,2,2,2,False,False,False,,
FREG_4bb24303d6e4e3ac,MG1655,4172800,4190400,4179600,17600,WIN_small_c7d9ff7433cc1203,0.0013404867889791324,small,density,True,True,True,False,True,False,4,12,9,10,True,False,False,,
FREG_dd8ef6e92a048838,MG1655,4200800,4204000,4202400,3200,WIN_small_b4e5bb1b539d1a3a,0.02202644557084778,small,shape,False,True,False,False,False,False,1,1,1,1,False,False,False,,
FREG_79aca59cc181d3d3,MG1655,4220000,4223200,4221600,3200,WIN_small_8fb727f1bd4093c7,0.0421774321540985,small,density,True,False,False,False,False,False,1,1,1,0,False,True,True,CHIN,CHIN_7be712b5421ea380
FREG_21b7d5ac1419bc39,MG1655,4235200,4260800,4243200,25600,WIN_small_d865eee2ee9aee39,0.0009478672985781,small,density,True,True,True,True,True,False,5,19,18,19,False,True,True,CHIN;OPCID,CHIN_992805e6506de16e;CHIN_c1610920a984ce60;OPCID_4a51b9db831f2860
FREG_a6c37a2014d77af9,MG1655,4268800,4279600,4278000,10800,WIN_small_3091c78db270b5e4,0.01747780939771153,small,shape,True,True,True,False,False,False,3,4,4,4,False,True,True,CHIN;OPCID,CHIN_40431770bb3161b3;OPCID_b9f55508e75e487b
FREG_e4f42f80b5c519e7,MG1655,4281600,4294400,4288000,12800,WIN_large_3aac8bec5b9b34a7,0.027027027027026914,large,shape,False,False,False,False,False,True,1,1,0,1,False,True,True,CHIN;OPCID,CHIN_155c0872526c85bb;OPCID_b9f55508e75e487b
FREG_2fb66ea62d876021,MG1655,4342000,4345200,4343600,3200,WIN_small_d9f48ebec2d5b6c6,0.0036710742618078786,small,shape,False,True,False,False,False,False,1,1,1,1,False,False,False,,
FREG_e2b6e60709b341ec,MG1655,4356800,4376000,4365600,19200,WIN_small_a96f5ff21c5cb928,0.0009478672985781,small,density,True,True,True,False,True,False,4,10,10,10,False,True,True,CHIN,CHIN_016dd7404328fa8e
FREG_1edcba645d0dd4a1,MG1655,4379200,4382400,4380800,3200,WIN_small_b3a6f35a8c1ad39a,0.03337785187044355,small,density,True,False,False,False,False,False,1,1,1,1,False,False,False,,
FREG_c33836512cd5bdc3,MG1655,4388000,4391200,4389600,3200,WIN_small_3c784ce0371b2c15,0.03898950483640398,small,shape,False,True,False,False,False,False,1,1,1,1,False,False,False,,
FREG_e35227c57fd34e9d,MG1655,4395200,4409600,4403200,14400,WIN_medium_ee2a837fe1ac2ca6,0.0023148148148148,medium,density,True,True,True,False,True,False,4,9,8,8,False,False,False,,
FREG_a356c920b79fd72a,MG1655,4414800,4418000,4416400,3200,WIN_small_7abe51109e40d40d,0.02747180425817896,small,density,True,False,False,False,False,False,1,1,1,1,False,False,False,,
FREG_9919e1fb6784c2a8,MG1655,4433600,4436800,4435200,3200,WIN_small_1307c6d9a2fc39b7,0.021088716077049173,small,shape,False,True,False,False,False,False,1,1,1,1,False,False,False,,
FREG_e5bab547e32c0095,MG1655,4440400,4443600,4442000,3200,WIN_small_6921119c2e5009c1,0.021405857423006863,small,shape,False,True,False,False,False,False,1,1,1,0,False,False,False,,
FREG_2a458a4eb550141c,MG1655,4454400,4476000,4462800,21600,WIN_small_dd2d499bc245a876,0.0009478672985781,small,density,True,True,True,True,True,False,5,13,13,11,False,False,True,CHIN,CHIN_c36249e67a41eb04
FREG_fe17dc505c3e4dc0,MG1655,4490000,4493200,4491600,3200,WIN_small_3cd1a13bfd2b3da9,0.037617317218927714,small,shape,False,True,False,False,False,False,1,1,0,1,False,False,False,,
FREG_d0437ba01c05d49f,MG1655,4505200,4508400,4506800,3200,WIN_small_c5a9dcfa0c5b97a0,0.030242760442735512,small,shape,False,True,False,False,False,False,1,1,1,0,True,True,True,CHID;CHIN,CHID_0def30026dacfa28;CHIN_e2127c2e68c0c686
FREG_948b53bdbfa601a8,MG1655,4520000,4532800,4526400,12800,WIN_large_6dcb88d38a185c7d,0.025281468829553552,large,shape,False,False,False,False,False,True,1,1,1,0,False,True,True,CHIN,CHIN_2f0656ffb562f4fc
FREG_e79dd71d2c9d9f84,MG1655,4558400,4571200,4564800,12800,WIN_large_b12fe68bd5129184,0.0067567567567567,large,shape,False,False,False,False,False,True,1,1,1,1,False,False,False,,
FREG_ca773dc177e53fd6,MG1655,4583600,4586800,4585200,3200,WIN_small_6cbccdc4b027ea9f,0.008263315532778306,small,shape,False,True,False,False,False,False,1,1,1,1,False,True,True,OPCID,OPCID_54d272e23bb92a3b
FREG_3f8b0de465607760,MG1655,4590400,4625600,4612800,35200,WIN_large_6aff5827c4204a95,0.016550606370156533,large,shape,False,False,False,False,False,True,1,4,3,2,False,True,True,CHIN,CHIN_6230ca4ce9b8e644;CHIN_623e8fe7b2afd1a8;CHIN_67d1ad42ef37c115
