window_id,split,chrom,start,end,known_structure_ids
WIN_6bbe790e432eb291,train,MG1655,440800,447200,OPCID_4421803242064dec
WIN_2f5298dc04a419b7,train,MG1655,441600,448000,OPCID_4421803242064dec
WIN_01658d08fa862a3e,train,MG1655,1289600,1296000,OPCID_3045d21bebe98beb
WIN_1978f20bde966d9d,validation,MG1655,3925600,3932000,OPCID_22365f72e65106b5
WIN_35f992f36c1ccf33,validation,MG1655,3926400,3932800,OPCID_22365f72e65106b5
WIN_3ed92b76cc84763b,validation,MG1655,3980000,3986400,OPCID_092946eccc52a81c
WIN_acd78e0e1e3c89c9,validation,MG1655,3980800,3987200,OPCID_092946eccc52a81c
WIN_348d3c58fa2453d2,validation,MG1655,3981600,3988000,OPCID_092946eccc52a81c
WIN_d3a54d5114a976d5,validation,MG1655,4001600,4008000,OPCID_092946eccc52a81c
WIN_ab0793061a5deb3a,validation,MG1655,4002400,4008800,OPCID_092946eccc52a81c
