budget,actual_coverage,union_coverage_bp,overshoot_bp,budget_reached,region_count,overall_recall,CHIN_recall,OPCID_recall,CHID_recall,overall_overlap_recall,CHIN_overlap_recall,OPCID_overlap_recall,CHID_overlap_recall
0.0,0.0,0,0.0,True,0,0.0,0.0,0.0,0.0,0.0,0.0,0.0,0.0
0.01,0.010341145781717371,48000,1583.479999999996,True,5,0.00872093023255814,0.0,0.04411764705882353,0.0,0.00872093023255814,0.0,0.04411764705882353,0.0
0.02,0.02240581586038764,104000,11166.959999999992,True,10,0.02616279069767442,0.004,0.11764705882352941,0.0,0.029069767441860465,0.004,0.1323529411764706,0.0
0.03,0.031023437345152113,144000,4750.440000000002,True,16,0.03197674418604651,0.004,0.14705882352941177,0.0,0.03488372093023256,0.004,0.16176470588235295,0.0
0.04,0.04188164041595535,194400,8733.919999999984,True,24,0.0436046511627907,0.012,0.17647058823529413,0.0,0.05232558139534884,0.016,0.19117647058823528,0.038461538461538464
0.05,0.05170572890858686,240000,7917.399999999994,True,32,0.061046511627906974,0.028,0.20588235294117646,0.0,0.07267441860465117,0.032,0.22058823529411764,0.07692307692307693
0.06,0.06135746497152307,284800,6300.880000000005,True,36,0.06686046511627906,0.032,0.22058823529411764,0.0,0.07848837209302326,0.036,0.23529411764705882,0.07692307692307693
0.07,0.07100920103445928,329600,4684.359999999986,True,40,0.08139534883720931,0.044,0.23529411764705882,0.038461538461538464,0.10174418604651163,0.056,0.2647058823529412,0.11538461538461539
0.08,0.08014387980830963,372000,667.8399999999674,True,44,0.08430232558139535,0.048,0.23529411764705882,0.038461538461538464,0.10755813953488372,0.06,0.27941176470588236,0.11538461538461539
0.09,0.09065737801972229,420800,3051.320000000007,True,49,0.10465116279069768,0.076,0.23529411764705882,0.038461538461538464,0.12790697674418605,0.088,0.27941176470588236,0.11538461538461539
0.1,0.1003091140826585,465600,1434.7999999999884,True,53,0.11627906976744186,0.088,0.25,0.038461538461538464,0.13953488372093023,0.1,0.29411764705882354,0.11538461538461539
0.11,0.1118567268722429,519200,8618.27999999997,True,58,0.11918604651162791,0.092,0.25,0.038461538461538464,0.14244186046511628,0.104,0.29411764705882354,0.11538461538461539
0.12,0.12047434835700738,559200,2201.7600000000093,True,62,0.12790697674418605,0.1,0.2647058823529412,0.038461538461538464,0.1511627906976744,0.112,0.3088235294117647,0.11538461538461539
0.13,0.13012608441994358,604000,585.2399999999907,True,69,0.13372093023255813,0.104,0.27941176470588236,0.038461538461538464,0.15988372093023256,0.116,0.3382352941176471,0.11538461538461539
0.14,0.14098428749074682,654400,4568.719999999972,True,74,0.14244186046511628,0.116,0.27941176470588236,0.038461538461538464,0.1686046511627907,0.128,0.3382352941176471,0.11538461538461539
0.15,0.15011896626459717,696800,552.2000000000698,True,78,0.1511627906976744,0.128,0.27941176470588236,0.038461538461538464,0.17732558139534885,0.14,0.3382352941176471,0.11538461538461539
0.16,0.16218363634326743,752800,10135.679999999935,True,84,0.16279069767441862,0.144,0.27941176470588236,0.038461538461538464,0.18895348837209303,0.152,0.35294117647058826,0.11538461538461539
0.17,0.17183537240620364,797600,8519.159999999916,True,88,0.1744186046511628,0.16,0.27941176470588236,0.038461538461538464,0.2180232558139535,0.184,0.35294117647058826,0.19230769230769232
0.18,0.18183181332853043,844000,8502.640000000014,True,93,0.18604651162790697,0.172,0.27941176470588236,0.07692307692307693,0.22965116279069767,0.196,0.35294117647058826,0.23076923076923078
0.19,0.19010472995390434,882400,486.11999999999534,True,98,0.2005813953488372,0.188,0.29411764705882354,0.07692307692307693,0.2441860465116279,0.212,0.36764705882352944,0.23076923076923078
0.2,0.20182469517318402,936800,8469.599999999977,True,103,0.2063953488372093,0.192,0.3088235294117647,0.07692307692307693,0.2558139534883721,0.22,0.39705882352941174,0.23076923076923078
0.21,0.21061466908764379,977600,2853.0800000000745,True,107,0.21220930232558138,0.2,0.3088235294117647,0.07692307692307693,0.26453488372093026,0.232,0.39705882352941174,0.23076923076923078
0.22,0.22043875758027529,1023200,2036.5599999999395,True,112,0.21511627906976744,0.204,0.3088235294117647,0.07692307692307693,0.26744186046511625,0.236,0.39705882352941174,0.23076923076923078
0.23,0.2319863703698597,1076800,9220.040000000037,True,119,0.21511627906976744,0.204,0.3088235294117647,0.07692307692307693,0.27325581395348836,0.236,0.4264705882352941,0.23076923076923078
0.24,0.2400869345655383,1114400,403.5200000000186,True,123,0.22674418604651161,0.216,0.3235294117647059,0.07692307692307693,0.2877906976744186,0.248,0.45588235294117646,0.23076923076923078
0.25,0.2502557279175604,1161600,1187.0,True,130,0.24127906976744187,0.228,0.3382352941176471,0.11538461538461539,0.3023255813953488,0.264,0.45588235294117646,0.2692307692307692
0.26,0.26059687369927775,1209600,2770.4799999999814,True,137,0.24709302325581395,0.232,0.35294117647058826,0.11538461538461539,0.3168604651162791,0.276,0.47058823529411764,0.3076923076923077
0.27,0.2705933146216046,1256000,2753.9599999999627,True,143,0.25290697674418605,0.24,0.35294117647058826,0.11538461538461539,0.3226744186046512,0.284,0.47058823529411764,0.3076923076923077
0.28,0.28024505068454075,1300800,1137.4399999999441,True,148,0.25290697674418605,0.24,0.35294117647058826,0.11538461538461539,0.32558139534883723,0.284,0.4852941176470588,0.3076923076923077
0.29,0.2902414916068676,1347200,1120.9200000001583,True,154,0.25872093023255816,0.244,0.36764705882352944,0.11538461538461539,0.3313953488372093,0.288,0.5,0.3076923076923077
0.3,0.3007549898182802,1396000,3504.4000000001397,True,160,0.27325581395348836,0.256,0.39705882352941174,0.11538461538461539,0.34593023255813954,0.304,0.5147058823529411,0.3076923076923077
0.31,0.3104067258812164,1440800,1887.880000000121,True,164,0.2877906976744186,0.272,0.39705882352941174,0.15384615384615385,0.37209302325581395,0.332,0.5147058823529411,0.38461538461538464
0.32,0.3207478716629338,1488800,3471.3599999998696,True,169,0.29651162790697677,0.284,0.39705882352941174,0.15384615384615385,0.38953488372093026,0.348,0.5441176470588235,0.38461538461538464
0.33,0.3305719601555653,1534400,2654.839999999851,True,175,0.30523255813953487,0.296,0.39705882352941174,0.15384615384615385,0.4011627906976744,0.356,0.5588235294117647,0.4230769230769231
0.34,0.3409131059372827,1582400,4238.319999999832,True,183,0.311046511627907,0.304,0.39705882352941174,0.15384615384615385,0.4069767441860465,0.364,0.5588235294117647,0.4230769230769231
0.35,0.3503924895705236,1626400,1821.8000000000466,True,187,0.32558139534883723,0.316,0.4117647058823529,0.19230769230769232,0.42151162790697677,0.376,0.5735294117647058,0.46153846153846156
0.36,0.3605612829225457,1673600,2605.280000000028,True,195,0.3313953488372093,0.324,0.4117647058823529,0.19230769230769232,0.4273255813953488,0.384,0.5735294117647058,0.46153846153846156
0.37,0.37090242870426304,1721600,4188.760000000009,True,200,0.33430232558139533,0.328,0.4117647058823529,0.19230769230769232,0.4331395348837209,0.392,0.5735294117647058,0.46153846153846156
0.38,0.3805541647671993,1766400,2572.2399999999907,True,207,0.3488372093023256,0.348,0.4117647058823529,0.19230769230769232,0.4563953488372093,0.42,0.5735294117647058,0.5
0.39,0.3912400154083072,1816000,5755.719999999972,True,212,0.35755813953488375,0.356,0.4264705882352941,0.19230769230769232,0.4680232558139535,0.428,0.6029411764705882,0.5
0.4,0.40054704661185286,1859200,2539.1999999999534,True,217,0.36046511627906974,0.36,0.4264705882352941,0.19230769230769232,0.47093023255813954,0.432,0.6029411764705882,0.5
