budget,actual_coverage,union_coverage_bp,overshoot_bp,budget_reached,region_count,overall_recall,CHIN_recall,OPCID_recall,CHID_recall,overall_overlap_recall,CHIN_overlap_recall,OPCID_overlap_recall,CHID_overlap_recall,method,evaluation,score_source,n_windows
0.05,0.05015455704132925,232800.0,717.3999999999942,True,30.0,0.05813953488372093,0.024,0.20588235294117646,0.0,0.07267441860465117,0.032,0.22058823529411764,0.07692307692307693,Density-only Z,region_coverage,current_calibrated_run_AE,
0.1,0.10082617137174436,468000.0,3834.7999999999884,True,60.0,0.09883720930232558,0.04,0.3382352941176471,0.038461538461538464,0.12790697674418605,0.068,0.35294117647058826,0.11538461538461539,Density-only Z,region_coverage,current_calibrated_run_AE,
0.2,0.20044587573562173,930400.0,2069.5999999999767,True,134.0,0.2558139534883721,0.188,0.5441176470588235,0.15384615384615385,0.28488372093023256,0.212,0.5588235294117647,0.2692307692307692,Density-only Z,region_coverage,current_calibrated_run_AE,
0.3,0.30023793252919434,1393600.0,1104.4000000001397,True,217.0,0.3488372093023256,0.268,0.6911764705882353,0.23076923076923078,0.3691860465116279,0.284,0.6911764705882353,0.34615384615384615,Density-only Z,region_coverage,current_calibrated_run_AE,
0.01,0.023095225579168797,,,,,0.02616279069767442,0.004,0.11764705882352941,0.0,0.03197674418604651,0.008,0.1323529411764706,0.0,Density-only Z,auxiliary_window_fraction,current_calibrated_run_AE,58.0
0.02,0.04153693555656478,,,,,0.055232558139534885,0.016,0.22058823529411764,0.0,0.06976744186046512,0.024,0.23529411764705882,0.07692307692307693,Density-only Z,auxiliary_window_fraction,current_calibrated_run_AE,116.0
0.05,0.10134322866083025,,,,,0.12790697674418605,0.068,0.38235294117647056,0.038461538461538464,0.16279069767441862,0.1,0.4117647058823529,0.11538461538461539,Density-only Z,auxiliary_window_fraction,current_calibrated_run_AE,290.0
0.1,0.17838476473462467,,,,,0.2238372093023256,0.148,0.5441176470588235,0.11538461538461539,0.26744186046511625,0.196,0.5441176470588235,0.23076923076923078,Density-only Z,auxiliary_window_fraction,current_calibrated_run_AE,580.0
0.2,0.32764196885074537,,,,,0.38953488372093026,0.292,0.7941176470588235,0.2692307692307692,0.4273255813953488,0.324,0.8088235294117647,0.4230769230769231,Density-only Z,auxiliary_window_fraction,current_calibrated_run_AE,1159.0
0.05,0.05170572890858686,240000.0,7917.399999999994,True,23.0,0.06395348837209303,0.044,0.14705882352941177,0.038461538461538464,0.08139534883720931,0.056,0.17647058823529413,0.07692307692307693,Shape-only Z,region_coverage,current_calibrated_run_AE,
0.1,0.1003091140826585,465600.0,1434.7999999999884,True,46.0,0.09011627906976744,0.076,0.16176470588235295,0.038461538461538464,0.11046511627906977,0.092,0.19117647058823528,0.07692307692307693,Shape-only Z,region_coverage,current_calibrated_run_AE,
0.2,0.20027352330592643,929600.0,1269.5999999999767,True,97.0,0.18604651162790697,0.192,0.20588235294117646,0.07692307692307693,0.23255813953488372,0.22,0.29411764705882354,0.19230769230769232,Shape-only Z,region_coverage,current_calibrated_run_AE,
0.3,0.30041028495888966,1394400.0,1904.4000000001397,True,152.0,0.2761627906976744,0.284,0.2647058823529412,0.23076923076923078,0.34011627906976744,0.328,0.36764705882352944,0.38461538461538464,Shape-only Z,region_coverage,current_calibrated_run_AE,
0.01,0.05015455704132925,,,,,0.05232558139534884,0.036,0.11764705882352941,0.038461538461538464,0.0755813953488372,0.06,0.14705882352941177,0.038461538461538464,Shape-only Z,auxiliary_window_fraction,current_calibrated_run_AE,58.0
0.02,0.08738268185551179,,,,,0.061046511627906974,0.048,0.11764705882352941,0.038461538461538464,0.10755813953488372,0.092,0.19117647058823528,0.038461538461538464,Shape-only Z,auxiliary_window_fraction,current_calibrated_run_AE,116.0
0.05,0.17855711716431993,,,,,0.12790697674418605,0.136,0.1323529411764706,0.038461538461538464,0.2063953488372093,0.204,0.23529411764705882,0.15384615384615385,Shape-only Z,auxiliary_window_fraction,current_calibrated_run_AE,290.0
0.1,0.30644261999822475,,,,,0.19767441860465115,0.228,0.14705882352941177,0.038461538461538464,0.34011627906976744,0.336,0.3088235294117647,0.46153846153846156,Shape-only Z,auxiliary_window_fraction,current_calibrated_run_AE,580.0
0.2,0.4932726537879186,,,,,0.31976744186046513,0.368,0.20588235294117646,0.15384615384615385,0.5465116279069767,0.536,0.5588235294117647,0.6153846153846154,Shape-only Z,auxiliary_window_fraction,current_calibrated_run_AE,1159.0
0.05,0.05239513862736801,243200.0,11117.399999999994,True,30.0,0.055232558139534885,0.02,0.20588235294117646,0.0,0.06686046511627906,0.028,0.22058823529411764,0.038461538461538464,Legacy Mean Z,region_coverage,current_calibrated_run_AE,
0.1,0.10186028594991611,472800.0,8634.799999999988,True,61.0,0.09011627906976744,0.028,0.35294117647058826,0.0,0.12209302325581395,0.056,0.36764705882352944,0.11538461538461539,Legacy Mean Z,region_coverage,current_calibrated_run_AE,
0.2,0.20010117087623114,928800.0,469.5999999999767,True,122.0,0.24127906976744187,0.172,0.5441176470588235,0.11538461538461539,0.2936046511627907,0.22,0.5441176470588235,0.34615384615384615,Legacy Mean Z,region_coverage,current_calibrated_run_AE,
0.3,0.30178910439645196,1400800.0,8304.40000000014,True,191.0,0.31976744186046513,0.248,0.6470588235294118,0.15384615384615385,0.37790697674418605,0.3,0.6617647058823529,0.38461538461538464,Legacy Mean Z,region_coverage,current_calibrated_run_AE,
0.01,0.02188875857130177,,,,,0.023255813953488372,0.004,0.10294117647058823,0.0,0.029069767441860465,0.008,0.11764705882352941,0.0,Legacy Mean Z,auxiliary_window_fraction,current_calibrated_run_AE,58.0
0.02,0.041709287986260064,,,,,0.05232558139534884,0.016,0.20588235294117646,0.0,0.061046511627906974,0.02,0.22058823529411764,0.038461538461538464,Legacy Mean Z,auxiliary_window_fraction,current_calibrated_run_AE,116.0
0.05,0.10272204809839255,,,,,0.13372093023255813,0.068,0.4117647058823529,0.038461538461538464,0.15406976744186046,0.084,0.4264705882352941,0.11538461538461539,Legacy Mean Z,auxiliary_window_fraction,current_calibrated_run_AE,290.0
0.1,0.20492703890769925,,,,,0.24127906976744187,0.156,0.6029411764705882,0.11538461538461539,0.27906976744186046,0.196,0.6029411764705882,0.23076923076923078,Legacy Mean Z,auxiliary_window_fraction,current_calibrated_run_AE,580.0
0.2,0.3784859356108558,,,,,0.34593023255813954,0.26,0.7352941176470589,0.15384615384615385,0.42441860465116277,0.336,0.7794117647058824,0.34615384615384615,Legacy Mean Z,auxiliary_window_fraction,current_calibrated_run_AE,1159.0
0.05,0.05049926190071983,234400.0,2317.399999999994,True,30.0,0.061046511627906974,0.024,0.22058823529411764,0.0,0.07267441860465117,0.032,0.22058823529411764,0.07692307692307693,Refined OR-Max Z,region_coverage,current_calibrated_run_AE,
0.1,0.10048146651235379,466400.0,2234.7999999999884,True,59.0,0.09011627906976744,0.032,0.3382352941176471,0.0,0.125,0.064,0.35294117647058826,0.11538461538461539,Refined OR-Max Z,region_coverage,current_calibrated_run_AE,
0.2,0.20079058059501229,932000.0,3669.5999999999767,True,134.0,0.2558139534883721,0.188,0.5441176470588235,0.15384615384615385,0.2877906976744186,0.216,0.5588235294117647,0.2692307692307692,Refined OR-Max Z,region_coverage,current_calibrated_run_AE,
0.3,0.3000655800994991,1392800.0,304.4000000001397,True,215.0,0.3488372093023256,0.272,0.6764705882352942,0.23076923076923078,0.37209302325581395,0.292,0.6764705882352942,0.34615384615384615,Refined OR-Max Z,region_coverage,current_calibrated_run_AE,
0.01,0.023095225579168797,,,,,0.02616279069767442,0.004,0.11764705882352941,0.0,0.03197674418604651,0.008,0.1323529411764706,0.0,Refined OR-Max Z,auxiliary_window_fraction,current_calibrated_run_AE,58.0
0.02,0.04153693555656478,,,,,0.055232558139534885,0.016,0.22058823529411764,0.0,0.06976744186046512,0.024,0.23529411764705882,0.07692307692307693,Refined OR-Max Z,auxiliary_window_fraction,current_calibrated_run_AE,116.0
0.05,0.10134322866083025,,,,,0.12790697674418605,0.068,0.38235294117647056,0.038461538461538464,0.16279069767441862,0.1,0.4117647058823529,0.11538461538461539,Refined OR-Max Z,auxiliary_window_fraction,current_calibrated_run_AE,290.0
0.1,0.17838476473462467,,,,,0.2238372093023256,0.148,0.5441176470588235,0.11538461538461539,0.26744186046511625,0.196,0.5441176470588235,0.23076923076923078,Refined OR-Max Z,auxiliary_window_fraction,current_calibrated_run_AE,580.0
0.2,0.3441878021014932,,,,,0.4127906976744186,0.316,0.8088235294117647,0.3076923076923077,0.4622093023255814,0.364,0.8235294117647058,0.46153846153846156,Refined OR-Max Z,auxiliary_window_fraction,current_calibrated_run_AE,1159.0
0.05,0.05170572890858686,240000.0,7917.399999999994,True,32.0,0.061046511627906974,0.028,0.20588235294117646,0.0,0.07267441860465117,0.032,0.22058823529411764,0.07692307692307693,Calibrated Density,region_coverage,current_calibrated_run_AE,
0.1,0.10082617137174436,468000.0,3834.7999999999884,True,61.0,0.09883720930232558,0.044,0.3382352941176471,0.0,0.12790697674418605,0.064,0.36764705882352944,0.11538461538461539,Calibrated Density,region_coverage,current_calibrated_run_AE,
0.2,0.20096293302470758,932800.0,4469.599999999977,True,134.0,0.2558139534883721,0.192,0.5441176470588235,0.11538461538461539,0.2819767441860465,0.208,0.5588235294117647,0.2692307692307692,Calibrated Density,region_coverage,current_calibrated_run_AE,
0.3,0.30058263738858493,1395200.0,2704.4000000001397,True,219.0,0.34593023255813954,0.268,0.6911764705882353,0.19230769230769232,0.375,0.284,0.7205882352941176,0.34615384615384615,Calibrated Density,region_coverage,current_calibrated_run_AE,
0.01,0.031540494634237984,,,,,0.03488372093023256,0.004,0.16176470588235295,0.0,0.04941860465116279,0.012,0.19117647058823528,0.038461538461538464,Calibrated Density,auxiliary_window_fraction,current_calibrated_run_AE,58.0
0.02,0.040502820978393035,,,,,0.04941860465116279,0.012,0.20588235294117646,0.0,0.06686046511627906,0.024,0.22058823529411764,0.07692307692307693,Calibrated Density,auxiliary_window_fraction,current_calibrated_run_AE,116.0
0.05,0.10272204809839255,,,,,0.1511627906976744,0.096,0.38235294117647056,0.07692307692307693,0.18895348837209303,0.132,0.4117647058823529,0.15384615384615385,Calibrated Density,auxiliary_window_fraction,current_calibrated_run_AE,290.0
0.1,0.17717829772675764,,,,,0.2238372093023256,0.148,0.5441176470588235,0.11538461538461539,0.26744186046511625,0.196,0.5441176470588235,0.23076923076923078,Calibrated Density,auxiliary_window_fraction,current_calibrated_run_AE,580.0
0.2,0.32764196885074537,,,,,0.38953488372093026,0.292,0.7941176470588235,0.2692307692307692,0.42441860465116277,0.32,0.8088235294117647,0.4230769230769231,Calibrated Density,auxiliary_window_fraction,current_calibrated_run_AE,1159.0
0.05,0.05118867161950099,237600.0,5517.399999999994,True,22.0,0.06395348837209303,0.06,0.08823529411764706,0.038461538461538464,0.0755813953488372,0.068,0.11764705882352941,0.038461538461538464,Calibrated Shape,region_coverage,current_calibrated_run_AE,
0.1,0.10082617137174436,468000.0,3834.7999999999884,True,45.0,0.09883720930232558,0.1,0.11764705882352941,0.038461538461538464,0.11337209302325581,0.108,0.16176470588235295,0.038461538461538464,Calibrated Shape,region_coverage,current_calibrated_run_AE,
0.2,0.20079058059501229,932000.0,3669.5999999999767,True,98.0,0.18895348837209303,0.2,0.17647058823529413,0.11538461538461539,0.23837209302325582,0.228,0.27941176470588236,0.23076923076923078,Calibrated Shape,region_coverage,current_calibrated_run_AE,
0.3,0.3019614568261472,1401600.0,9104.40000000014,True,154.0,0.2761627906976744,0.296,0.23529411764705882,0.19230769230769232,0.35174418604651164,0.344,0.36764705882352944,0.38461538461538464,Calibrated Shape,region_coverage,current_calibrated_run_AE,
0.01,0.05118867161950099,,,,,0.0436046511627907,0.032,0.08823529411764706,0.038461538461538464,0.0755813953488372,0.068,0.11764705882352941,0.038461538461538464,Calibrated Shape,auxiliary_window_fraction,current_calibrated_run_AE,58.0
0.02,0.08979561587124583,,,,,0.07267441860465117,0.072,0.08823529411764706,0.038461538461538464,0.12209302325581395,0.116,0.14705882352941177,0.11538461538461539,Calibrated Shape,auxiliary_window_fraction,current_calibrated_run_AE,116.0
0.05,0.18131475603944458,,,,,0.12790697674418605,0.14,0.11764705882352941,0.038461538461538464,0.2180232558139535,0.22,0.19117647058823528,0.2692307692307692,Calibrated Shape,auxiliary_window_fraction,current_calibrated_run_AE,290.0
0.1,0.30471909570127187,,,,,0.18895348837209303,0.216,0.14705882352941177,0.038461538461538464,0.3313953488372093,0.328,0.29411764705882354,0.46153846153846156,Calibrated Shape,auxiliary_window_fraction,current_calibrated_run_AE,580.0
0.2,0.4984432266787773,,,,,0.311046511627907,0.36,0.20588235294117646,0.11538461538461539,0.5436046511627907,0.532,0.5588235294117647,0.6153846153846154,Calibrated Shape,auxiliary_window_fraction,current_calibrated_run_AE,1159.0
0.05,0.05170572890858686,240000.0,7917.399999999994,True,32.0,0.061046511627906974,0.028,0.20588235294117646,0.0,0.07267441860465117,0.032,0.22058823529411764,0.07692307692307693,Calibrated OR,region_coverage,current_calibrated_run_AE,
0.1,0.1003091140826585,465600.0,1434.7999999999884,True,53.0,0.11627906976744186,0.088,0.25,0.038461538461538464,0.13953488372093023,0.1,0.29411764705882354,0.11538461538461539,Calibrated OR,region_coverage,current_calibrated_run_AE,
0.2,0.20182469517318402,936800.0,8469.599999999977,True,103.0,0.2063953488372093,0.192,0.3088235294117647,0.07692307692307693,0.2558139534883721,0.22,0.39705882352941174,0.23076923076923078,Calibrated OR,region_coverage,current_calibrated_run_AE,
0.3,0.3007549898182802,1396000.0,3504.4000000001397,True,160.0,0.27325581395348836,0.256,0.39705882352941174,0.11538461538461539,0.34593023255813954,0.304,0.5147058823529411,0.3076923076923077,Calibrated OR,region_coverage,current_calibrated_run_AE,
0.01,0.031540494634237984,,,,,0.03488372093023256,0.004,0.16176470588235295,0.0,0.04941860465116279,0.012,0.19117647058823528,0.038461538461538464,Calibrated OR,auxiliary_window_fraction,current_calibrated_run_AE,58.0
0.02,0.040502820978393035,,,,,0.04941860465116279,0.012,0.20588235294117646,0.0,0.06686046511627906,0.024,0.22058823529411764,0.07692307692307693,Calibrated OR,auxiliary_window_fraction,current_calibrated_run_AE,116.0
0.05,0.15373836728819826,,,,,0.125,0.1,0.25,0.038461538461538464,0.20930232558139536,0.172,0.35294117647058826,0.19230769230769232,Calibrated OR,auxiliary_window_fraction,current_calibrated_run_AE,290.0
0.1,0.28524327114570414,,,,,0.20348837209302326,0.196,0.29411764705882354,0.038461538461538464,0.32848837209302323,0.296,0.39705882352941174,0.46153846153846156,Calibrated OR,auxiliary_window_fraction,current_calibrated_run_AE,580.0
0.2,0.4855167944516306,,,,,0.40988372093023256,0.404,0.5294117647058824,0.15384615384615385,0.563953488372093,0.528,0.6764705882352942,0.6153846153846154,Calibrated OR,auxiliary_window_fraction,current_calibrated_run_AE,1159.0
