method,candidate_fraction,n_windows,union_coverage_bp,overall_recall,CHIN_recall,OPCID_recall,CHID_recall
density_only,0.01,58,107200,0.02616279069767442,0.004,0.11764705882352941,0.0
density_only,0.02,116,192800,0.055232558139534885,0.016,0.22058823529411764,0.0
density_only,0.05,290,470400,0.12790697674418605,0.068,0.38235294117647056,0.038461538461538464
density_only,0.1,580,828000,0.2238372093023256,0.148,0.5441176470588235,0.11538461538461539
density_only,0.2,1159,1520800,0.38953488372093026,0.292,0.7941176470588235,0.2692307692307692
shape_only,0.01,58,220000,0.040697674418604654,0.032,0.07352941176470588,0.038461538461538464
shape_only,0.02,116,409600,0.04941860465116279,0.044,0.07352941176470588,0.038461538461538464
shape_only,0.05,290,838400,0.11337209302325581,0.128,0.08823529411764706,0.038461538461538464
shape_only,0.1,580,1432000,0.18604651162790697,0.224,0.10294117647058823,0.038461538461538464
shape_only,0.2,1159,2296800,0.3081395348837209,0.364,0.17647058823529413,0.11538461538461539
legacy_mean,0.01,58,103200,0.023255813953488372,0.004,0.10294117647058823,0.0
legacy_mean,0.02,116,199200,0.055232558139534885,0.016,0.22058823529411764,0.0
legacy_mean,0.05,290,483200,0.13372093023255813,0.068,0.4117647058823529,0.038461538461538464
legacy_mean,0.1,580,924800,0.23837209302325582,0.148,0.6176470588235294,0.11538461538461539
legacy_mean,0.2,1159,1740800,0.33430232558139533,0.248,0.7352941176470589,0.11538461538461539
or_max,0.01,58,101600,0.023255813953488372,0.004,0.10294117647058823,0.0
or_max,0.02,116,192800,0.055232558139534885,0.016,0.22058823529411764,0.0
or_max,0.05,290,470400,0.12790697674418605,0.068,0.38235294117647056,0.038461538461538464
or_max,0.1,580,839200,0.22965116279069767,0.156,0.5441176470588235,0.11538461538461539
or_max,0.2,1159,1627200,0.4127906976744186,0.316,0.8088235294117647,0.3076923076923077
positive_sum,0.01,58,102400,0.023255813953488372,0.004,0.10294117647058823,0.0
positive_sum,0.02,116,192800,0.055232558139534885,0.016,0.22058823529411764,0.0
positive_sum,0.05,290,470400,0.12790697674418605,0.068,0.38235294117647056,0.038461538461538464
positive_sum,0.1,580,840000,0.2238372093023256,0.148,0.5441176470588235,0.11538461538461539
positive_sum,0.2,1159,1648000,0.39825581395348836,0.304,0.7941176470588235,0.2692307692307692
