method,candidate_fraction,detector_recall,n_windows,target_union_coverage_bp,window_count_random_mean,window_count_random_std,window_count_random_ci_low,window_count_random_ci_high,coverage_random_mean,coverage_random_std,coverage_random_ci_low,coverage_random_ci_high,coverage_achieved_bp_mean,coverage_match_rate,random_repeats,CHIN_window_count_random_mean,CHIN_coverage_random_mean,CHIN_coverage_random_ci_low,CHIN_coverage_random_ci_high,OPCID_window_count_random_mean,OPCID_coverage_random_mean,OPCID_coverage_random_ci_low,OPCID_coverage_random_ci_high,CHID_window_count_random_mean,CHID_coverage_random_mean,CHID_coverage_random_ci_low,CHID_coverage_random_ci_high
density_only,0.01,0.02616279069767442,58,107200,0.0783139534883721,0.018549245260376056,0.0436046511627907,0.11933139534883716,0.02244186046511628,0.009474068676393419,0.00872093023255814,0.040697674418604654,107200.0,1.0,100,0.07872,0.023200000000000002,0.008,0.04609999999999997,0.07411764705882352,0.021911764705882346,0.0,0.058823529411764705,0.08538461538461538,0.016538461538461544,0.0,0.07692307692307693
density_only,0.02,0.055232558139534885,116,192800,0.15046511627906978,0.023670431884361805,0.10755813953488372,0.19767441860465115,0.04267441860465116,0.013751444193786296,0.0217296511627907,0.06838662790697672,192800.0,1.0,100,0.15052,0.04247999999999999,0.0179,0.068,0.1497058823529412,0.0426470588235294,0.0,0.10294117647058823,0.1519230769230769,0.04461538461538462,0.0,0.13557692307692276
density_only,0.05,0.12790697674418605,290,470400,0.33186046511627915,0.02994812533239475,0.270203488372093,0.382485465116279,0.09994186046511626,0.019676517975847938,0.06380813953488372,0.13815406976744182,470400.0,1.0,100,0.32931999999999995,0.09996000000000001,0.0619,0.14609999999999995,0.3394117647058824,0.10029411764705883,0.04411764705882353,0.16948529411764696,0.3365384615384615,0.09884615384615385,0.0,0.23076923076923078
density_only,0.1,0.2238372093023256,580,828000,0.5680232558139535,0.031674042957851714,0.5116279069767442,0.6280523255813953,0.18113372093023256,0.026818951988772696,0.1364825581395349,0.23408430232558136,828000.0,1.0,100,0.5691200000000001,0.18336000000000002,0.132,0.24039999999999986,0.5638235294117646,0.17235294117647057,0.09522058823529411,0.25,0.5684615384615384,0.1826923076923077,0.038461538461538464,0.3076923076923077
density_only,0.2,0.38953488372093026,1159,1520800,0.8349127906976744,0.027901813354695416,0.7804505813953488,0.8794331395348837,0.330843023255814,0.030793913514177745,0.2760174418604651,0.39549418604651154,1520800.0,1.0,100,0.83492,0.3296,0.26990000000000003,0.40609999999999996,0.8305882352941176,0.3338235294117648,0.20588235294117646,0.44889705882352926,0.8461538461538463,0.3350000000000001,0.15384615384615385,0.4817307692307689
shape_only,0.01,0.040697674418604654,58,220000,0.07796511627906978,0.019148041993079602,0.04484011627906977,0.12238372093023246,0.049796511627906985,0.015024627115397354,0.023255813953488372,0.08139534883720931,220000.0,1.0,100,0.07812,0.05007999999999999,0.016,0.09009999999999996,0.07808823529411764,0.0475,0.014705882352941176,0.10294117647058823,0.07615384615384616,0.05307692307692306,0.0,0.15384615384615385
shape_only,0.02,0.04941860465116279,116,409600,0.14875000000000002,0.02238204086114108,0.11337209302325581,0.19629360465116277,0.0869186046511628,0.022582925127211575,0.05370639534883721,0.1396802325581395,409600.0,1.0,100,0.14887999999999998,0.08644,0.047799999999999995,0.14609999999999995,0.1475,0.09044117647058826,0.029411764705882353,0.15477941176470578,0.15076923076923077,0.0823076923076923,0.0,0.2124999999999997
shape_only,0.05,0.11337209302325581,290,838400,0.33988372093023256,0.03628410072451425,0.2760174418604651,0.4144622093023255,0.18194767441860463,0.027077345374021733,0.13800872093023256,0.23713662790697668,838400.0,1.0,100,0.34075999999999995,0.18203999999999998,0.12990000000000002,0.2501,0.33602941176470597,0.18014705882352938,0.10294117647058823,0.2801470588235292,0.3415384615384616,0.1857692307692308,0.038461538461538464,0.34615384615384615
shape_only,0.1,0.18604651162790697,580,1432000,0.5688372093023256,0.03075323108686817,0.514389534883721,0.6294331395348837,0.3049709302325581,0.03515662388629982,0.2513808139534884,0.37957848837209296,1432000.0,1.0,100,0.56684,0.30487999999999993,0.2278,0.3902999999999999,0.5769117647058823,0.3048529411764706,0.22058823529411764,0.4047794117647057,0.566923076923077,0.3061538461538461,0.15384615384615385,0.5
shape_only,0.2,0.3081395348837209,1159,2296800,0.8305232558139534,0.024544594683501966,0.7804505813953488,0.8765261627906976,0.4969767441860464,0.03311382111338169,0.45058139534883723,0.5598110465116278,2296800.0,1.0,100,0.83272,0.49556000000000006,0.4253,0.5660999999999999,0.8233823529411766,0.5001470588235295,0.4117647058823529,0.6183823529411762,0.828076923076923,0.5023076923076923,0.34615384615384615,0.6923076923076923
legacy_mean,0.01,0.023255813953488372,58,103200,0.07718023255813954,0.020915591616971763,0.046511627906976744,0.12071220930232555,0.02130813953488372,0.0111988803113146,0.005813953488372093,0.05399709302325574,103200.0,1.0,100,0.07819999999999999,0.0208,0.005900000000000001,0.058099999999999964,0.0726470588235294,0.023823529411764702,0.0,0.058823529411764705,0.07923076923076923,0.019615384615384614,0.0,0.07692307692307693
legacy_mean,0.02,0.055232558139534885,116,199200,0.15377906976744188,0.02828146266268286,0.10465116279069768,0.21235465116279065,0.04331395348837209,0.011847490623438857,0.023255813953488372,0.06686046511627906,199200.0,1.0,100,0.15511999999999998,0.04367999999999998,0.0179,0.072,0.14632352941176474,0.04147058823529411,0.00698529411764706,0.09595588235294106,0.16038461538461538,0.04461538461538462,0.0,0.11538461538461539
legacy_mean,0.05,0.13372093023255813,290,483200,0.34008720930232555,0.030889264593339877,0.27449127906976745,0.3910610465116279,0.10345930232558138,0.023993020973511664,0.06395348837209303,0.14825581395348839,483200.0,1.0,100,0.33964,0.10379999999999998,0.055600000000000004,0.15009999999999996,0.344264705882353,0.10323529411764705,0.04411764705882353,0.16948529411764696,0.3334615384615384,0.10076923076923076,0.0,0.23076923076923078
legacy_mean,0.1,0.23837209302325582,580,924800,0.5726162790697675,0.03695630742829228,0.4941860465116279,0.6352470930232558,0.20148255813953486,0.028526004451414882,0.1511627906976744,0.25,924800.0,1.0,100,0.57516,0.20268,0.144,0.26039999999999985,0.5648529411764706,0.19749999999999995,0.08823529411764706,0.28713235294117634,0.5684615384615386,0.20038461538461536,0.05673076923076924,0.34615384615384615
legacy_mean,0.2,0.33430232558139533,1159,1740800,0.8316860465116278,0.027698775191451048,0.7775436046511628,0.8794331395348837,0.37029069767441863,0.03578246312633854,0.3021802325581395,0.43510174418604636,1740800.0,1.0,100,0.83084,0.3685599999999999,0.2998,0.4525999999999998,0.8344117647058824,0.3807352941176471,0.2647058823529412,0.47058823529411764,0.8326923076923076,0.35961538461538467,0.19230769230769232,0.5201923076923074
or_max,0.01,0.023255813953488372,58,101600,0.07479651162790697,0.020219083825191594,0.039171511627906976,0.11627906976744186,0.022180232558139532,0.010646482354903014,0.005813953488372093,0.048037790697674394,101600.0,1.0,100,0.07411999999999999,0.0216,0.004,0.04609999999999997,0.07735294117647058,0.02573529411764706,0.0,0.058823529411764705,0.07461538461538461,0.018461538461538463,0.0,0.07692307692307693
or_max,0.02,0.055232558139534885,116,192800,0.14828488372093027,0.024239706657743082,0.10297965116279069,0.18757267441860462,0.040930232558139525,0.012762124533431512,0.0217296511627907,0.06686046511627906,192800.0,1.0,100,0.14684,0.0406,0.02,0.072,0.1536764705882353,0.04352941176470588,0.0,0.08823529411764706,0.14807692307692308,0.037307692307692306,0.0,0.11538461538461539
or_max,0.05,0.12790697674418605,290,470400,0.3420058139534883,0.029325546239582053,0.2905523255813954,0.3939680232558139,0.0984593023255814,0.021181689587226164,0.061046511627906974,0.14120639534883714,470400.0,1.0,100,0.3425599999999999,0.09860000000000001,0.055799999999999995,0.14609999999999995,0.3411764705882353,0.09735294117647059,0.04411764705882353,0.16176470588235295,0.33884615384615385,0.09999999999999998,0.0,0.23076923076923078
or_max,0.1,0.22965116279069767,580,839200,0.5721802325581395,0.03909868591653965,0.5009447674418605,0.646875,0.17828488372093024,0.02415785127009647,0.1291424418604651,0.22245639534883718,839200.0,1.0,100,0.5701199999999998,0.17944,0.1278,0.23219999999999993,0.5752941176470587,0.17308823529411768,0.08823529411764706,0.25,0.5838461538461539,0.18076923076923077,0.07692307692307693,0.3076923076923077
or_max,0.2,0.4127906976744186,1159,1627200,0.8294767441860464,0.02570734060021636,0.7731104651162791,0.8808139534883721,0.3498546511627907,0.03295382225216951,0.2905523255813954,0.42027616279069757,1627200.0,1.0,100,0.8296400000000002,0.3518800000000001,0.28,0.4321999999999999,0.8279411764705884,0.34117647058823536,0.25,0.4419117647058821,0.8319230769230771,0.3530769230769231,0.19230769230769232,0.5384615384615384
positive_sum,0.01,0.023255813953488372,58,102400,0.07418604651162791,0.015914098093134325,0.046511627906976744,0.10465116279069768,0.021831395348837206,0.009450983320375288,0.005813953488372093,0.03931686046511625,102400.0,1.0,100,0.07336,0.022000000000000002,0.004,0.04609999999999997,0.07749999999999999,0.021617647058823523,0.0,0.058823529411764705,0.07346153846153845,0.020769230769230766,0.0,0.07692307692307693
positive_sum,0.02,0.055232558139534885,116,192800,0.14997093023255817,0.022726888456115167,0.11031976744186046,0.19781976744186042,0.04139534883720929,0.014418839082865382,0.01438953488372093,0.06976744186046512,192800.0,1.0,100,0.15028,0.0414,0.013900000000000001,0.076,0.1489705882352941,0.04044117647058823,0.0,0.08823529411764706,0.1496153846153846,0.04384615384615384,0.0,0.13557692307692276
positive_sum,0.05,0.12790697674418605,290,470400,0.3394186046511628,0.03569814786444622,0.26271802325581395,0.4127906976744186,0.10325581395348836,0.02166616396360423,0.06686046511627906,0.14978197674418603,470400.0,1.0,100,0.34251999999999994,0.1036,0.0579,0.152,0.3304411764705882,0.10250000000000002,0.05110294117647059,0.16948529411764696,0.33307692307692305,0.10192307692307692,0.0,0.2509615384615381
positive_sum,0.1,0.2238372093023256,580,840000,0.5708720930232558,0.034289463493210916,0.49832848837209304,0.6294331395348837,0.18595930232558142,0.026650667509298606,0.14244186046511628,0.22827034883720926,840000.0,1.0,100,0.571,0.1864,0.1276,0.24,0.5670588235294116,0.18514705882352944,0.11764705882352941,0.2647058823529412,0.5796153846153846,0.18384615384615383,0.07692307692307693,0.34615384615384615
positive_sum,0.2,0.39825581395348836,1159,1648000,0.832936046511628,0.0285578619740697,0.7744912790697674,0.8765261627906976,0.34991279069767445,0.0373105793766791,0.2775436046511628,0.42594476744186044,1648000.0,1.0,100,0.8321200000000001,0.34931999999999996,0.276,0.4341,0.835,0.3560294117647057,0.25,0.46360294117647044,0.8353846153846155,0.33961538461538454,0.19230769230769232,0.5201923076923074
