detector,budget,actual_coverage,union_coverage_bp,region_count,budget_reached,overall_recall,CHIN_recall,OPCID_recall,CHID_recall,overall_overlap_recall,CHIN_overlap_recall,OPCID_overlap_recall,CHID_overlap_recall
small,0.05,0.050585438115567476,234800,87,True,0.06976744186046512,0.024,0.25,0.038461538461538464,0.09883720930232558,0.048,0.29411764705882354,0.07692307692307693
small,0.1,0.10065381894204908,467200,169,True,0.13372093023255813,0.064,0.39705882352941174,0.11538461538461539,0.20348837209302326,0.128,0.4852941176470588,0.19230769230769232
small,0.2,0.20018734709107877,929200,357,True,0.26744186046511625,0.18,0.5882352941176471,0.2692307692307692,0.3953488372093023,0.304,0.7058823529411765,0.46153846153846156
small,0.3,0.300324108744042,1394000,546,True,0.4011627906976744,0.292,0.8088235294117647,0.38461538461538464,0.5261627906976745,0.416,0.8676470588235294,0.6923076923076923
medium,0.05,0.05032690947102454,233600,44,True,0.06976744186046512,0.032,0.23529411764705882,0.0,0.0755813953488372,0.036,0.23529411764705882,0.038461538461538464
medium,0.1,0.10065381894204908,467200,84,True,0.10465116279069768,0.052,0.3235294117647059,0.038461538461538464,0.13953488372093023,0.084,0.36764705882352944,0.07692307692307693
medium,0.2,0.200618228165317,931200,170,True,0.22965116279069767,0.172,0.4852941176470588,0.11538461538461539,0.313953488372093,0.252,0.5588235294117647,0.2692307692307692
medium,0.3,0.3000655800994991,1392800,265,True,0.27906976744186046,0.208,0.5882352941176471,0.15384615384615385,0.3866279069767442,0.324,0.6323529411764706,0.34615384615384615
large,0.05,0.05032690947102454,233600,19,True,0.040697674418604654,0.028,0.10294117647058823,0.0,0.04941860465116279,0.032,0.1323529411764706,0.0
large,0.1,0.1003091140826585,465600,40,True,0.08430232558139535,0.064,0.19117647058823528,0.0,0.0872093023255814,0.068,0.19117647058823528,0.0
large,0.2,0.200618228165317,931200,81,True,0.17151162790697674,0.152,0.27941176470588236,0.07692307692307693,0.20348837209302326,0.168,0.3382352941176471,0.19230769230769232
large,0.3,0.30058263738858493,1395200,125,True,0.29069767441860467,0.276,0.39705882352941174,0.15384615384615385,0.3313953488372093,0.3,0.45588235294117646,0.3076923076923077
multiscale,0.05,0.05041308568587218,234000,79,True,0.0755813953488372,0.024,0.27941176470588236,0.038461538461538464,0.10465116279069768,0.052,0.3088235294117647,0.07692307692307693
multiscale,0.1,0.10091234758659201,468400,109,True,0.11337209302325581,0.076,0.27941176470588236,0.038461538461538464,0.14534883720930233,0.108,0.3088235294117647,0.07692307692307693
multiscale,0.2,0.20010117087623114,928800,205,True,0.2238372093023256,0.168,0.4411764705882353,0.19230769230769232,0.3023255813953488,0.248,0.5,0.3076923076923077
multiscale,0.3,0.3011858708925184,1398000,337,True,0.31976744186046513,0.26,0.5441176470588235,0.3076923076923077,0.45058139534883723,0.392,0.6617647058823529,0.46153846153846156
