structure_id,type,genomic_group_id,split
CHIN_d2deb5271c6a5cdd,CHIN,group_0001,train
CHIN_e75b43fe8984729d,CHIN,group_0002,test
CHIN_ec0a221413a0122f,CHIN,group_0005,train
CHIN_813ba6e5d823057e,CHIN,group_0005,train
CHIN_72b6b435a0910cba,CHIN,group_0005,train
CHIN_8bc99ad127e36986,CHIN,group_0005,train
CHIN_7f578107de94ae33,CHIN,group_0005,train
CHIN_ebff8dd814b0e30d,CHIN,group_0006,train
CHIN_5e96eb45b53473d8,CHIN,group_0008,train
CHIN_6f0fc226dcac97e0,CHIN,group_0010,test
CHIN_95865e7aff35770d,CHIN,group_0010,test
CHIN_347c5b87a6218f43,CHIN,group_0010,test
CHIN_5a72ba4e9470db3b,CHIN,group_0010,test
CHIN_4c5f156d9cc89829,CHIN,group_0011,train
CHIN_845f263abdb730a3,CHIN,group_0011,train
CHIN_041bcc227cd53ba1,CHIN,group_0011,train
CHIN_532567826674af80,CHIN,group_0011,train
CHIN_7398738e11297691,CHIN,group_0012,train
CHIN_b10a121ad52a995a,CHIN,group_0012,train
CHIN_312a74a025dbb29e,CHIN,group_0013,train
CHIN_28ce20abf9be7e23,CHIN,group_0014,train
CHIN_0dd4c64ce8f39b0c,CHIN,group_0015,train
CHIN_fba1a86abad8c7a7,CHIN,group_0016,test
CHIN_71efee1581148a83,CHIN,group_0017,train
CHIN_80c12c16922655e6,CHIN,group_0018,train
CHIN_8eb17f66486b0cb3,CHIN,group_0019,train
CHIN_756380c51ed71de1,CHIN,group_0019,train
CHIN_765ae5aaa92eba4c,CHIN,group_0020,val
CHIN_0665f54cdc25bc86,CHIN,group_0021,train
CHIN_24c69819d9eb0ea3,CHIN,group_0021,train
CHIN_7f52b12dfe4fe133,CHIN,group_0021,train
CHIN_7a803da6ac58d221,CHIN,group_0021,train
CHIN_a63720d7766d7461,CHIN,group_0021,train
CHIN_8df27ebe669975c4,CHIN,group_0021,train
CHIN_33fec0705cfb277a,CHIN,group_0021,train
CHIN_a1e86caa5ea8ad7a,CHIN,group_0022,test
CHIN_037eac2ae9ec84b3,CHIN,group_0023,train
CHIN_79b92fd133c7aa25,CHIN,group_0024,train
CHIN_03da8349566fc478,CHIN,group_0025,train
CHIN_f93cc107dd51e45a,CHIN,group_0025,train
CHIN_5112515e92b132f5,CHIN,group_0026,train
CHIN_12300449726e7c4d,CHIN,group_0026,train
CHIN_f6dd7eecdc24d3c3,CHIN,group_0028,train
CHIN_71544cab6749d657,CHIN,group_0028,train
CHIN_101609e6a031b5b2,CHIN,group_0029,test
CHIN_31f753a6c5032426,CHIN,group_0029,test
CHIN_d09cbcfd88a8bdfb,CHIN,group_0030,test
CHIN_d42479337ed2ab90,CHIN,group_0030,test
CHIN_0f74c85e412d80b9,CHIN,group_0033,val
CHIN_ca0f2dc213c43b19,CHIN,group_0034,train
CHIN_8110991a73e48713,CHIN,group_0035,train
CHIN_be03a3bd16796038,CHIN,group_0039,train
CHIN_3b157ef6413ebd3b,CHIN,group_0039,train
CHIN_a61eedfc4b0326fc,CHIN,group_0040,val
CHIN_04e54383f38f765c,CHIN,group_0040,val
CHIN_bc4243d412e56afc,CHIN,group_0041,train
CHIN_73e1a314282c7e31,CHIN,group_0042,train
CHIN_a305212f1c632ac0,CHIN,group_0042,train
CHIN_f8eacba8473838ef,CHIN,group_0042,train
CHIN_f03aad61ac30b982,CHIN,group_0042,train
CHIN_f2eb436a00c8388f,CHIN,group_0042,train
CHIN_ed327955a26354f8,CHIN,group_0043,test
CHIN_5d2c28e9756edcc4,CHIN,group_0043,test
CHIN_81761ead4e5babcc,CHIN,group_0044,train
CHIN_eece7eddb47ce44c,CHIN,group_0044,train
CHIN_c7e63e408c4c9165,CHIN,group_0046,test
CHIN_30fa1007486e99c0,CHIN,group_0048,train
CHIN_0b96404ea31c5cc5,CHIN,group_0048,train
CHIN_887aeb65ed02a486,CHIN,group_0048,train
CHIN_a67bc4a756886582,CHIN,group_0049,train
CHIN_66b05ab570831b8a,CHIN,group_0049,train
CHIN_3ae2b7f708e898a3,CHIN,group_0049,train
CHIN_48fed281505db35a,CHIN,group_0049,train
CHIN_1da809bfbf2865bd,CHIN,group_0049,train
CHIN_39d26f4e365a3b6a,CHIN,group_0049,train
CHIN_f6588d529a4d5c83,CHIN,group_0049,train
CHIN_6de429ae4e16dc37,CHIN,group_0052,val
CHIN_8d5285e73ae7443e,CHIN,group_0055,train
CHIN_a4b9b499b72e0971,CHIN,group_0056,train
CHIN_ca43f16bb916c0f9,CHIN,group_0057,test
CHIN_fc815dfb8c7f111c,CHIN,group_0058,train
CHIN_ca2ad0322ec77659,CHIN,group_0058,train
CHIN_c194cc436f91eadf,CHIN,group_0058,train
CHIN_080a3fd4b9cab15f,CHIN,group_0058,train
CHIN_b62b5345635fb8d8,CHIN,group_0059,test
CHIN_20739850c2069452,CHIN,group_0059,test
CHIN_9c9130eaf8d782b3,CHIN,group_0060,train
CHIN_db627b41dbbead17,CHIN,group_0061,train
CHIN_a8c0513faced91e6,CHIN,group_0061,train
CHIN_bdc62f0b6d196924,CHIN,group_0063,val
CHIN_d45c7c6f4a11fa68,CHIN,group_0064,train
CHIN_a836f1c637e50e10,CHIN,group_0064,train
CHIN_76e05e2f594dedf6,CHIN,group_0064,train
CHIN_65f6e92014e70d27,CHIN,group_0064,train
CHIN_bc406ed7cc5a05e9,CHIN,group_0065,test
CHIN_43f7d66b2dcd0645,CHIN,group_0066,train
CHIN_db385658b1636eac,CHIN,group_0067,train
CHIN_a11de8d01a5ecd10,CHIN,group_0067,train
CHIN_437d690d7167424d,CHIN,group_0068,val
CHIN_ea1e5b49df376026,CHIN,group_0073,val
CHIN_c6c62ce7bb03095b,CHIN,group_0074,test
CHIN_4fb329424e3dad09,CHIN,group_0074,test
CHIN_0aff14c0f8d8b7e0,CHIN,group_0075,train
CHIN_1181d296a9d4466d,CHIN,group_0076,train
CHIN_2f14634f1542e0cf,CHIN,group_0077,train
CHIN_2a056e8d00f0d57e,CHIN,group_0077,train
CHIN_1b43b15c8ca43bcc,CHIN,group_0078,test
CHIN_413c7aed4a1f2e45,CHIN,group_0078,test
CHIN_e79e0f2a30775d13,CHIN,group_0079,train
CHIN_75bef55d7e6d8415,CHIN,group_0080,train
CHIN_3316498dc3a118cd,CHIN,group_0081,val
CHIN_ac3eded02b4ccf68,CHIN,group_0082,train
CHIN_ae3487f724c72e24,CHIN,group_0082,train
CHIN_9336b6dd24567a55,CHIN,group_0083,train
CHIN_4c5b118b76314438,CHIN,group_0083,train
CHIN_27fcb8c59cdd19ed,CHIN,group_0083,train
CHIN_cb62ec523cd9aabf,CHIN,group_0083,train
CHIN_4bd6df699a4a442d,CHIN,group_0083,train
CHIN_6a1a24c637d17f3b,CHIN,group_0083,train
CHIN_aafbbc0179d18cd3,CHIN,group_0083,train
CHIN_ca9b1395fa31ca60,CHIN,group_0083,train
CHIN_838823b66ebc9485,CHIN,group_0083,train
CHIN_efd3b9f350308704,CHIN,group_0084,val
CHIN_7342c9e2862bcb5d,CHIN,group_0086,val
CHIN_ce6a7185cf5fa235,CHIN,group_0086,val
CHIN_1c70d1a650016e04,CHIN,group_0086,val
CHIN_2d7af64b36b410f4,CHIN,group_0086,val
CHIN_a291d6c5e031b26b,CHIN,group_0087,train
CHIN_adea01451cb1d0a7,CHIN,group_0087,train
CHIN_c6b545edf6771073,CHIN,group_0087,train
CHIN_21ff4711ee55e68c,CHIN,group_0087,train
CHIN_170b0a1b9643a8db,CHIN,group_0089,test
CHIN_a50686a688e4cb02,CHIN,group_0089,test
CHIN_57f596abaeaccae4,CHIN,group_0090,train
CHIN_072974e2927b123b,CHIN,group_0090,train
CHIN_13ce252fbae0cbfe,CHIN,group_0091,train
CHIN_dd92f5d829bb4be0,CHIN,group_0092,train
CHIN_91904b7e5910e56c,CHIN,group_0092,train
CHIN_0d7c2ca69d1c63c8,CHIN,group_0092,train
CHIN_8996a4742f03d7bd,CHIN,group_0094,train
CHIN_ec6956bb3f5f4be0,CHIN,group_0095,train
CHIN_d39507f936616600,CHIN,group_0096,val
CHIN_22e07f81f47f41b7,CHIN,group_0096,val
CHIN_a5786a3ebf4f757f,CHIN,group_0096,val
CHIN_7166ae9780b2f33d,CHIN,group_0096,val
CHIN_dc7847370035ae4b,CHIN,group_0096,val
CHIN_327765acd5ab2895,CHIN,group_0096,val
CHIN_bfb5f6f7a0a0aa2e,CHIN,group_0100,train
CHIN_7c7199f99f57f610,CHIN,group_0102,test
CHIN_d1bcd25223375bb6,CHIN,group_0105,val
CHIN_31f41fb4b7695a7a,CHIN,group_0107,test
CHIN_63b64d89cb555a98,CHIN,group_0107,test
CHIN_f37a01bb149bdd2c,CHIN,group_0108,train
CHIN_78a1a7d17ac8e4e2,CHIN,group_0109,test
CHIN_776dbab456673217,CHIN,group_0109,test
CHIN_fa05997ad11be666,CHIN,group_0109,test
CHIN_58d99e489f853d61,CHIN,group_0109,test
CHIN_c51ed1b8c285d019,CHIN,group_0110,val
CHIN_0f07f9fdd2a69572,CHIN,group_0111,train
CHIN_1f7c5c2fafc1afc3,CHIN,group_0113,train
CHIN_f18d969785c78f39,CHIN,group_0114,train
CHIN_c2a33174c23c2960,CHIN,group_0114,train
CHIN_f5a8f41398ecafac,CHIN,group_0116,train
CHIN_4f3e820755d8686d,CHIN,group_0119,train
CHIN_7547f8c089f6bd2d,CHIN,group_0119,train
CHIN_093ecf60a3c47f13,CHIN,group_0119,train
CHIN_6c72f6379b7c7f83,CHIN,group_0119,train
CHIN_bedc2ff69136d27c,CHIN,group_0119,train
CHIN_faf91596d8b88128,CHIN,group_0122,test
CHIN_bae49c2f837ce4c1,CHIN,group_0123,val
CHIN_d0ab3e0d05bbc705,CHIN,group_0124,train
CHIN_1886affd5bea50b1,CHIN,group_0124,train
CHIN_409ced35971a8cee,CHIN,group_0124,train
CHIN_57ae8a9564d86914,CHIN,group_0124,train
CHIN_d00f6b0d05aa0dba,CHIN,group_0124,train
CHIN_5fda4207a4e790f9,CHIN,group_0124,train
CHIN_6575437f6319ebfd,CHIN,group_0125,train
CHIN_0a55e534fdc7545d,CHIN,group_0126,val
CHIN_ee3355b18d634b8e,CHIN,group_0127,train
CHIN_9549903c064709e2,CHIN,group_0127,train
CHIN_f1c1419569298f23,CHIN,group_0127,train
CHIN_e60512525b58312d,CHIN,group_0128,test
CHIN_9461e74755c3f236,CHIN,group_0129,train
CHIN_23a574b35aa4cad2,CHIN,group_0130,val
CHIN_890c4e23088449cc,CHIN,group_0131,val
CHIN_0134e150bffadd1b,CHIN,group_0133,val
CHIN_5b1d05bc659d52ce,CHIN,group_0136,test
CHIN_db88dbeee4f734c5,CHIN,group_0136,test
CHIN_5d54f5e6e2eeaaf5,CHIN,group_0137,train
CHIN_276dc2f80d3fd17b,CHIN,group_0137,train
CHIN_597d783bf467e297,CHIN,group_0137,train
CHIN_c4faaae576113acc,CHIN,group_0137,train
CHIN_07ca371a77ef3fd4,CHIN,group_0138,val
CHIN_f9636cb1066c7698,CHIN,group_0138,val
CHIN_5fb265845cdfb063,CHIN,group_0138,val
CHIN_8f4f3c87efab8e46,CHIN,group_0138,val
CHIN_a0a5873995d492e4,CHIN,group_0139,train
CHIN_27ec42e89ade22e5,CHIN,group_0140,val
CHIN_9d5f1985493ba5cc,CHIN,group_0141,train
CHIN_17d8930e9adab5f0,CHIN,group_0142,train
CHIN_71cfdc3af27cb741,CHIN,group_0143,test
CHIN_cfc9f22558808905,CHIN,group_0144,train
CHIN_f860adadaee690b7,CHIN,group_0144,train
CHIN_9f11e380cfc90784,CHIN,group_0145,train
CHIN_9d23c5f02dd7374e,CHIN,group_0146,train
CHIN_98acb48ba1e7481b,CHIN,group_0146,train
CHIN_20cbe6301103e773,CHIN,group_0146,train
CHIN_4be9a90f7551ea66,CHIN,group_0146,train
CHIN_b70b5bec64024ebb,CHIN,group_0146,train
CHIN_8cf1c5b9776a09cc,CHIN,group_0146,train
CHIN_de804d8b4eb4fa33,CHIN,group_0146,train
CHIN_7480d77a14ad4716,CHIN,group_0146,train
CHIN_3ed028798e697d9f,CHIN,group_0146,train
CHIN_2162125d7d40a72a,CHIN,group_0146,train
CHIN_4290884d21f50f71,CHIN,group_0146,train
CHIN_b60bcb6a563a796c,CHIN,group_0147,train
CHIN_4c746ab4abe6056d,CHIN,group_0147,train
CHIN_12faf31bfcc0dac1,CHIN,group_0149,val
CHIN_ffb342e7762c971b,CHIN,group_0150,train
CHIN_1eda231c69a32156,CHIN,group_0150,train
CHIN_7993abe94866773d,CHIN,group_0154,train
CHIN_74d847ba17a94412,CHIN,group_0154,train
CHIN_a93b99b46d39efb8,CHIN,group_0154,train
CHIN_e5de6e56d385e2ef,CHIN,group_0156,train
CHIN_7be712b5421ea380,CHIN,group_0156,train
CHIN_992805e6506de16e,CHIN,group_0157,val
CHIN_c1610920a984ce60,CHIN,group_0157,val
CHIN_40431770bb3161b3,CHIN,group_0158,train
CHIN_155c0872526c85bb,CHIN,group_0159,train
CHIN_08c97d9eff842e36,CHIN,group_0160,train
CHIN_d2f86a32da053e28,CHIN,group_0161,train
CHIN_016dd7404328fa8e,CHIN,group_0162,train
CHIN_278875092b882687,CHIN,group_0163,train
CHIN_e1d457f01594d475,CHIN,group_0164,train
CHIN_05391e6f08c9897f,CHIN,group_0165,val
CHIN_c36249e67a41eb04,CHIN,group_0166,train
CHIN_58e00648c4307690,CHIN,group_0166,train
CHIN_42b69aefb1e2f90e,CHIN,group_0167,val
CHIN_2cf23c80facc9bd4,CHIN,group_0168,train
CHIN_e2127c2e68c0c686,CHIN,group_0168,train
CHIN_2f0656ffb562f4fc,CHIN,group_0169,train
CHIN_4b3800cf2fefec7c,CHIN,group_0170,train
CHIN_487a371c98e2d168,CHIN,group_0170,train
CHIN_4cef58bf54385ad0,CHIN,group_0170,train
CHIN_4512d3902e0a850f,CHIN,group_0170,train
CHIN_34efc001937deb79,CHIN,group_0171,train
CHIN_aa90853f07faf5ba,CHIN,group_0172,val
CHIN_6230ca4ce9b8e644,CHIN,group_0173,train
CHIN_67d1ad42ef37c115,CHIN,group_0174,train
CHIN_623e8fe7b2afd1a8,CHIN,group_0175,test
OPCID_a48ec8c6b5e6e38b,OPCID,group_0001,train
OPCID_eaf35ae5cddf4c0d,OPCID,group_0002,test
OPCID_a3c7ad9c66cf12f1,OPCID,group_0003,test
OPCID_07d051796dc7059b,OPCID,group_0004,train
OPCID_ef9d936de4b62940,OPCID,group_0006,train
OPCID_1612f8f2ea7e9f06,OPCID,group_0007,val
OPCID_4c1cd6d81f6b0f95,OPCID,group_0007,val
OPCID_d003e176e8d23c63,OPCID,group_0007,val
OPCID_36e0565260f2141f,OPCID,group_0009,train
OPCID_392028707b8a2532,OPCID,group_0012,train
OPCID_4421803242064dec,OPCID,group_0015,train
OPCID_10f9269e6bda4947,OPCID,group_0024,train
OPCID_9dc38e719d08f155,OPCID,group_0027,test
OPCID_69a72fb00fdc2938,OPCID,group_0031,train
OPCID_17d26e5c8bdd11fa,OPCID,group_0032,train
OPCID_b1757a56703936d1,OPCID,group_0036,train
OPCID_a6f2fecc54bc432d,OPCID,group_0037,test
OPCID_9ac65fd4bf038173,OPCID,group_0038,test
OPCID_430b7c0bb5fc530a,OPCID,group_0045,test
OPCID_0f71385a399dc767,OPCID,group_0047,train
OPCID_304b6ccbb191eb65,OPCID,group_0049,train
OPCID_7a866c11603150e7,OPCID,group_0050,train
OPCID_3045d21bebe98beb,OPCID,group_0051,test
OPCID_414cf80847bd9929,OPCID,group_0053,train
OPCID_129f719ef537ae3f,OPCID,group_0054,val
OPCID_fa9e2c77b6424ea9,OPCID,group_0069,train
OPCID_1734fe040179910f,OPCID,group_0070,train
OPCID_029d6f79d3b495d7,OPCID,group_0071,train
OPCID_33579465745b0522,OPCID,group_0072,train
OPCID_ae970230ebbec9d2,OPCID,group_0075,train
OPCID_9d9e69ad0ce51f11,OPCID,group_0085,train
OPCID_8d5d9994a513fc11,OPCID,group_0088,train
OPCID_c4aea9eca44028ce,OPCID,group_0090,train
OPCID_3a4aa0d0d21262a8,OPCID,group_0092,train
OPCID_33b4f3a14ebbc59e,OPCID,group_0092,train
OPCID_6abc058ae2242c3c,OPCID,group_0093,train
OPCID_c0709bc7c08ec44f,OPCID,group_0097,val
OPCID_c8522caa8fd83322,OPCID,group_0097,val
OPCID_630c92ecf870fece,OPCID,group_0098,train
OPCID_adee45e8dfb40894,OPCID,group_0099,train
OPCID_079060fd1545272e,OPCID,group_0101,test
OPCID_3808275a8edee593,OPCID,group_0102,test
OPCID_e946d7d808213e3f,OPCID,group_0103,train
OPCID_ee3461cf21068a4c,OPCID,group_0104,train
OPCID_210f8ff672fa4c9a,OPCID,group_0106,train
OPCID_e04790b97d37c16e,OPCID,group_0112,train
OPCID_149d0308ae463e46,OPCID,group_0115,train
OPCID_8429a777f942f05d,OPCID,group_0117,train
OPCID_bb60f5d218faa929,OPCID,group_0118,train
OPCID_dee7d45a8897305b,OPCID,group_0120,val
OPCID_ad7cb00f8c882c61,OPCID,group_0121,train
OPCID_b7f0a78b5bc75834,OPCID,group_0122,test
OPCID_725a69a69963ad59,OPCID,group_0127,train
OPCID_3b8eefccce2e36fc,OPCID,group_0132,train
OPCID_5c038f6d802a0373,OPCID,group_0134,train
OPCID_3ca243441c0a5a91,OPCID,group_0135,train
OPCID_6e5625e30f0c3e40,OPCID,group_0135,train
OPCID_f124da0b3913d5c3,OPCID,group_0137,train
OPCID_a2fcb5ddde5dbcf6,OPCID,group_0142,train
OPCID_7a387ab67a4e089c,OPCID,group_0148,train
OPCID_22365f72e65106b5,OPCID,group_0151,val
OPCID_092946eccc52a81c,OPCID,group_0152,train
OPCID_f235f321095064d1,OPCID,group_0153,train
OPCID_52757c7e517094bd,OPCID,group_0155,train
OPCID_4a51b9db831f2860,OPCID,group_0157,val
OPCID_b9f55508e75e487b,OPCID,group_0159,train
OPCID_1d111d2805e7745b,OPCID,group_0166,train
OPCID_54d272e23bb92a3b,OPCID,group_0172,val
CHID_10c0edbfd02353c9,CHID,group_0005,train
CHID_d5d6186c6918f2bb,CHID,group_0012,train
CHID_21f48d066f082128,CHID,group_0021,train
CHID_85b41ba2b9c36824,CHID,group_0022,test
CHID_c16193a866007239,CHID,group_0035,train
CHID_ddb48e888603fa31,CHID,group_0042,train
CHID_9ee02f36e2c46f9c,CHID,group_0049,train
CHID_98a77fbf535246a2,CHID,group_0062,val
CHID_5977802645c5a666,CHID,group_0064,train
CHID_2ca33fd28f8ff17d,CHID,group_0074,test
CHID_e99742d9fb1834b2,CHID,group_0083,train
CHID_3dbc3a51ad1f4a2e,CHID,group_0087,train
CHID_22cd1a298e3f8de6,CHID,group_0092,train
CHID_a3539b4c5da95bec,CHID,group_0096,val
CHID_242423613227795b,CHID,group_0107,test
CHID_bb5176753cf7c269,CHID,group_0109,test
CHID_f834d1ac36e1b8fa,CHID,group_0119,train
CHID_0fd794b4635bec68,CHID,group_0124,train
CHID_73f567423cf41748,CHID,group_0137,train
CHID_f06b787cca3dcb95,CHID,group_0138,val
CHID_829be93d3f3a9719,CHID,group_0144,train
CHID_2dad41c5a944685a,CHID,group_0146,train
CHID_719d61be1e7fecf1,CHID,group_0154,train
CHID_0def30026dacfa28,CHID,group_0168,train
CHID_52339c707e099308,CHID,group_0170,train
CHID_299eef69ee510b9f,CHID,group_0172,val
